dataset,label,method,autocorrBpm,periodicity,internalReferenceBpm,referencePeakBpm,referencePeriodicity,referenceRelativeError,windowBpmCv,templateQuality,rrCv,respLeakPercent,heartBandPercent,detailPercent,noisePercent,rms
chest_175614,胸前固定,app_diff,40.54054054054054,0.09038268126920193,76.22351,75.0,0.07226318380427445,0.016051609273831716,0.2573124603401881,0.40136732016719406,0.29368677322323217,7.799596573703528,81.61594402910143,2.874479678814805,0.3018638783943641,62.949568081903266
chest_175614,胸前固定,wang_diff,78.94736842105263,0.451518448450021,76.22351,78.94736842105263,0.451518448450021,0.0357351481328087,0.17746832823376474,0.193091072869553,0.2798528986890115,0.4131243275222531,48.455565315858,46.70326903402383,4.596263631810824,20.995072226921874
chest_175614,胸前固定,tuned,78.94736842105263,0.674682929118155,76.22351,78.94736842105263,0.674682929118155,0.0357351481328087,0.20892335157986774,0.10418325620762897,0.29198668636573905,1.0107329331835757,39.99075712516956,46.217703947924214,15.94642163588244,16.886101350685202
chest_175614,胸前固定,wang_fir,54.54545454545455,0.21349921984909068,76.22351,73.17073170731707,0.09004255553719426,0.04005035051105532,0.17135301993300858,0.6515268187730574,0.14183833449157615,0.02676172589592085,92.04120642547032,6.7722870578261145e-09,3.035822792208184e-11,36.36760289324237
chest_175614,胸前固定,app_clean,71.42857142857143,0.1461641090144214,76.22351,73.17073170731707,0.14499901557168593,0.04005035051105532,0.1959980940774726,0.39486145863852884,0.26468998073907357,0.7295305895263493,93.64175754132904,0.7328345569428422,7.801098079249245e-06,33.083492793787784
abdomen_195248,腹部,app_diff,115.38461538461539,0.5035217819830645,70.690445,71.42857142857143,0.27192879661482366,0.010441671835160095,0.0,0.28060755263615256,0.2762469460695276,76.27840265622565,17.902561400267384,0.40886630512733974,0.13947511204192126,98.89615526549655
abdomen_195248,腹部,wang_diff,88.23529411764706,0.6165952886054289,70.690445,71.42857142857143,0.572732058206796,0.010441671835160095,0.1235382368016535,0.09862765562918432,0.3028925766255247,16.690781497949096,43.20713178750671,32.63214199886127,9.69831595572522,17.844161158747827
abdomen_195248,腹部,tuned,100.0,0.7427849670034403,70.690445,71.42857142857143,0.7129491901161946,0.010441671835160095,0.07804390090397337,0.1457902950957991,0.2896501110535144,30.412669311604446,25.229726343526686,26.55698884391634,23.260302061147108,16.088200325300036
abdomen_195248,腹部,wang_fir,50.847457627118644,0.4840301502640845,70.690445,68.18181818181819,0.0,0.03548749506643804,0.04456692963217079,0.14670401990944243,0.17820184155690036,0.04287566014230358,83.68548011786706,9.129402885787252e-09,5.032175902895195e-11,31.25598843298826
abdomen_195248,腹部,app_clean,50.0,0.19797199050773004,70.690445,68.18181818181819,0.0,0.03548749506643804,0.08085207184656971,0.5349064699332071,0.3312259888698779,4.330467498481924,81.07021604082284,0.38215272389801735,1.272906459731487e-05,25.74720631007894
chairback_155119,坐姿椅背,app_diff,50.0,0.0711269426038276,75.77764,75.0,0.03255221169219232,0.01026213009536857,0.190510610486888,0.257339628901465,0.29975055187775407,20.779842764052628,68.66422514273009,1.8697453682656844,0.31726746727690414,65.4315423464577
chairback_155119,坐姿椅背,wang_diff,48.38709677419355,0.512889862672468,75.77764,75.0,0.4928054308872392,0.01026213009536857,0.3576744826523081,0.17158116489226904,0.2627505342600058,1.6006836554137795,48.68728801685675,43.84843727034761,7.083116937238206,18.985554661186992
chairback_155119,坐姿椅背,tuned,48.38709677419355,0.699371048124189,75.77764,75.0,0.6893851639722826,0.01026213009536857,0.34692073410066354,0.09371004957890357,0.2812062955891795,3.5951937386504875,38.27673142319057,40.969349713615,22.380623064873536,15.959482933164978
chairback_155119,坐姿椅背,wang_fir,52.63157894736842,0.3357729664123586,75.77764,71.42857142857143,0.047903995035487715,0.057392504852731945,0.19996923911171136,0.5188740675357166,0.15705694991422375,0.023010046209162593,92.32412392308301,8.147170541293189e-09,4.1840498823413933e-11,37.219608038857224
chairback_155119,坐姿椅背,app_clean,50.847457627118644,0.11700636343887288,75.77764,71.42857142857143,0.07967873825745499,0.057392504852731945,0.17865396656649726,0.35431404343796924,0.3059175218156306,1.5728067435230337,91.84773419238414,0.6007756639623628,9.427278916791084e-06,32.343157372697334
desk_195115,桌面无人,app_diff,75.0,0.15614646379128108,,,,,0.2982456140350877,0.43997166028674084,0.3156272535970142,5.755619433968046,86.13028684588797,3.8256230859193914,1.5754302093404953,25.96064179989955
desk_195115,桌面无人,wang_diff,75.0,0.3769650357042477,,,,,0.12727272727272723,0.17634354888548132,0.2683053590592956,0.2507990961655831,32.71013027470794,56.625074592554135,19.570572035514875,9.949480381098457
desk_195115,桌面无人,tuned,100.0,0.48864924183563696,,,,,0.14285714285714285,0.1431138327246404,0.25126381750061066,0.42129125797808525,19.73117963862616,50.74781962735584,46.006328114813336,8.554660434474515
desk_195115,桌面无人,wang_fir,69.76744186046511,0.2040727824394112,,,,,0.03092783505154641,0.3489335580151728,0.18743295914496796,0.014214306922383398,97.84235321796373,3.4530385786218073e-09,5.1146062484517736e-11,14.804320200508958
desk_195115,桌面无人,app_clean,73.17073170731707,0.20564586920818156,,,,,0.05882352941176466,0.37834711335690363,0.30234737048450605,0.5706462659820501,96.93551255542549,0.5687195352298623,2.8568882541373184e-05,13.880570873488658
desk_203107,桌面无人2,app_diff,75.0,0.543351771585581,,,,,,0.23682671053461776,0.27172905540043146,6.0629223901916625,73.33480827928156,10.030040272690698,8.735544251649179,16.107897680968932
desk_203107,桌面无人2,wang_diff,75.0,0.6911358860345947,,,,,,0.14689114273041998,0.24363915355958798,0.09305370163365431,18.537340888544403,58.210697451732095,38.69085589086741,11.509814933365101
desk_203107,桌面无人2,tuned,75.0,0.7363669729249496,,,,,,0.14591988251091328,0.2587345869036214,0.12208294675366035,7.69070148703758,40.579759083237796,72.64555897235266,10.967293451981027
desk_203107,桌面无人2,wang_fir,50.0,0.2788360680862323,,,,,,0.3663913152051438,0.13470719642537898,0.022277498359630644,86.6619721472844,3.74935715285639e-09,4.06284693829442e-10,4.987085622061964
desk_203107,桌面无人2,app_clean,75.0,0.40301922209403235,,,,,,0.46313843985669506,0.28796284858577387,0.5407489240578559,93.21093777580656,1.8298797840489684,0.0003114634709351775,6.161723228393821
desk_203202,桌面无人3,app_diff,71.42857142857143,0.6634320465743244,,,,,0.023183828891362196,0.16638595796071304,0.2680498722127725,6.742789270216175,77.35658711722832,8.965316133064988,7.011533551198511,20.303194261167263
desk_203202,桌面无人3,wang_diff,48.38709677419355,0.8697358801131388,,,,,0.1767766952966369,0.09481464771488962,0.26401719989389094,0.1297364746461304,20.103588615680422,61.87730187250887,39.44975309320464,16.63344962938291
desk_203202,桌面无人3,tuned,46.875,0.9001998844469787,,,,,0.2273895503349895,0.1171012626621755,0.2611842531388501,0.17718107292468938,8.96843400359519,48.392564800479306,73.49486593489507,16.29629897151771
desk_203202,桌面无人3,wang_fir,57.69230769230769,0.3489080551661996,,,,,0.039691748146719004,0.22468191436741736,0.18314724410926553,0.010598930543952806,95.29985605028305,8.223191280919815e-09,2.8713065262589584e-10,5.721096440125845
desk_203202,桌面无人3,app_clean,73.17073170731707,0.34445364403075746,,,,,0.023183828891362196,0.4138706298351853,0.268754476448286,0.6687591533846771,95.35912742044839,1.4092947722948566,0.00016660084131629813,6.3016394221257865
