key,points,delay,lowpassHz,score
ma6_delay3_lpnone,6,3,,0.32462847793106253
ma6_delay2_lpnone,6,2,,0.3241326019140384
ma8_delay4_lpnone,8,4,,0.31297084813575476
ma8_delay3_lpnone,8,3,,0.31196110312891534
ma10_delay4_lpnone,10,4,,0.2963423454757635
ma10_delay5_lpnone,10,5,,0.28862206086182474
ma12_delay5_lpnone,12,5,,0.28798895726236406
ma14_delay6_lpnone,14,6,,0.281566706854609
ma12_delay6_lpnone,12,6,,0.27805541843278236
ma14_delay7_lpnone,14,7,,0.26972840639015183
ma16_delay7_lpnone,16,7,,0.2503851414318726
ma16_delay8_lpnone,16,8,,0.2455839556858103
ma20_delay9_lpnone,20,9,,0.22616946112004774
ma20_delay10_lpnone,20,10,,0.22586650957220064
ma12_delay6_lp8.0,12,6,8.0,0.2138307924519139
ma12_delay6_lp10.0,12,6,10.0,0.2128852890894097
ma14_delay7_lp12.0,14,7,12.0,0.21252866945259227
ma12_delay5_lp8.0,12,5,8.0,0.2102013271161403
ma12_delay5_lp10.0,12,5,10.0,0.20941281895259642
ma10_delay4_lp8.0,10,4,8.0,0.20788386901271474
ma10_delay4_lp10.0,10,4,10.0,0.2076414598011704
ma14_delay6_lp10.0,14,6,10.0,0.20735748891707645
ma10_delay5_lp8.0,10,5,8.0,0.203354133113004
ma10_delay5_lp10.0,10,5,10.0,0.20123389740724953
ma14_delay6_lp12.0,14,6,12.0,0.20049261699821283
ma14_delay7_lp10.0,14,7,10.0,0.19980127858081007
ma10_delay4_lp12.0,10,4,12.0,0.19670966201100698
ma8_delay4_lp10.0,8,4,10.0,0.19649085156746116
ma10_delay5_lp12.0,10,5,12.0,0.19617684320002973
ma12_delay5_lp12.0,12,5,12.0,0.19616866733810204
ma8_delay3_lp10.0,8,3,10.0,0.19415514183709195
ma16_delay7_lp10.0,16,7,10.0,0.1937819020863555
ma12_delay6_lp12.0,12,6,12.0,0.193593967306427
ma16_delay8_lp12.0,16,8,12.0,0.19353146198265977
ma14_delay5_lpnone,14,5,,0.1922589332792372
ma12_delay4_lpnone,12,4,,0.19112010278181824
ma20_delay10_lp12.0,20,10,12.0,0.19098517005569812
ma8_delay4_lp8.0,8,4,8.0,0.19059419093879676
ma8_delay4_lp12.0,8,4,12.0,0.18915249404959736
ma14_delay7_lp6.0,14,7,6.0,0.18848885307761815
ma20_delay10_lp8.0,20,10,8.0,0.18830272097498985
ma14_delay6_lp8.0,14,6,8.0,0.18788241862642657
ma20_delay10_lp10.0,20,10,10.0,0.18735640441360335
ma8_delay3_lp8.0,8,3,8.0,0.18657401520486822
ma20_delay9_lp8.0,20,9,8.0,0.18643987843823343
ma20_delay9_lp6.0,20,9,6.0,0.18601308050249782
ma16_delay8_lp10.0,16,8,10.0,0.18589754207728743
ma14_delay6_lp6.0,14,6,6.0,0.18560296380465147
ma16_delay6_lpnone,16,6,,0.18551408580435869
ma12_delay5_lp6.0,12,5,6.0,0.18511498493931763
ma14_delay7_lp8.0,14,7,8.0,0.18496598496060895
ma14_delay8_lpnone,14,8,,0.1839512847945068
ma6_delay2_lp8.0,6,2,8.0,0.1813935690638625
ma12_delay5_lp4.0,12,5,4.0,0.18131810387341338
ma8_delay4_lp6.0,8,4,6.0,0.1813106965039645
ma20_delay9_lp10.0,20,9,10.0,0.18083931262317832
ma12_delay6_lp6.0,12,6,6.0,0.18053846537020135
ma20_delay11_lpnone,20,11,,0.17995859789366753
ma10_delay5_lp6.0,10,5,6.0,0.17958946674757653
ma8_delay3_lp12.0,8,3,12.0,0.17918163590985903
ma20_delay9_lp12.0,20,9,12.0,0.17914283644083076
ma16_delay7_lp12.0,16,7,12.0,0.1787397309538982
ma10_delay4_lp6.0,10,4,6.0,0.1784625954004544
ma12_delay6_lp4.0,12,6,4.0,0.1776798033812987
ma16_delay8_lp8.0,16,8,8.0,0.17635051376021335
ma14_delay6_lp4.0,14,6,4.0,0.1753204365526432
ma6_delay3_lp8.0,6,3,8.0,0.17391640832664385
ma12_delay7_lpnone,12,7,,0.1734852242434285
ma16_delay7_lp8.0,16,7,8.0,0.17301238950205763
ma10_delay4_lp4.0,10,4,4.0,0.17161547858690995
ma10_delay5_lp4.0,10,5,4.0,0.17137297133566648
ma16_delay9_lpnone,16,9,,0.1711204570814528
ma14_delay7_lp4.0,14,7,4.0,0.16932544184802792
ma16_delay8_lp6.0,16,8,6.0,0.16615935904983606
ma20_delay8_lpnone,20,8,,0.1658748866439683
ma20_delay10_lp6.0,20,10,6.0,0.16514519934051172
ma16_delay7_lp6.0,16,7,6.0,0.1648773316148961
ma6_delay3_lp10.0,6,3,10.0,0.15926332547081118
ma6_delay3_lp12.0,6,3,12.0,0.1577190465682045
ma6_delay2_lp12.0,6,2,12.0,0.15653143048686105
ma8_delay3_lp6.0,8,3,6.0,0.15630389375943726
ma16_delay7_lp4.0,16,7,4.0,0.1545624967926341
ma20_delay11_lp6.0,20,11,6.0,0.15454666971007575
ma6_delay2_lp10.0,6,2,10.0,0.15433186159308487
ma20_delay11_lp8.0,20,11,8.0,0.1525326837653414
ma20_delay8_lp8.0,20,8,8.0,0.15180426992319676
ma20_delay11_lp12.0,20,11,12.0,0.15026785086703845
ma16_delay6_lp12.0,16,6,12.0,0.14936480302213268
ma20_delay11_lp10.0,20,11,10.0,0.1493429725313564
ma8_delay3_lp4.0,8,3,4.0,0.1477090696348476
ma14_delay5_lp12.0,14,5,12.0,0.14740696070873535
ma16_delay6_lp10.0,16,6,10.0,0.14693895093808876
ma6_delay3_lp6.0,6,3,6.0,0.14671497506479203
ma8_delay4_lp4.0,8,4,4.0,0.14611316505137334
ma20_delay8_lp6.0,20,8,6.0,0.14606875623521703
ma8_delay2_lpnone,8,2,,0.14582232845604104
ma20_delay8_lp10.0,20,8,10.0,0.14535607661235217
ma20_delay8_lp12.0,20,8,12.0,0.1450697824331168
ma10_delay3_lpnone,10,3,,0.14402429296385816
ma16_delay6_lp8.0,16,6,8.0,0.14194907365048
ma10_delay6_lpnone,10,6,,0.1384308515868376
ma20_delay10_lp4.0,20,10,4.0,0.13809295724354154
ma16_delay9_lp8.0,16,9,8.0,0.13761531585036288
ma14_delay5_lp8.0,14,5,8.0,0.1371983320499897
ma12_delay7_lp10.0,12,7,10.0,0.13713941112875516
ma6_delay2_lp6.0,6,2,6.0,0.13667866792639405
ma16_delay9_lp10.0,16,9,10.0,0.13637444263381582
ma14_delay5_lp10.0,14,5,10.0,0.13595213349855273
ma16_delay9_lp12.0,16,9,12.0,0.13583933104569013
ma6_delay1_lpnone,6,1,,0.1357966256590527
ma20_delay9_lp4.0,20,9,4.0,0.13572712595952494
ma6_delay4_lpnone,6,4,,0.13497276262658103
ma12_delay4_lp12.0,12,4,12.0,0.13463042388726973
ma8_delay5_lpnone,8,5,,0.13352764351063962
ma14_delay8_lp12.0,14,8,12.0,0.13325358775075802
ma16_delay8_lp4.0,16,8,4.0,0.13262786057988635
ma14_delay8_lp10.0,14,8,10.0,0.13261890122603917
ma14_delay5_lp6.0,14,5,6.0,0.13258677305438993
ma16_delay6_lp6.0,16,6,6.0,0.13219293877891103
ma14_delay8_lp8.0,14,8,8.0,0.13081538858792974
ma12_delay7_lp12.0,12,7,12.0,0.1299232422734693
ma20_delay11_lp4.0,20,11,4.0,0.12878466823272536
ma20_delay8_lp4.0,20,8,4.0,0.12438564742760833
ma16_delay9_lp6.0,16,9,6.0,0.12240541817572129
ma12_delay7_lp8.0,12,7,8.0,0.12185587939834311
ma14_delay8_lp6.0,14,8,6.0,0.12133292903410509
ma12_delay4_lp10.0,12,4,10.0,0.11608208624471084
ma6_delay2_lp4.0,6,2,4.0,0.11349258819646725
ma12_delay7_lp6.0,12,7,6.0,0.1131106235165392
ma16_delay9_lp4.0,16,9,4.0,0.11223952027351898
ma10_delay6_lp8.0,10,6,8.0,0.11201212567540403
ma12_delay4_lp6.0,12,4,6.0,0.11184766728179243
ma10_delay6_lp12.0,10,6,12.0,0.11139642226530927
ma12_delay4_lp8.0,12,4,8.0,0.10881477518161681
ma16_delay6_lp4.0,16,6,4.0,0.10655529339677593
ma10_delay6_lp10.0,10,6,10.0,0.10006888212141492
ma20_delay12_lp12.0,20,12,12.0,0.09648392723088875
ma10_delay6_lp6.0,10,6,6.0,0.09381821560849381
ma10_delay3_lp8.0,10,3,8.0,0.09336378640577402
ma20_delay12_lp8.0,20,12,8.0,0.09226017115444732
ma14_delay5_lp4.0,14,5,4.0,0.09185909919797146
ma14_delay4_lpnone,14,4,,0.09160264952038824
ma10_delay3_lp10.0,10,3,10.0,0.09023003772344693
ma20_delay12_lp10.0,20,12,10.0,0.08906044826094561
ma10_delay3_lp12.0,10,3,12.0,0.08878045377333221
ma6_delay3_lp4.0,6,3,4.0,0.0880947802196546
ma20_delay12_lpnone,20,12,,0.0851606113265582
ma16_delay10_lpnone,16,10,,0.08300510254755675
ma14_delay8_lp4.0,14,8,4.0,0.08246378685808205
ma10_delay2_lpnone,10,2,,0.07762550303248131
ma12_delay4_lp4.0,12,4,4.0,0.07674820563665341
ma10_delay3_lp6.0,10,3,6.0,0.07393972603993111
ma12_delay8_lpnone,12,8,,0.07378887354579007
ma8_delay6_lpnone,8,6,,0.06911840052061072
ma12_delay7_lp4.0,12,7,4.0,0.0675201192231495
ma6_delay0_lpnone,6,0,,0.06371702910015814
ma8_delay5_lp10.0,8,5,10.0,0.043947731587921396
ma8_delay5_lp12.0,8,5,12.0,0.04283954495908316
ma6_delay4_lp12.0,6,4,12.0,0.03914163128244724
ma8_delay5_lp8.0,8,5,8.0,0.03467469397842736
ma8_delay2_lp10.0,8,2,10.0,0.0327504320357436
ma8_delay2_lp12.0,8,2,12.0,0.03263584406634435
ma6_delay4_lp10.0,6,4,10.0,0.030122355974714764
ma14_delay4_lp12.0,14,4,12.0,0.029938826731138415
ma6_delay4_lp8.0,6,4,8.0,0.029228346247648338
ma20_delay12_lp6.0,20,12,6.0,0.027739979677552616
ma16_delay10_lp10.0,16,10,10.0,0.027165982064272273
ma16_delay10_lp12.0,16,10,12.0,0.027069585024977902
ma14_delay4_lp8.0,14,4,8.0,0.02638487602095192
ma6_delay1_lp12.0,6,1,12.0,0.026363038342419907
ma14_delay4_lp10.0,14,4,10.0,0.025749136397342706
ma6_delay1_lp10.0,6,1,10.0,0.02289839755952621
ma8_delay2_lp8.0,8,2,8.0,0.02145582328779747
ma16_delay10_lp8.0,16,10,8.0,0.020216145322425924
ma8_delay5_lp6.0,8,5,6.0,0.019266329015125656
ma12_delay8_lp12.0,12,8,12.0,0.0177089433454875
ma6_delay1_lp8.0,6,1,8.0,0.01616950779009154
ma16_delay10_lp6.0,16,10,6.0,0.0146820960121773
ma6_delay1_lp6.0,6,1,6.0,0.013298554227345357
ma14_delay4_lp6.0,14,4,6.0,0.010964009080549416
ma20_delay12_lp4.0,20,12,4.0,0.010844309956661514
ma12_delay8_lp10.0,12,8,10.0,0.00999632923312397
ma6_delay4_lp6.0,6,4,6.0,0.009799844582598423
ma10_delay3_lp4.0,10,3,4.0,0.008738038282740767
ma8_delay6_lp12.0,8,6,12.0,0.007718057685445238
ma6_delay0_lp12.0,6,0,12.0,0.007096588040138727
ma8_delay2_lp6.0,8,2,6.0,0.007008223819787252
ma12_delay8_lp8.0,12,8,8.0,0.006917609613309653
ma10_delay2_lp12.0,10,2,12.0,0.00431454978984758
ma6_delay0_lp10.0,6,0,10.0,0.003903261278300209
ma6_delay0_lp8.0,6,0,8.0,0.0011786296650226043
ma10_delay2_lp10.0,10,2,10.0,0.0010343540286890393
ma8_delay6_lp10.0,8,6,10.0,-0.0020416810151124383
ma16_delay10_lp4.0,16,10,4.0,-0.0035917181206129275
ma10_delay6_lp4.0,10,6,4.0,-0.004685527811501684
ma10_delay2_lp8.0,10,2,8.0,-0.005515285463641076
ma10_delay2_lp6.0,10,2,6.0,-0.006033339723163408
ma8_delay6_lp8.0,8,6,8.0,-0.006679253435300108
ma12_delay8_lp6.0,12,8,6.0,-0.0069263019164858665
ma8_delay2_lp4.0,8,2,4.0,-0.008512757805790678
ma6_delay0_lp6.0,6,0,6.0,-0.00944518824390142
ma6_delay1_lp4.0,6,1,4.0,-0.010660979105254969
ma14_delay4_lp4.0,14,4,4.0,-0.011977381204430763
ma8_delay6_lp6.0,8,6,6.0,-0.012875705413026399
ma8_delay5_lp4.0,8,5,4.0,-0.015035373067332432
ma6_delay4_lp4.0,6,4,4.0,-0.017982676368935177
ma6_delay0_lp4.0,6,0,4.0,-0.025776383292466405
ma8_delay6_lp4.0,8,6,4.0,-0.02730796754232416
ma12_delay8_lp4.0,12,8,4.0,-0.027313350506799613
ma10_delay2_lp4.0,10,2,4.0,-0.027373004720309516
