display_time_s,cycle_index,display_blend_000,display_blend_025,display_blend_050,display_blend_075,display_blend_100
0.0000000,1,-0.2472871,-0.2817860,-0.3191312,-0.3596901,-0.4026049
0.0084012,1,-0.3291563,-0.3509421,-0.3745254,-0.4001380,-0.4266854
0.0168023,1,-0.3618174,-0.3791014,-0.3978115,-0.4181316,-0.4388714
0.0252035,1,-0.3871563,-0.4102848,-0.4353215,-0.4625126,-0.4905755
0.0336046,1,-0.4157643,-0.4487924,-0.4845455,-0.5233752,-0.5638881
0.0420058,1,-0.4480338,-0.4843460,-0.5236541,-0.5663448,-0.6109151
0.0504070,1,-0.4661807,-0.4996677,-0.5359175,-0.5752868,-0.6162199
0.0588081,1,-0.4681550,-0.4988514,-0.5320804,-0.5681689,-0.6055604
0.0672093,1,-0.4536417,-0.4868724,-0.5228449,-0.5619128,-0.6025614
0.0756104,1,-0.4348957,-0.4711851,-0.5104684,-0.5531323,-0.5977156
0.0840116,1,-0.4035572,-0.4398016,-0.4790363,-0.5216473,-0.5662739
0.0924128,1,-0.3579989,-0.3902325,-0.4251254,-0.4630210,-0.5027120
0.1008139,1,-0.2989390,-0.3267425,-0.3568400,-0.3895274,-0.4237950
0.1092151,1,-0.2342329,-0.2581335,-0.2840060,-0.3121049,-0.3416349
0.1176162,1,-0.1546632,-0.1753833,-0.1978128,-0.2221725,-0.2479275
0.1260174,1,-0.0644388,-0.0788498,-0.0944498,-0.1113922,-0.1294430
0.1344186,1,0.0450180,0.0373913,0.0291353,0.0201689,0.0103630
0.1428197,1,0.1548175,0.1547158,0.1546058,0.1544863,0.1538626
0.1512209,1,0.2625620,0.2686959,0.2753358,0.2825472,0.2894786
0.1596220,1,0.3503599,0.3660037,0.3829382,0.4013299,0.4200284
0.1680232,1,0.4359918,0.4614626,0.4890348,0.5189797,0.5498538
0.1764244,1,0.5310953,0.5625800,0.5966622,0.6336774,0.6718663
0.1848255,1,0.6296728,0.6618070,0.6965924,0.7343713,0.7730679
0.1932267,1,0.7194306,0.7485898,0.7801548,0.8144361,0.8490769
0.2016278,1,0.8034544,0.8268258,0.8521255,0.8796023,0.9066421
0.2100290,1,0.8765711,0.8939086,0.9126766,0.9330596,0.9522216
0.2184302,1,0.9243101,0.9381975,0.9532307,0.9695575,0.9841959
0.2268313,1,0.9622160,0.9710066,0.9805225,0.9908572,0.9989176
0.2352325,1,0.9889003,0.9920519,0.9954636,0.9991688,1.0000000
0.2436337,1,1.0000000,1.0000000,1.0000000,1.0000000,0.9968031
0.2520348,1,0.9932467,0.9942937,0.9954270,0.9966579,0.9948089
0.2604360,1,0.9773455,0.9811935,0.9853590,0.9898830,0.9916334
0.2688371,1,0.9484631,0.9567560,0.9657330,0.9754826,0.9829564
0.2772383,1,0.9049824,0.9196656,0.9355603,0.9528228,0.9685312
0.2856395,1,0.8483405,0.8714206,0.8964050,0.9235393,0.9500666
0.2940406,1,0.7645099,0.8006712,0.8398160,0.8823293,0.9256966
0.3024418,1,0.6746101,0.7226982,0.7747538,0.8312889,0.8900533
0.3108429,1,0.5911106,0.6464595,0.7063749,0.7714463,0.8396761
0.3192441,1,0.5174841,0.5749252,0.6371054,0.7046365,0.7757522
0.3276453,1,0.4291344,0.4894981,0.5548421,0.6258091,0.7009098
0.3360464,1,0.3281205,0.3918495,0.4608364,0.5357598,0.6154468
0.3444476,1,0.2253789,0.2902169,0.3604044,0.4366317,0.5180521
0.3528487,1,0.1282349,0.1903184,0.2575241,0.3305131,0.4087545
0.3612499,1,0.0375115,0.0931929,0.1534683,0.2189306,0.2893514
0.3696511,1,-0.0428903,0.0022745,0.0511656,0.1042640,0.1616187
0.3780522,1,-0.1147368,-0.0834732,-0.0496302,-0.0128749,0.0270987
0.3864534,1,-0.1808524,-0.1655474,-0.1489796,-0.1309861,-0.1110185
0.3948545,1,-0.2475172,-0.2476239,-0.2477394,-0.2478649,-0.2472087
0.4032557,1,-0.3056950,-0.3213041,-0.3382010,-0.3565519,-0.3753492
0.4116569,1,-0.3541393,-0.3844512,-0.4172639,-0.4529003,-0.4901692
0.4200580,1,-0.3986317,-0.4405041,-0.4858311,-0.5350587,-0.5868310
0.4284592,1,-0.4477486,-0.4951998,-0.5465658,-0.6023522,-0.6610349
0.4368603,1,-0.4976657,-0.5452562,-0.5967731,-0.6527232,-0.7114229
0.4452615,1,-0.5442456,-0.5881864,-0.6357525,-0.6874119,-0.7413390
0.4536627,1,-0.5925286,-0.6291974,-0.6688916,-0.7120015,-0.7565617
0.4620638,1,-0.6460994,-0.6720312,-0.7001025,-0.7305895,-0.7613761
0.4704650,1,-0.6890843,-0.7048691,-0.7219562,-0.7405138,-0.7583080
0.4788661,1,-0.6981745,-0.7103921,-0.7236176,-0.7379813,-0.7512273
0.4872673,1,-0.6773145,-0.6928864,-0.7097430,-0.7280502,-0.7456124
0.4956685,1,-0.6522709,-0.6729483,-0.6953316,-0.7196411,-0.7437512
0.5040696,1,-0.6295510,-0.6547257,-0.6819775,-0.7115743,-0.7414546
0.5124708,1,-0.6010115,-0.6304431,-0.6623030,-0.6969045,-0.7322690
0.5208719,1,-0.5604356,-0.5948445,-0.6320923,-0.6725454,-0.7143451
0.5292731,1,-0.4992407,-0.5417961,-0.5878625,-0.6378930,-0.6902089
0.5376743,1,-0.4299621,-0.4810388,-0.5363296,-0.5963783,-0.6597109
0.5460754,1,-0.3718256,-0.4263486,-0.4853699,-0.5494703,-0.6173548
0.5544766,1,-0.3145064,-0.3688694,-0.4277176,-0.4916299,-0.5594950
0.5628777,1,-0.2556650,-0.3079502,-0.3645492,-0.4260187,-0.4914396
0.5712789,1,-0.2144057,-0.2606309,-0.3106698,-0.3650147,-0.4228903
0.5796801,1,-0.1787043,-0.2182198,-0.2609956,-0.3074523,-0.3569418
0.5880812,1,-0.1303235,-0.1654252,-0.2034229,-0.2446905,-0.2887430
0.5964824,1,-0.0925734,-0.1200758,-0.1498472,-0.1821805,-0.2167263
0.6048835,1,-0.0886486,-0.1022268,-0.1169253,-0.1328887,-0.1498070
0.6132847,1,-0.0872973,-0.0897663,-0.0924390,-0.0953417,-0.0981904
0.6216859,1,-0.0762757,-0.0726970,-0.0688231,-0.0646158,-0.0598383
0.6300870,1,-0.0670656,-0.0574361,-0.0470121,-0.0356911,-0.0232774
0.6384882,1,-0.0704141,-0.0514908,-0.0310062,-0.0087589,0.0154394
0.6468893,1,-0.0728905,-0.0465821,-0.0181031,0.0128266,0.0463887
0.6552905,1,-0.0662439,-0.0380581,-0.0075469,0.0255900,0.0615093
0.6636917,1,-0.0618020,-0.0325816,-0.0009505,0.0334026,0.0706184
0.6720928,1,-0.0534129,-0.0212961,0.0134704,0.0512287,0.0920871
0.6804940,1,-0.0173088,0.0148747,0.0497134,0.0875502,0.1283776
0.6888952,1,0.0266332,0.0565543,0.0889440,0.1241209,0.1619417
0.6972963,1,0.0400991,0.0711977,0.1048621,0.1414234,0.1806929
0.7056975,1,0.0278071,0.0653181,0.1059238,0.1500239,0.1974563
0.7140986,1,0.0348633,0.0782902,0.1253000,0.1763551,0.2312596
0.7224998,1,0.0628783,0.1093089,0.1595701,0.2141566,0.2727767
0.7309010,1,0.0972793,0.1391021,0.1843755,0.2335449,0.2862177
0.7393021,1,0.1220455,0.1514472,0.1832746,0.2178409,0.2546986
0.7477033,1,0.1166735,0.1374344,0.1599082,0.1843159,0.2102441
0.7561044,1,0.0701150,0.0984814,0.1291881,0.1625373,0.1982495
0.7645056,1,0.0543091,0.0889704,0.1264913,0.1672411,0.2109786
0.7729068,1,0.0817638,0.1028624,0.1257018,0.1505066,0.1769742
0.7813079,1,0.0731619,0.0645577,0.0552435,0.0451279,0.0339936
0.7897091,1,-0.0581377,-0.0879375,-0.1201960,-0.1552304,-0.1927968
0.7981102,1,-0.2472871,-0.2817860,-0.3191312,-0.3596901,-0.4026049
0.8065114,2,-0.2472871,-0.2817860,-0.3191312,-0.3596901,-0.4026049
0.8149126,2,-0.3291563,-0.3509421,-0.3745254,-0.4001380,-0.4266854
0.8233137,2,-0.3618174,-0.3791014,-0.3978115,-0.4181316,-0.4388714
0.8317149,2,-0.3871563,-0.4102848,-0.4353215,-0.4625126,-0.4905755
0.8401160,2,-0.4157643,-0.4487924,-0.4845455,-0.5233752,-0.5638881
0.8485172,2,-0.4480338,-0.4843460,-0.5236541,-0.5663448,-0.6109151
0.8569184,2,-0.4661807,-0.4996677,-0.5359175,-0.5752868,-0.6162199
0.8653195,2,-0.4681550,-0.4988514,-0.5320804,-0.5681689,-0.6055604
0.8737207,2,-0.4536417,-0.4868724,-0.5228449,-0.5619128,-0.6025614
0.8821218,2,-0.4348957,-0.4711851,-0.5104684,-0.5531323,-0.5977156
0.8905230,2,-0.4035572,-0.4398016,-0.4790363,-0.5216473,-0.5662739
0.8989242,2,-0.3579989,-0.3902325,-0.4251254,-0.4630210,-0.5027120
0.9073253,2,-0.2989390,-0.3267425,-0.3568400,-0.3895274,-0.4237950
0.9157265,2,-0.2342329,-0.2581335,-0.2840060,-0.3121049,-0.3416349
0.9241276,2,-0.1546632,-0.1753833,-0.1978128,-0.2221725,-0.2479275
0.9325288,2,-0.0644388,-0.0788498,-0.0944498,-0.1113922,-0.1294430
0.9409300,2,0.0450180,0.0373913,0.0291353,0.0201689,0.0103630
0.9493311,2,0.1548175,0.1547158,0.1546058,0.1544863,0.1538626
0.9577323,2,0.2625620,0.2686959,0.2753358,0.2825472,0.2894786
0.9661334,2,0.3503599,0.3660037,0.3829382,0.4013299,0.4200284
0.9745346,2,0.4359918,0.4614626,0.4890348,0.5189797,0.5498538
0.9829358,2,0.5310953,0.5625800,0.5966622,0.6336774,0.6718663
0.9913369,2,0.6296728,0.6618070,0.6965924,0.7343713,0.7730679
0.9997381,2,0.7194306,0.7485898,0.7801548,0.8144361,0.8490769
1.0081392,2,0.8034544,0.8268258,0.8521255,0.8796023,0.9066421
1.0165404,2,0.8765711,0.8939086,0.9126766,0.9330596,0.9522216
1.0249416,2,0.9243101,0.9381975,0.9532307,0.9695575,0.9841959
1.0333427,2,0.9622160,0.9710066,0.9805225,0.9908572,0.9989176
1.0417439,2,0.9889003,0.9920519,0.9954636,0.9991688,1.0000000
1.0501450,2,1.0000000,1.0000000,1.0000000,1.0000000,0.9968031
1.0585462,2,0.9932467,0.9942937,0.9954270,0.9966579,0.9948089
1.0669474,2,0.9773455,0.9811935,0.9853590,0.9898830,0.9916334
1.0753485,2,0.9484631,0.9567560,0.9657330,0.9754826,0.9829564
1.0837497,2,0.9049824,0.9196656,0.9355603,0.9528228,0.9685312
1.0921508,2,0.8483405,0.8714206,0.8964050,0.9235393,0.9500666
1.1005520,2,0.7645099,0.8006712,0.8398160,0.8823293,0.9256966
1.1089532,2,0.6746101,0.7226982,0.7747538,0.8312889,0.8900533
1.1173543,2,0.5911106,0.6464595,0.7063749,0.7714463,0.8396761
1.1257555,2,0.5174841,0.5749252,0.6371054,0.7046365,0.7757522
1.1341567,2,0.4291344,0.4894981,0.5548421,0.6258091,0.7009098
1.1425578,2,0.3281205,0.3918495,0.4608364,0.5357598,0.6154468
1.1509590,2,0.2253789,0.2902169,0.3604044,0.4366317,0.5180521
1.1593601,2,0.1282349,0.1903184,0.2575241,0.3305131,0.4087545
1.1677613,2,0.0375115,0.0931929,0.1534683,0.2189306,0.2893514
1.1761625,2,-0.0428903,0.0022745,0.0511656,0.1042640,0.1616187
1.1845636,2,-0.1147368,-0.0834732,-0.0496302,-0.0128749,0.0270987
1.1929648,2,-0.1808524,-0.1655474,-0.1489796,-0.1309861,-0.1110185
1.2013659,2,-0.2475172,-0.2476239,-0.2477394,-0.2478649,-0.2472087
1.2097671,2,-0.3056950,-0.3213041,-0.3382010,-0.3565519,-0.3753492
1.2181683,2,-0.3541393,-0.3844512,-0.4172639,-0.4529003,-0.4901692
1.2265694,2,-0.3986317,-0.4405041,-0.4858311,-0.5350587,-0.5868310
1.2349706,2,-0.4477486,-0.4951998,-0.5465658,-0.6023522,-0.6610349
1.2433717,2,-0.4976657,-0.5452562,-0.5967731,-0.6527232,-0.7114229
1.2517729,2,-0.5442456,-0.5881864,-0.6357525,-0.6874119,-0.7413390
1.2601741,2,-0.5925286,-0.6291974,-0.6688916,-0.7120015,-0.7565617
1.2685752,2,-0.6460994,-0.6720312,-0.7001025,-0.7305895,-0.7613761
1.2769764,2,-0.6890843,-0.7048691,-0.7219562,-0.7405138,-0.7583080
1.2853775,2,-0.6981745,-0.7103921,-0.7236176,-0.7379813,-0.7512273
1.2937787,2,-0.6773145,-0.6928864,-0.7097430,-0.7280502,-0.7456124
1.3021799,2,-0.6522709,-0.6729483,-0.6953316,-0.7196411,-0.7437512
1.3105810,2,-0.6295510,-0.6547257,-0.6819775,-0.7115743,-0.7414546
1.3189822,2,-0.6010115,-0.6304431,-0.6623030,-0.6969045,-0.7322690
1.3273833,2,-0.5604356,-0.5948445,-0.6320923,-0.6725454,-0.7143451
1.3357845,2,-0.4992407,-0.5417961,-0.5878625,-0.6378930,-0.6902089
1.3441857,2,-0.4299621,-0.4810388,-0.5363296,-0.5963783,-0.6597109
1.3525868,2,-0.3718256,-0.4263486,-0.4853699,-0.5494703,-0.6173548
1.3609880,2,-0.3145064,-0.3688694,-0.4277176,-0.4916299,-0.5594950
1.3693891,2,-0.2556650,-0.3079502,-0.3645492,-0.4260187,-0.4914396
1.3777903,2,-0.2144057,-0.2606309,-0.3106698,-0.3650147,-0.4228903
1.3861915,2,-0.1787043,-0.2182198,-0.2609956,-0.3074523,-0.3569418
1.3945926,2,-0.1303235,-0.1654252,-0.2034229,-0.2446905,-0.2887430
1.4029938,2,-0.0925734,-0.1200758,-0.1498472,-0.1821805,-0.2167263
1.4113949,2,-0.0886486,-0.1022268,-0.1169253,-0.1328887,-0.1498070
1.4197961,2,-0.0872973,-0.0897663,-0.0924390,-0.0953417,-0.0981904
1.4281973,2,-0.0762757,-0.0726970,-0.0688231,-0.0646158,-0.0598383
1.4365984,2,-0.0670656,-0.0574361,-0.0470121,-0.0356911,-0.0232774
1.4449996,2,-0.0704141,-0.0514908,-0.0310062,-0.0087589,0.0154394
1.4534007,2,-0.0728905,-0.0465821,-0.0181031,0.0128266,0.0463887
1.4618019,2,-0.0662439,-0.0380581,-0.0075469,0.0255900,0.0615093
1.4702031,2,-0.0618020,-0.0325816,-0.0009505,0.0334026,0.0706184
1.4786042,2,-0.0534129,-0.0212961,0.0134704,0.0512287,0.0920871
1.4870054,2,-0.0173088,0.0148747,0.0497134,0.0875502,0.1283776
1.4954065,2,0.0266332,0.0565543,0.0889440,0.1241209,0.1619417
1.5038077,2,0.0400991,0.0711977,0.1048621,0.1414234,0.1806929
1.5122089,2,0.0278071,0.0653181,0.1059238,0.1500239,0.1974563
1.5206100,2,0.0348633,0.0782902,0.1253000,0.1763551,0.2312596
1.5290112,2,0.0628783,0.1093089,0.1595701,0.2141566,0.2727767
1.5374123,2,0.0972793,0.1391021,0.1843755,0.2335449,0.2862177
1.5458135,2,0.1220455,0.1514472,0.1832746,0.2178409,0.2546986
1.5542147,2,0.1166735,0.1374344,0.1599082,0.1843159,0.2102441
1.5626158,2,0.0701150,0.0984814,0.1291881,0.1625373,0.1982495
1.5710170,2,0.0543091,0.0889704,0.1264913,0.1672411,0.2109786
1.5794182,2,0.0817638,0.1028624,0.1257018,0.1505066,0.1769742
1.5878193,2,0.0731619,0.0645577,0.0552435,0.0451279,0.0339936
1.5962205,2,-0.0581377,-0.0879375,-0.1201960,-0.1552304,-0.1927968
1.6046216,2,-0.2472871,-0.2817860,-0.3191312,-0.3596901,-0.4026049
1.6130228,3,-0.2472871,-0.2817860,-0.3191312,-0.3596901,-0.4026049
1.6214240,3,-0.3291563,-0.3509421,-0.3745254,-0.4001380,-0.4266854
1.6298251,3,-0.3618174,-0.3791014,-0.3978115,-0.4181316,-0.4388714
1.6382263,3,-0.3871563,-0.4102848,-0.4353215,-0.4625126,-0.4905755
1.6466274,3,-0.4157643,-0.4487924,-0.4845455,-0.5233752,-0.5638881
1.6550286,3,-0.4480338,-0.4843460,-0.5236541,-0.5663448,-0.6109151
1.6634298,3,-0.4661807,-0.4996677,-0.5359175,-0.5752868,-0.6162199
1.6718309,3,-0.4681550,-0.4988514,-0.5320804,-0.5681689,-0.6055604
1.6802321,3,-0.4536417,-0.4868724,-0.5228449,-0.5619128,-0.6025614
1.6886332,3,-0.4348957,-0.4711851,-0.5104684,-0.5531323,-0.5977156
1.6970344,3,-0.4035572,-0.4398016,-0.4790363,-0.5216473,-0.5662739
1.7054356,3,-0.3579989,-0.3902325,-0.4251254,-0.4630210,-0.5027120
1.7138367,3,-0.2989390,-0.3267425,-0.3568400,-0.3895274,-0.4237950
1.7222379,3,-0.2342329,-0.2581335,-0.2840060,-0.3121049,-0.3416349
1.7306390,3,-0.1546632,-0.1753833,-0.1978128,-0.2221725,-0.2479275
1.7390402,3,-0.0644388,-0.0788498,-0.0944498,-0.1113922,-0.1294430
1.7474414,3,0.0450180,0.0373913,0.0291353,0.0201689,0.0103630
1.7558425,3,0.1548175,0.1547158,0.1546058,0.1544863,0.1538626
1.7642437,3,0.2625620,0.2686959,0.2753358,0.2825472,0.2894786
1.7726448,3,0.3503599,0.3660037,0.3829382,0.4013299,0.4200284
1.7810460,3,0.4359918,0.4614626,0.4890348,0.5189797,0.5498538
1.7894472,3,0.5310953,0.5625800,0.5966622,0.6336774,0.6718663
1.7978483,3,0.6296728,0.6618070,0.6965924,0.7343713,0.7730679
1.8062495,3,0.7194306,0.7485898,0.7801548,0.8144361,0.8490769
1.8146506,3,0.8034544,0.8268258,0.8521255,0.8796023,0.9066421
1.8230518,3,0.8765711,0.8939086,0.9126766,0.9330596,0.9522216
1.8314530,3,0.9243101,0.9381975,0.9532307,0.9695575,0.9841959
1.8398541,3,0.9622160,0.9710066,0.9805225,0.9908572,0.9989176
1.8482553,3,0.9889003,0.9920519,0.9954636,0.9991688,1.0000000
1.8566564,3,1.0000000,1.0000000,1.0000000,1.0000000,0.9968031
1.8650576,3,0.9932467,0.9942937,0.9954270,0.9966579,0.9948089
1.8734588,3,0.9773455,0.9811935,0.9853590,0.9898830,0.9916334
1.8818599,3,0.9484631,0.9567560,0.9657330,0.9754826,0.9829564
1.8902611,3,0.9049824,0.9196656,0.9355603,0.9528228,0.9685312
1.8986622,3,0.8483405,0.8714206,0.8964050,0.9235393,0.9500666
1.9070634,3,0.7645099,0.8006712,0.8398160,0.8823293,0.9256966
1.9154646,3,0.6746101,0.7226982,0.7747538,0.8312889,0.8900533
1.9238657,3,0.5911106,0.6464595,0.7063749,0.7714463,0.8396761
1.9322669,3,0.5174841,0.5749252,0.6371054,0.7046365,0.7757522
1.9406680,3,0.4291344,0.4894981,0.5548421,0.6258091,0.7009098
1.9490692,3,0.3281205,0.3918495,0.4608364,0.5357598,0.6154468
1.9574704,3,0.2253789,0.2902169,0.3604044,0.4366317,0.5180521
1.9658715,3,0.1282349,0.1903184,0.2575241,0.3305131,0.4087545
1.9742727,3,0.0375115,0.0931929,0.1534683,0.2189306,0.2893514
1.9826739,3,-0.0428903,0.0022745,0.0511656,0.1042640,0.1616187
1.9910750,3,-0.1147368,-0.0834732,-0.0496302,-0.0128749,0.0270987
1.9994762,3,-0.1808524,-0.1655474,-0.1489796,-0.1309861,-0.1110185
2.0078773,3,-0.2475172,-0.2476239,-0.2477394,-0.2478649,-0.2472087
2.0162785,3,-0.3056950,-0.3213041,-0.3382010,-0.3565519,-0.3753492
2.0246797,3,-0.3541393,-0.3844512,-0.4172639,-0.4529003,-0.4901692
2.0330808,3,-0.3986317,-0.4405041,-0.4858311,-0.5350587,-0.5868310
2.0414820,3,-0.4477486,-0.4951998,-0.5465658,-0.6023522,-0.6610349
2.0498831,3,-0.4976657,-0.5452562,-0.5967731,-0.6527232,-0.7114229
2.0582843,3,-0.5442456,-0.5881864,-0.6357525,-0.6874119,-0.7413390
2.0666855,3,-0.5925286,-0.6291974,-0.6688916,-0.7120015,-0.7565617
2.0750866,3,-0.6460994,-0.6720312,-0.7001025,-0.7305895,-0.7613761
2.0834878,3,-0.6890843,-0.7048691,-0.7219562,-0.7405138,-0.7583080
2.0918889,3,-0.6981745,-0.7103921,-0.7236176,-0.7379813,-0.7512273
2.1002901,3,-0.6773145,-0.6928864,-0.7097430,-0.7280502,-0.7456124
2.1086913,3,-0.6522709,-0.6729483,-0.6953316,-0.7196411,-0.7437512
2.1170924,3,-0.6295510,-0.6547257,-0.6819775,-0.7115743,-0.7414546
2.1254936,3,-0.6010115,-0.6304431,-0.6623030,-0.6969045,-0.7322690
2.1338947,3,-0.5604356,-0.5948445,-0.6320923,-0.6725454,-0.7143451
2.1422959,3,-0.4992407,-0.5417961,-0.5878625,-0.6378930,-0.6902089
2.1506971,3,-0.4299621,-0.4810388,-0.5363296,-0.5963783,-0.6597109
2.1590982,3,-0.3718256,-0.4263486,-0.4853699,-0.5494703,-0.6173548
2.1674994,3,-0.3145064,-0.3688694,-0.4277176,-0.4916299,-0.5594950
2.1759005,3,-0.2556650,-0.3079502,-0.3645492,-0.4260187,-0.4914396
2.1843017,3,-0.2144057,-0.2606309,-0.3106698,-0.3650147,-0.4228903
2.1927029,3,-0.1787043,-0.2182198,-0.2609956,-0.3074523,-0.3569418
2.2011040,3,-0.1303235,-0.1654252,-0.2034229,-0.2446905,-0.2887430
2.2095052,3,-0.0925734,-0.1200758,-0.1498472,-0.1821805,-0.2167263
2.2179063,3,-0.0886486,-0.1022268,-0.1169253,-0.1328887,-0.1498070
2.2263075,3,-0.0872973,-0.0897663,-0.0924390,-0.0953417,-0.0981904
2.2347087,3,-0.0762757,-0.0726970,-0.0688231,-0.0646158,-0.0598383
2.2431098,3,-0.0670656,-0.0574361,-0.0470121,-0.0356911,-0.0232774
2.2515110,3,-0.0704141,-0.0514908,-0.0310062,-0.0087589,0.0154394
2.2599121,3,-0.0728905,-0.0465821,-0.0181031,0.0128266,0.0463887
2.2683133,3,-0.0662439,-0.0380581,-0.0075469,0.0255900,0.0615093
2.2767145,3,-0.0618020,-0.0325816,-0.0009505,0.0334026,0.0706184
2.2851156,3,-0.0534129,-0.0212961,0.0134704,0.0512287,0.0920871
2.2935168,3,-0.0173088,0.0148747,0.0497134,0.0875502,0.1283776
2.3019179,3,0.0266332,0.0565543,0.0889440,0.1241209,0.1619417
2.3103191,3,0.0400991,0.0711977,0.1048621,0.1414234,0.1806929
2.3187203,3,0.0278071,0.0653181,0.1059238,0.1500239,0.1974563
2.3271214,3,0.0348633,0.0782902,0.1253000,0.1763551,0.2312596
2.3355226,3,0.0628783,0.1093089,0.1595701,0.2141566,0.2727767
2.3439237,3,0.0972793,0.1391021,0.1843755,0.2335449,0.2862177
2.3523249,3,0.1220455,0.1514472,0.1832746,0.2178409,0.2546986
2.3607261,3,0.1166735,0.1374344,0.1599082,0.1843159,0.2102441
2.3691272,3,0.0701150,0.0984814,0.1291881,0.1625373,0.1982495
2.3775284,3,0.0543091,0.0889704,0.1264913,0.1672411,0.2109786
2.3859295,3,0.0817638,0.1028624,0.1257018,0.1505066,0.1769742
2.3943307,3,0.0731619,0.0645577,0.0552435,0.0451279,0.0339936
2.4027319,3,-0.0581377,-0.0879375,-0.1201960,-0.1552304,-0.1927968
2.4111330,3,-0.2472871,-0.2817860,-0.3191312,-0.3596901,-0.4026049
2.4195342,4,-0.2472871,-0.2817860,-0.3191312,-0.3596901,-0.4026049
2.4279354,4,-0.3291563,-0.3509421,-0.3745254,-0.4001380,-0.4266854
2.4363365,4,-0.3618174,-0.3791014,-0.3978115,-0.4181316,-0.4388714
2.4447377,4,-0.3871563,-0.4102848,-0.4353215,-0.4625126,-0.4905755
2.4531388,4,-0.4157643,-0.4487924,-0.4845455,-0.5233752,-0.5638881
2.4615400,4,-0.4480338,-0.4843460,-0.5236541,-0.5663448,-0.6109151
2.4699412,4,-0.4661807,-0.4996677,-0.5359175,-0.5752868,-0.6162199
2.4783423,4,-0.4681550,-0.4988514,-0.5320804,-0.5681689,-0.6055604
2.4867435,4,-0.4536417,-0.4868724,-0.5228449,-0.5619128,-0.6025614
2.4951446,4,-0.4348957,-0.4711851,-0.5104684,-0.5531323,-0.5977156
2.5035458,4,-0.4035572,-0.4398016,-0.4790363,-0.5216473,-0.5662739
2.5119470,4,-0.3579989,-0.3902325,-0.4251254,-0.4630210,-0.5027120
2.5203481,4,-0.2989390,-0.3267425,-0.3568400,-0.3895274,-0.4237950
2.5287493,4,-0.2342329,-0.2581335,-0.2840060,-0.3121049,-0.3416349
2.5371504,4,-0.1546632,-0.1753833,-0.1978128,-0.2221725,-0.2479275
2.5455516,4,-0.0644388,-0.0788498,-0.0944498,-0.1113922,-0.1294430
2.5539528,4,0.0450180,0.0373913,0.0291353,0.0201689,0.0103630
2.5623539,4,0.1548175,0.1547158,0.1546058,0.1544863,0.1538626
2.5707551,4,0.2625620,0.2686959,0.2753358,0.2825472,0.2894786
2.5791562,4,0.3503599,0.3660037,0.3829382,0.4013299,0.4200284
2.5875574,4,0.4359918,0.4614626,0.4890348,0.5189797,0.5498538
2.5959586,4,0.5310953,0.5625800,0.5966622,0.6336774,0.6718663
2.6043597,4,0.6296728,0.6618070,0.6965924,0.7343713,0.7730679
2.6127609,4,0.7194306,0.7485898,0.7801548,0.8144361,0.8490769
2.6211620,4,0.8034544,0.8268258,0.8521255,0.8796023,0.9066421
2.6295632,4,0.8765711,0.8939086,0.9126766,0.9330596,0.9522216
2.6379644,4,0.9243101,0.9381975,0.9532307,0.9695575,0.9841959
2.6463655,4,0.9622160,0.9710066,0.9805225,0.9908572,0.9989176
2.6547667,4,0.9889003,0.9920519,0.9954636,0.9991688,1.0000000
2.6631678,4,1.0000000,1.0000000,1.0000000,1.0000000,0.9968031
2.6715690,4,0.9932467,0.9942937,0.9954270,0.9966579,0.9948089
2.6799702,4,0.9773455,0.9811935,0.9853590,0.9898830,0.9916334
2.6883713,4,0.9484631,0.9567560,0.9657330,0.9754826,0.9829564
2.6967725,4,0.9049824,0.9196656,0.9355603,0.9528228,0.9685312
2.7051736,4,0.8483405,0.8714206,0.8964050,0.9235393,0.9500666
2.7135748,4,0.7645099,0.8006712,0.8398160,0.8823293,0.9256966
2.7219760,4,0.6746101,0.7226982,0.7747538,0.8312889,0.8900533
2.7303771,4,0.5911106,0.6464595,0.7063749,0.7714463,0.8396761
2.7387783,4,0.5174841,0.5749252,0.6371054,0.7046365,0.7757522
2.7471794,4,0.4291344,0.4894981,0.5548421,0.6258091,0.7009098
2.7555806,4,0.3281205,0.3918495,0.4608364,0.5357598,0.6154468
2.7639818,4,0.2253789,0.2902169,0.3604044,0.4366317,0.5180521
2.7723829,4,0.1282349,0.1903184,0.2575241,0.3305131,0.4087545
2.7807841,4,0.0375115,0.0931929,0.1534683,0.2189306,0.2893514
2.7891852,4,-0.0428903,0.0022745,0.0511656,0.1042640,0.1616187
2.7975864,4,-0.1147368,-0.0834732,-0.0496302,-0.0128749,0.0270987
2.8059876,4,-0.1808524,-0.1655474,-0.1489796,-0.1309861,-0.1110185
2.8143887,4,-0.2475172,-0.2476239,-0.2477394,-0.2478649,-0.2472087
2.8227899,4,-0.3056950,-0.3213041,-0.3382010,-0.3565519,-0.3753492
2.8311910,4,-0.3541393,-0.3844512,-0.4172639,-0.4529003,-0.4901692
2.8395922,4,-0.3986317,-0.4405041,-0.4858311,-0.5350587,-0.5868310
2.8479934,4,-0.4477486,-0.4951998,-0.5465658,-0.6023522,-0.6610349
2.8563945,4,-0.4976657,-0.5452562,-0.5967731,-0.6527232,-0.7114229
2.8647957,4,-0.5442456,-0.5881864,-0.6357525,-0.6874119,-0.7413390
2.8731969,4,-0.5925286,-0.6291974,-0.6688916,-0.7120015,-0.7565617
2.8815980,4,-0.6460994,-0.6720312,-0.7001025,-0.7305895,-0.7613761
2.8899992,4,-0.6890843,-0.7048691,-0.7219562,-0.7405138,-0.7583080
2.8984003,4,-0.6981745,-0.7103921,-0.7236176,-0.7379813,-0.7512273
2.9068015,4,-0.6773145,-0.6928864,-0.7097430,-0.7280502,-0.7456124
2.9152027,4,-0.6522709,-0.6729483,-0.6953316,-0.7196411,-0.7437512
2.9236038,4,-0.6295510,-0.6547257,-0.6819775,-0.7115743,-0.7414546
2.9320050,4,-0.6010115,-0.6304431,-0.6623030,-0.6969045,-0.7322690
2.9404061,4,-0.5604356,-0.5948445,-0.6320923,-0.6725454,-0.7143451
2.9488073,4,-0.4992407,-0.5417961,-0.5878625,-0.6378930,-0.6902089
2.9572085,4,-0.4299621,-0.4810388,-0.5363296,-0.5963783,-0.6597109
2.9656096,4,-0.3718256,-0.4263486,-0.4853699,-0.5494703,-0.6173548
2.9740108,4,-0.3145064,-0.3688694,-0.4277176,-0.4916299,-0.5594950
2.9824119,4,-0.2556650,-0.3079502,-0.3645492,-0.4260187,-0.4914396
2.9908131,4,-0.2144057,-0.2606309,-0.3106698,-0.3650147,-0.4228903
2.9992143,4,-0.1787043,-0.2182198,-0.2609956,-0.3074523,-0.3569418
3.0076154,4,-0.1303235,-0.1654252,-0.2034229,-0.2446905,-0.2887430
3.0160166,4,-0.0925734,-0.1200758,-0.1498472,-0.1821805,-0.2167263
3.0244177,4,-0.0886486,-0.1022268,-0.1169253,-0.1328887,-0.1498070
3.0328189,4,-0.0872973,-0.0897663,-0.0924390,-0.0953417,-0.0981904
3.0412201,4,-0.0762757,-0.0726970,-0.0688231,-0.0646158,-0.0598383
3.0496212,4,-0.0670656,-0.0574361,-0.0470121,-0.0356911,-0.0232774
3.0580224,4,-0.0704141,-0.0514908,-0.0310062,-0.0087589,0.0154394
3.0664235,4,-0.0728905,-0.0465821,-0.0181031,0.0128266,0.0463887
3.0748247,4,-0.0662439,-0.0380581,-0.0075469,0.0255900,0.0615093
3.0832259,4,-0.0618020,-0.0325816,-0.0009505,0.0334026,0.0706184
3.0916270,4,-0.0534129,-0.0212961,0.0134704,0.0512287,0.0920871
3.1000282,4,-0.0173088,0.0148747,0.0497134,0.0875502,0.1283776
3.1084293,4,0.0266332,0.0565543,0.0889440,0.1241209,0.1619417
3.1168305,4,0.0400991,0.0711977,0.1048621,0.1414234,0.1806929
3.1252317,4,0.0278071,0.0653181,0.1059238,0.1500239,0.1974563
3.1336328,4,0.0348633,0.0782902,0.1253000,0.1763551,0.2312596
3.1420340,4,0.0628783,0.1093089,0.1595701,0.2141566,0.2727767
3.1504351,4,0.0972793,0.1391021,0.1843755,0.2335449,0.2862177
3.1588363,4,0.1220455,0.1514472,0.1832746,0.2178409,0.2546986
3.1672375,4,0.1166735,0.1374344,0.1599082,0.1843159,0.2102441
3.1756386,4,0.0701150,0.0984814,0.1291881,0.1625373,0.1982495
3.1840398,4,0.0543091,0.0889704,0.1264913,0.1672411,0.2109786
3.1924409,4,0.0817638,0.1028624,0.1257018,0.1505066,0.1769742
3.2008421,4,0.0731619,0.0645577,0.0552435,0.0451279,0.0339936
3.2092433,4,-0.0581377,-0.0879375,-0.1201960,-0.1552304,-0.1927968
3.2176444,4,-0.2472871,-0.2817860,-0.3191312,-0.3596901,-0.4026049
