phase,template_blend_000,template_blend_025,template_blend_050,template_blend_075,template_blend_100
0.0000000,-0.2472871,-0.2817860,-0.3191312,-0.3596901,-0.4026049
0.0104167,-0.3291563,-0.3509421,-0.3745254,-0.4001380,-0.4266854
0.0208333,-0.3618174,-0.3791014,-0.3978115,-0.4181316,-0.4388714
0.0312500,-0.3871563,-0.4102848,-0.4353215,-0.4625126,-0.4905755
0.0416667,-0.4157643,-0.4487924,-0.4845455,-0.5233752,-0.5638881
0.0520833,-0.4480338,-0.4843460,-0.5236541,-0.5663448,-0.6109151
0.0625000,-0.4661807,-0.4996677,-0.5359175,-0.5752868,-0.6162199
0.0729167,-0.4681550,-0.4988514,-0.5320804,-0.5681689,-0.6055604
0.0833333,-0.4536417,-0.4868724,-0.5228449,-0.5619128,-0.6025614
0.0937500,-0.4348957,-0.4711851,-0.5104684,-0.5531323,-0.5977156
0.1041667,-0.4035572,-0.4398016,-0.4790363,-0.5216473,-0.5662739
0.1145833,-0.3579989,-0.3902325,-0.4251254,-0.4630210,-0.5027120
0.1250000,-0.2989390,-0.3267425,-0.3568400,-0.3895274,-0.4237950
0.1354167,-0.2342329,-0.2581335,-0.2840060,-0.3121049,-0.3416349
0.1458333,-0.1546632,-0.1753833,-0.1978128,-0.2221725,-0.2479275
0.1562500,-0.0644388,-0.0788498,-0.0944498,-0.1113922,-0.1294430
0.1666667,0.0450180,0.0373913,0.0291353,0.0201689,0.0103630
0.1770833,0.1548175,0.1547158,0.1546058,0.1544863,0.1538626
0.1875000,0.2625620,0.2686959,0.2753358,0.2825472,0.2894786
0.1979167,0.3503599,0.3660037,0.3829382,0.4013299,0.4200284
0.2083333,0.4359918,0.4614626,0.4890348,0.5189797,0.5498538
0.2187500,0.5310953,0.5625800,0.5966622,0.6336774,0.6718663
0.2291667,0.6296728,0.6618070,0.6965924,0.7343713,0.7730679
0.2395833,0.7194306,0.7485898,0.7801548,0.8144361,0.8490769
0.2500000,0.8034544,0.8268258,0.8521255,0.8796023,0.9066421
0.2604167,0.8765711,0.8939086,0.9126766,0.9330596,0.9522216
0.2708333,0.9243101,0.9381975,0.9532307,0.9695575,0.9841959
0.2812500,0.9622160,0.9710066,0.9805225,0.9908572,0.9989176
0.2916667,0.9889003,0.9920519,0.9954636,0.9991688,1.0000000
0.3020833,1.0000000,1.0000000,1.0000000,1.0000000,0.9968031
0.3125000,0.9932467,0.9942937,0.9954270,0.9966579,0.9948089
0.3229167,0.9773455,0.9811935,0.9853590,0.9898830,0.9916334
0.3333333,0.9484631,0.9567560,0.9657330,0.9754826,0.9829564
0.3437500,0.9049824,0.9196656,0.9355603,0.9528228,0.9685312
0.3541667,0.8483405,0.8714206,0.8964050,0.9235393,0.9500666
0.3645833,0.7645099,0.8006712,0.8398160,0.8823293,0.9256966
0.3750000,0.6746101,0.7226982,0.7747538,0.8312889,0.8900533
0.3854167,0.5911106,0.6464595,0.7063749,0.7714463,0.8396761
0.3958333,0.5174841,0.5749252,0.6371054,0.7046365,0.7757522
0.4062500,0.4291344,0.4894981,0.5548421,0.6258091,0.7009098
0.4166667,0.3281205,0.3918495,0.4608364,0.5357598,0.6154468
0.4270833,0.2253789,0.2902169,0.3604044,0.4366317,0.5180521
0.4375000,0.1282349,0.1903184,0.2575241,0.3305131,0.4087545
0.4479167,0.0375115,0.0931929,0.1534683,0.2189306,0.2893514
0.4583333,-0.0428903,0.0022745,0.0511656,0.1042640,0.1616187
0.4687500,-0.1147368,-0.0834732,-0.0496302,-0.0128749,0.0270987
0.4791667,-0.1808524,-0.1655474,-0.1489796,-0.1309861,-0.1110185
0.4895833,-0.2475172,-0.2476239,-0.2477394,-0.2478649,-0.2472087
0.5000000,-0.3056950,-0.3213041,-0.3382010,-0.3565519,-0.3753492
0.5104167,-0.3541393,-0.3844512,-0.4172639,-0.4529003,-0.4901692
0.5208333,-0.3986317,-0.4405041,-0.4858311,-0.5350587,-0.5868310
0.5312500,-0.4477486,-0.4951998,-0.5465658,-0.6023522,-0.6610349
0.5416667,-0.4976657,-0.5452562,-0.5967731,-0.6527232,-0.7114229
0.5520833,-0.5442456,-0.5881864,-0.6357525,-0.6874119,-0.7413390
0.5625000,-0.5925286,-0.6291974,-0.6688916,-0.7120015,-0.7565617
0.5729167,-0.6460994,-0.6720312,-0.7001025,-0.7305895,-0.7613761
0.5833333,-0.6890843,-0.7048691,-0.7219562,-0.7405138,-0.7583080
0.5937500,-0.6981745,-0.7103921,-0.7236176,-0.7379813,-0.7512273
0.6041667,-0.6773145,-0.6928864,-0.7097430,-0.7280502,-0.7456124
0.6145833,-0.6522709,-0.6729483,-0.6953316,-0.7196411,-0.7437512
0.6250000,-0.6295510,-0.6547257,-0.6819775,-0.7115743,-0.7414546
0.6354167,-0.6010115,-0.6304431,-0.6623030,-0.6969045,-0.7322690
0.6458333,-0.5604356,-0.5948445,-0.6320923,-0.6725454,-0.7143451
0.6562500,-0.4992407,-0.5417961,-0.5878625,-0.6378930,-0.6902089
0.6666667,-0.4299621,-0.4810388,-0.5363296,-0.5963783,-0.6597109
0.6770833,-0.3718256,-0.4263486,-0.4853699,-0.5494703,-0.6173548
0.6875000,-0.3145064,-0.3688694,-0.4277176,-0.4916299,-0.5594950
0.6979167,-0.2556650,-0.3079502,-0.3645492,-0.4260187,-0.4914396
0.7083333,-0.2144057,-0.2606309,-0.3106698,-0.3650147,-0.4228903
0.7187500,-0.1787043,-0.2182198,-0.2609956,-0.3074523,-0.3569418
0.7291667,-0.1303235,-0.1654252,-0.2034229,-0.2446905,-0.2887430
0.7395833,-0.0925734,-0.1200758,-0.1498472,-0.1821805,-0.2167263
0.7500000,-0.0886486,-0.1022268,-0.1169253,-0.1328887,-0.1498070
0.7604167,-0.0872973,-0.0897663,-0.0924390,-0.0953417,-0.0981904
0.7708333,-0.0762757,-0.0726970,-0.0688231,-0.0646158,-0.0598383
0.7812500,-0.0670656,-0.0574361,-0.0470121,-0.0356911,-0.0232774
0.7916667,-0.0704141,-0.0514908,-0.0310062,-0.0087589,0.0154394
0.8020833,-0.0728905,-0.0465821,-0.0181031,0.0128266,0.0463887
0.8125000,-0.0662439,-0.0380581,-0.0075469,0.0255900,0.0615093
0.8229167,-0.0618020,-0.0325816,-0.0009505,0.0334026,0.0706184
0.8333333,-0.0534129,-0.0212961,0.0134704,0.0512287,0.0920871
0.8437500,-0.0173088,0.0148747,0.0497134,0.0875502,0.1283776
0.8541667,0.0266332,0.0565543,0.0889440,0.1241209,0.1619417
0.8645833,0.0400991,0.0711977,0.1048621,0.1414234,0.1806929
0.8750000,0.0278071,0.0653181,0.1059238,0.1500239,0.1974563
0.8854167,0.0348633,0.0782902,0.1253000,0.1763551,0.2312596
0.8958333,0.0628783,0.1093089,0.1595701,0.2141566,0.2727767
0.9062500,0.0972793,0.1391021,0.1843755,0.2335449,0.2862177
0.9166667,0.1220455,0.1514472,0.1832746,0.2178409,0.2546986
0.9270833,0.1166735,0.1374344,0.1599082,0.1843159,0.2102441
0.9375000,0.0701150,0.0984814,0.1291881,0.1625373,0.1982495
0.9479167,0.0543091,0.0889704,0.1264913,0.1672411,0.2109786
0.9583333,0.0817638,0.1028624,0.1257018,0.1505066,0.1769742
0.9687500,0.0731619,0.0645577,0.0552435,0.0451279,0.0339936
0.9791667,-0.0581377,-0.0879375,-0.1201960,-0.1552304,-0.1927968
0.9895833,-0.2472871,-0.2817860,-0.3191312,-0.3596901,-0.4026049
