key,respCutoffHz,regressionWindowSeconds,nonlinearBasis,heartHighpassHz,heartLowpassHz,score,accepted,maxHumanDominantBpmRelativeError,minHumanTemplateQuality,maxDeskPeriodicity
resp0.6_win12_nonlinear_bp0.8-6,0.6,12.0,True,0.8,6.0,0.25121225291800436,False,0.24216874612362999,0.43267692322093443,0.4316016992892894
resp0.6_win8_nonlinear_bp0.8-4,0.6,8.0,True,0.8,4.0,0.2488029792073124,False,0.24216874612362999,0.41382288155735214,0.48342168535346486
resp0.6_win8_nonlinear_bp0.8-6,0.6,8.0,True,0.8,6.0,0.24773605403052018,False,0.24216874612362999,0.4096631146347142,0.43454398360464047
resp0.6_win12_nonlinear_bp0.8-4,0.6,12.0,True,0.8,4.0,0.2443426052892797,False,0.24216874612362999,0.38450849930580167,0.4798345436523091
resp0.6_win20_nonlinear_bp0.8-6,0.6,20.0,True,0.8,6.0,0.2440178692973947,False,0.24216874612362999,0.39454083330025796,0.42980307441283344
resp0.6_win8_nonlinear_bp0.8-8,0.6,8.0,True,0.8,8.0,0.24393508134459302,False,0.2554640312793558,0.37985689480557816,0.3981591231179411
resp0.6_win30_nonlinear_bp0.8-6,0.6,30.0,True,0.8,6.0,0.24156265674662386,False,0.24216874612362999,0.38209005231992876,0.4294080402952122
resp0.6_win12_linear_bp0.8-6,0.6,12.0,False,0.8,6.0,0.23838142127015918,False,0.2554640312793558,0.3935456915210533,0.42935727906299975
resp0.6_win12_nonlinear_bp0.8-8,0.6,12.0,True,0.8,8.0,0.23828297843631188,False,0.2554640312793558,0.39778033799838264,0.3955842879997348
resp0.6_win20_linear_bp0.8-6,0.6,20.0,False,0.8,6.0,0.23743876123970908,False,0.2554640312793558,0.3872915281945721,0.4290769799884551
resp0.6_win20_nonlinear_bp0.8-4,0.6,20.0,True,0.8,4.0,0.2370427985794217,False,0.24216874612362999,0.3429332345133386,0.47754911063333655
resp0.6_win30_nonlinear_bp0.8-4,0.6,30.0,True,0.8,4.0,0.23508860648453295,False,0.24216874612362999,0.33221922569340806,0.4771623554492866
resp0.6_win12_nonlinear_bp0.8-10,0.6,12.0,True,0.8,10.0,0.2347632799952526,False,0.2554640312793558,0.36768066680378597,0.37198966769318653
resp0.6_win12_linear_bp0.8-10,0.6,12.0,False,0.8,10.0,0.23405663577810362,False,0.2554640312793558,0.3974697232776958,0.37033752424236366
resp0.6_win20_linear_bp0.8-10,0.6,20.0,False,0.8,10.0,0.23387168828039337,False,0.2554640312793558,0.3962944666506152,0.37005136763019625
resp0.6_win8_linear_bp0.8-10,0.6,8.0,False,0.8,10.0,0.23377490700442982,False,0.2554640312793558,0.3961879905628018,0.3704323987522101
resp0.6_win20_linear_bp0.8-4,0.6,20.0,False,0.8,4.0,0.23262875655808118,False,0.24216874612362999,0.3260890808726024,0.47677098451019484
resp0.6_win30_linear_bp0.8-10,0.6,30.0,False,0.8,10.0,0.23247565200146594,False,0.2554640312793558,0.3871111125230716,0.37000852781830623
resp0.6_win20_nonlinear_bp0.8-8,0.6,20.0,True,0.8,8.0,0.23236838387318098,False,0.2554640312793558,0.37570782355943416,0.39394487711977744
resp0.6_win30_linear_bp0.8-4,0.6,30.0,False,0.8,4.0,0.2322984759429251,False,0.24216874612362999,0.32391064044180984,0.47663410711005855
resp0.6_win8_linear_bp0.8-8,0.6,8.0,False,0.8,8.0,0.23229056607596443,False,0.2554640312793558,0.3915050855953227,0.39344551232208946
resp0.6_win8_nonlinear_bp0.8-10,0.6,8.0,True,0.8,10.0,0.23228817219177997,False,0.2554640312793558,0.3465197906093574,0.3748345652974103
resp0.6_win8_linear_bp0.8-4,0.6,8.0,False,0.8,4.0,0.23177197689218867,False,0.24216874612362999,0.3207918493227009,0.4772511104384432
resp0.6_win30_linear_bp0.8-6,0.6,30.0,False,0.8,6.0,0.23168924727132487,False,0.2554640312793558,0.3806359353326899,0.42894816494898746
resp0.6_win30_nonlinear_bp0.8-8,0.6,30.0,True,0.8,8.0,0.23164368605859484,False,0.2554640312793558,0.3730774495491266,0.39338021565298836
resp0.6_win12_linear_bp0.8-8,0.6,12.0,False,0.8,8.0,0.23121946700049453,False,0.2554640312793558,0.38386839950065865,0.39327052199179074
resp0.6_win20_nonlinear_bp0.8-10,0.6,20.0,True,0.8,10.0,0.23098242194098303,False,0.2554640312793558,0.35778807960733344,0.37047768221349553
resp0.6_win30_linear_bp0.8-8,0.6,30.0,False,0.8,8.0,0.23043833461969124,False,0.2554640312793558,0.37879418375681706,0.3929708928053437
resp0.6_win8_linear_bp0.8-6,0.6,8.0,False,0.8,6.0,0.23040758488842283,False,0.2554640312793558,0.3378946857645674,0.4295073104925947
resp0.6_win30_nonlinear_bp0.8-10,0.6,30.0,True,0.8,10.0,0.22997769580011979,False,0.2554640312793558,0.36084383601637593,0.3702750498254305
resp0.6_win20_linear_bp0.8-8,0.6,20.0,False,0.8,8.0,0.22972647887664982,False,0.2554640312793558,0.37394559698561514,0.3930538216567822
resp0.6_win12_linear_bp0.8-4,0.6,12.0,False,0.8,4.0,0.22908816062867823,False,0.24216874612362999,0.30237210218543864,0.4770632223151854
resp0.6_win8_nonlinear_bp0.7-6,0.6,8.0,True,0.7,6.0,0.22567231414298566,False,0.2683008583262634,0.43668019940781955,0.40760318520090727
resp0.6_win8_nonlinear_bp0.7-8,0.6,8.0,True,0.7,8.0,0.22215513102679524,False,0.2683008583262634,0.4156787892452903,0.37701123761496186
resp0.5_win8_nonlinear_bp0.8-8,0.5,8.0,True,0.8,8.0,0.2209878844878691,False,0.2683008583262634,0.3771315803457388,0.386415105422162
resp0.5_win8_nonlinear_bp0.8-10,0.5,8.0,True,0.8,10.0,0.2204405691185158,False,0.2807025386936149,0.39460593009366635,0.3632648030869476
resp0.6_win12_nonlinear_bp0.7-6,0.6,12.0,True,0.7,6.0,0.2198765295856594,False,0.2683008583262634,0.44954180595637794,0.4025727179906786
resp0.4_win12_nonlinear_bp0.8-4,0.4,12.0,True,0.8,4.0,0.21813355296758635,False,0.2554640312793558,0.37823679109387165,0.462325215093707
resp0.5_win30_nonlinear_bp0.8-8,0.5,30.0,True,0.8,8.0,0.21806928591270144,False,0.2683008583262634,0.3731293086862185,0.3839431378030511
resp0.5_win30_nonlinear_bp0.8-4,0.5,30.0,True,0.8,4.0,0.21716191413592287,False,0.2554640312793558,0.34476145072989284,0.46600054074298913
resp0.4_win8_nonlinear_bp0.8-4,0.4,8.0,True,0.8,4.0,0.21627291982236344,False,0.2554640312793558,0.36477539666719616,0.46379436590934886
resp0.5_win8_nonlinear_bp0.8-6,0.5,8.0,True,0.8,6.0,0.21615950739335993,False,0.2683008583262634,0.3550091778613462,0.42098120935087524
resp0.5_win20_nonlinear_bp0.8-8,0.5,20.0,True,0.8,8.0,0.21593389010881503,False,0.2683008583262634,0.3567553504068074,0.38437079751249975
resp0.5_win12_nonlinear_bp0.8-8,0.5,12.0,True,0.8,8.0,0.21571947589381285,False,0.2683008583262634,0.34547715267629964,0.3848830153537517
resp0.5_win12_nonlinear_bp0.8-6,0.5,12.0,True,0.8,6.0,0.21549674366606758,False,0.2683008583262634,0.3537417966900582,0.4193961653185039
resp0.4_win12_linear_bp0.8-4,0.4,12.0,False,0.8,4.0,0.21426117957515134,False,0.2554640312793558,0.37585578237091033,0.46140347126637404
resp0.5_win8_linear_bp0.8-4,0.5,8.0,False,0.8,4.0,0.2141383964720978,False,0.2554640312793558,0.34181356226649207,0.4657595288055592
resp0.5_win20_linear_bp0.8-4,0.5,20.0,False,0.8,4.0,0.21412681922523358,False,0.2554640312793558,0.3409192105066596,0.4653681172991185
resp0.5_win30_linear_bp0.8-4,0.5,30.0,False,0.8,4.0,0.21405025959302287,False,0.2554640312793558,0.3404792389276178,0.4653515794713913
resp0.5_win30_nonlinear_bp0.8-6,0.5,30.0,True,0.8,6.0,0.2138935696093154,False,0.2683008583262634,0.35334178054008514,0.41852665465879657
resp0.4_win30_nonlinear_bp0.8-4,0.4,30.0,True,0.8,4.0,0.21369353837978386,False,0.2554640312793558,0.35462707692460904,0.4616174299804879
resp0.5_win12_linear_bp0.8-4,0.5,12.0,False,0.8,4.0,0.2136814825813869,False,0.2554640312793558,0.33788999864156255,0.46570781762834745
resp0.6_win12_nonlinear_bp0.6-10,0.6,12.0,True,0.6,10.0,0.21358840738228194,False,0.293044378639549,0.4409409161804991,0.3227763910609819
resp0.35_win30_nonlinear_bp0.8-4,0.35,30.0,True,0.8,4.0,0.2134031532892508,False,0.2554640312793558,0.36122848281432285,0.4607748084753178
resp0.35_win12_nonlinear_bp0.8-4,0.35,12.0,True,0.8,4.0,0.21315727060080705,False,0.2554640312793558,0.3558965380159186,0.46131978721173916
resp0.6_win20_nonlinear_bp0.7-6,0.6,20.0,True,0.7,6.0,0.21308995919120466,False,0.2683008583262634,0.4138285275796274,0.3994863637075154
resp0.5_win8_linear_bp0.8-10,0.5,8.0,False,0.8,10.0,0.2130361861218848,False,0.2807025386936149,0.396096627580213,0.3610395175361206
resp0.5_win30_nonlinear_bp0.8-10,0.5,30.0,True,0.8,10.0,0.21269984405215378,False,0.2807025386936149,0.3827379544160877,0.36099948139316285
resp0.6_win20_nonlinear_bp0.7-8,0.6,20.0,True,0.7,8.0,0.21266398450748566,False,0.2683008583262634,0.39107881642425774,0.36988858452508555
resp0.5_win12_nonlinear_bp0.8-10,0.5,12.0,True,0.8,10.0,0.21239643215378237,False,0.2807025386936149,0.340375709421975,0.36157852922133366
resp0.6_win12_nonlinear_bp0.7-10,0.6,12.0,True,0.7,10.0,0.21229295128568682,False,0.2807025386936149,0.39028142010649836,0.3522318805321461
resp0.4_win8_nonlinear_bp0.8-10,0.4,8.0,True,0.8,10.0,0.2116757128102421,False,0.2807025386936149,0.3855051453811311,0.3588249866192477
resp0.5_win30_linear_bp0.8-10,0.5,30.0,False,0.8,10.0,0.21156320805062004,False,0.2807025386936149,0.3864603079319139,0.3606489123213346
resp0.5_win8_nonlinear_bp0.8-4,0.5,8.0,True,0.8,4.0,0.21154802931899813,False,0.2554640312793558,0.2946195692297145,0.4687091025688244
resp0.6_win12_nonlinear_bp0.6-8,0.6,12.0,True,0.6,8.0,0.21149904581056383,False,0.293044378639549,0.43794483243822313,0.33932668622723905
resp0.4_win30_linear_bp0.8-4,0.4,30.0,False,0.8,4.0,0.21138281008055523,False,0.2554640312793558,0.3567210637711845,0.46098650589920986
resp0.5_win20_linear_bp0.8-10,0.5,20.0,False,0.8,10.0,0.21114298176193466,False,0.2807025386936149,0.3835899092619017,0.3606445767506111
resp0.4_win12_nonlinear_bp0.8-10,0.4,12.0,True,0.8,10.0,0.21112731456646783,False,0.2807025386936149,0.3843822209801688,0.35771618190830917
resp0.4_win20_linear_bp0.8-4,0.4,20.0,False,0.8,4.0,0.21112315848965152,False,0.2554640312793558,0.3546762222439887,0.46092005699761684
resp0.4_win8_linear_bp0.8-4,0.4,8.0,False,0.8,4.0,0.21112065516907388,False,0.2554640312793558,0.35617720089021054,0.4613799674064208
resp0.5_win12_nonlinear_bp0.8-4,0.5,12.0,True,0.8,4.0,0.21090695497198678,False,0.2554640312793558,0.2930353297371732,0.46680814563666556
resp0.5_win12_linear_bp0.8-10,0.5,12.0,False,0.8,10.0,0.21083701532816063,False,0.2807025386936149,0.3813717448679302,0.3609312961678487
resp0.6_win12_nonlinear_bp0.7-8,0.6,12.0,True,0.7,8.0,0.21077380451973995,False,0.2683008583262634,0.3692106506619211,0.3724069524336389
resp0.4_win20_nonlinear_bp0.8-4,0.4,20.0,True,0.8,4.0,0.21068435164017885,False,0.2554640312793558,0.3330296050899057,0.46197715745971696
resp0.5_win20_nonlinear_bp0.8-4,0.5,20.0,True,0.8,4.0,0.21050327059232637,False,0.2554640312793558,0.29833949029909734,0.4663834455626098
resp0.5_win20_nonlinear_bp0.8-6,0.5,20.0,True,0.8,6.0,0.21019610670132477,False,0.2683008583262634,0.3267457077051161,0.4189992046097088
resp0.4_win30_nonlinear_bp0.8-10,0.4,30.0,True,0.8,10.0,0.20960505930762452,False,0.2807025386936149,0.3799454007544281,0.35711409628329205
resp0.4_win8_nonlinear_bp0.8-8,0.4,8.0,True,0.8,8.0,0.20942778411557164,False,0.2807025386936149,0.38573660319902153,0.38211778023862314
resp0.6_win20_nonlinear_bp0.7-10,0.6,20.0,True,0.7,10.0,0.2094249248355832,False,0.2807025386936149,0.38043204782786233,0.34967201766453726
resp0.5_win30_linear_bp0.8-8,0.5,30.0,False,0.8,8.0,0.20927914614942553,False,0.2807025386936149,0.3865957593434364,0.3833914265476804
resp0.35_win30_linear_bp0.8-4,0.35,30.0,False,0.8,4.0,0.20923758646818358,False,0.2554640312793558,0.35118989481608825,0.4601691157226385
resp0.35_win8_linear_bp0.8-4,0.35,8.0,False,0.8,4.0,0.20914248232140187,False,0.2554640312793558,0.35256668189944546,0.46064204750245963
resp0.35_win8_nonlinear_bp0.8-10,0.35,8.0,True,0.8,10.0,0.20913126849383337,False,0.29269082971538796,0.3916471309201003,0.35783440148793205
resp0.5_win20_nonlinear_bp0.8-10,0.5,20.0,True,0.8,10.0,0.2090250398487941,False,0.2807025386936149,0.3562231473278416,0.36136078251283543
resp0.35_win20_linear_bp0.8-4,0.35,20.0,False,0.8,4.0,0.2089821207575134,False,0.2554640312793558,0.3493443939389799,0.46007023249326284
resp0.35_win12_linear_bp0.8-4,0.35,12.0,False,0.8,4.0,0.20893444957207566,False,0.2554640312793558,0.3491094347169661,0.4606549997035233
resp0.35_win20_nonlinear_bp0.8-4,0.35,20.0,True,0.8,4.0,0.20886894547595508,False,0.2554640312793558,0.3298166900747599,0.4610749335982926
resp0.6_win30_nonlinear_bp0.7-10,0.6,30.0,True,0.7,10.0,0.20879797959002894,False,0.3054471088388552,0.40849843109245354,0.3494239149839147
resp0.5_win20_linear_bp0.8-8,0.5,20.0,False,0.8,8.0,0.20840443626428565,False,0.2807025386936149,0.3807505546330513,0.3833684511556824
resp0.5_win12_linear_bp0.8-8,0.5,12.0,False,0.8,8.0,0.20832176164476662,False,0.2807025386936149,0.37996633727775764,0.3836834040548839
resp0.35_win30_nonlinear_bp0.8-8,0.35,30.0,True,0.8,8.0,0.2077659175729162,False,0.2807025386936149,0.38607562635867915,0.3792766492651799
resp0.6_win20_nonlinear_bp0.7-4,0.6,20.0,True,0.7,4.0,0.20772589691347892,False,0.2683008583262634,0.38646300076300283,0.4332985796140121
resp0.4_win20_nonlinear_bp0.8-10,0.4,20.0,True,0.8,10.0,0.20764719546234045,False,0.2807025386936149,0.3657283798850168,0.35751738264256044
resp0.6_win8_nonlinear_bp0.7-10,0.6,8.0,True,0.7,10.0,0.20759034285714,False,0.2807025386936149,0.32643928754070695,0.35627870468213907
resp0.4_win20_nonlinear_bp0.8-8,0.4,20.0,True,0.8,8.0,0.2073984695262529,False,0.2807025386936149,0.37888944017255566,0.3806177722197128
resp0.35_win20_nonlinear_bp0.8-10,0.35,20.0,True,0.8,10.0,0.2071324843180842,False,0.29269082971538796,0.38240409485401083,0.3568344229578437
resp0.5_win8_linear_bp0.8-8,0.5,8.0,False,0.8,8.0,0.20698933451036455,False,0.2807025386936149,0.3712672977081189,0.38380022052176943
resp0.4_win30_nonlinear_bp0.8-8,0.4,30.0,True,0.8,8.0,0.20693695550763114,False,0.2807025386936149,0.3768999807414556,0.3802294771782537
resp0.35_win12_nonlinear_bp0.8-10,0.35,12.0,True,0.8,10.0,0.20673172798880435,False,0.29269082971538796,0.37728323144273435,0.3569437864652766
resp0.4_win12_nonlinear_bp0.8-6,0.4,12.0,True,0.8,6.0,0.20662055791604717,False,0.2683008583262634,0.337234714919351,0.4148041311004865
resp0.35_win20_linear_bp0.8-8,0.35,20.0,False,0.8,8.0,0.2065659895379364,False,0.2807025386936149,0.3885741763327899,0.37879546625636307
resp0.35_win30_linear_bp0.8-8,0.35,30.0,False,0.8,8.0,0.2065430908997182,False,0.2807025386936149,0.38845397168825024,0.37895364837652484
resp0.4_win8_linear_bp0.8-10,0.4,8.0,False,0.8,10.0,0.20598342341651943,False,0.29269082971538796,0.3815552481702711,0.3569870393105545
resp0.4_win20_linear_bp0.8-10,0.4,20.0,False,0.8,10.0,0.2059781650275419,False,0.29269082971538796,0.38130104981627777,0.356496655285886
resp0.35_win20_nonlinear_bp0.8-8,0.35,20.0,True,0.8,8.0,0.20590956389392379,False,0.2807025386936149,0.3726961874949333,0.37964605218447056
resp0.35_win8_linear_bp0.8-8,0.35,8.0,False,0.8,8.0,0.20581676698509593,False,0.2807025386936149,0.3839612253786775,0.3794216348528305
resp0.4_win8_linear_bp0.8-8,0.4,8.0,False,0.8,8.0,0.20576324405445082,False,0.2807025386936149,0.37766829370920996,0.3800704172082419
resp0.6_win30_nonlinear_bp0.7-8,0.6,30.0,True,0.7,8.0,0.20574836331815952,False,0.3054471088388552,0.39777453912970273,0.3693702399589733
resp0.4_win30_linear_bp0.8-10,0.4,30.0,False,0.8,10.0,0.205724936435532,False,0.29269082971538796,0.3796962043023569,0.3566419394362225
resp0.35_win8_nonlinear_bp0.8-4,0.35,8.0,True,0.8,4.0,0.20560258958785937,False,0.2554640312793558,0.30511200099343405,0.46270755732646507
resp0.5_win30_linear_bp0.8-6,0.5,30.0,False,0.8,6.0,0.2055708866126959,False,0.2683008583262634,0.3529528529526249,0.41813476974613584
resp0.5_win20_linear_bp0.8-6,0.5,20.0,False,0.8,6.0,0.20548717681831782,False,0.2683008583262634,0.3522957430867474,0.4181267888062986
resp0.4_win12_linear_bp0.8-8,0.4,12.0,False,0.8,8.0,0.20538820598979998,False,0.2807025386936149,0.37484467919313014,0.3800574526548536
resp0.5_win8_linear_bp0.8-6,0.5,8.0,False,0.8,6.0,0.2052377533381361,False,0.2683008583262634,0.35144965839088516,0.4185016071336995
resp0.35_win12_nonlinear_bp0.8-8,0.35,12.0,True,0.8,8.0,0.2051586042315854,False,0.2807025386936149,0.3654133866134111,0.37984657271209205
resp0.35_win8_nonlinear_bp0.8-8,0.35,8.0,True,0.8,8.0,0.20504784231335155,False,0.2807025386936149,0.3633667415992997,0.3808520570089721
resp0.4_win30_linear_bp0.8-8,0.4,30.0,False,0.8,8.0,0.20504170271437028,False,0.2807025386936149,0.37279566389962915,0.37977588922802447
resp0.35_win30_linear_bp0.8-10,0.35,30.0,False,0.8,10.0,0.20488214445524863,False,0.29269082971538796,0.3776816769423421,0.35595277755628424
resp0.35_win30_nonlinear_bp0.8-10,0.35,30.0,True,0.8,10.0,0.20470927470554304,False,0.29269082971538796,0.3674491777443604,0.3564307001423178
resp0.6_win20_nonlinear_bp0.6-8,0.6,20.0,True,0.6,8.0,0.20469861595984779,False,0.3054471088388552,0.40415070909576445,0.33549070506761797
resp0.35_win12_linear_bp0.8-8,0.35,12.0,False,0.8,8.0,0.20465747413447172,False,0.2807025386936149,0.3756437817656743,0.37937943436406696
resp0.4_win20_linear_bp0.8-8,0.4,20.0,False,0.8,8.0,0.2045579404275531,False,0.2807025386936149,0.36952909405315343,0.37964754252356114
resp0.35_win20_linear_bp0.8-10,0.35,20.0,False,0.8,10.0,0.2043641484493109,False,0.29269082971538796,0.37415858563568855,0.3558230035338107
resp0.5_win12_linear_bp0.8-6,0.5,12.0,False,0.8,6.0,0.20432729104752134,False,0.2683008583262634,0.34452445980818625,0.4184921246484531
resp0.6_win12_nonlinear_bp0.7-4,0.6,12.0,True,0.7,4.0,0.20388804118980275,False,0.2683008583262634,0.3193449268265184,0.4372259023993935
resp0.4_win12_nonlinear_bp0.8-8,0.4,12.0,True,0.8,8.0,0.20383962277765194,False,0.2807025386936149,0.3507113688704896,0.3809371962288654
resp0.6_win30_nonlinear_bp0.7-6,0.6,30.0,True,0.7,6.0,0.2038315371560267,False,0.3054471088388552,0.4027867475090533,0.3988709292570113
resp0.35_win12_linear_bp0.8-10,0.35,12.0,False,0.8,10.0,0.20363999234583124,False,0.29269082971538796,0.37198931460172857,0.3564654448768606
resp0.6_win20_nonlinear_bp0.6-6,0.6,20.0,True,0.6,6.0,0.20315742723253383,False,0.3054471088388552,0.41991881254662067,0.3576914884428412
resp0.4_win12_linear_bp0.8-10,0.4,12.0,False,0.8,10.0,0.20293327403208744,False,0.29269082971538796,0.36080332154722344,0.3569722473758693
resp0.6_win20_linear_bp0.7-6,0.6,20.0,False,0.7,6.0,0.20261330985258816,False,0.3054471088388552,0.40724720842102485,0.39830700128036534
resp0.6_win20_nonlinear_bp0.6-10,0.6,20.0,True,0.6,10.0,0.20250497437928722,False,0.3054471088388552,0.3781645798434445,0.3193869494348602
resp0.6_win30_nonlinear_bp0.6-6,0.6,30.0,True,0.6,6.0,0.20172178689878956,False,0.3054471088388552,0.41286240510155364,0.35687757856795527
resp0.6_win30_linear_bp0.7-6,0.6,30.0,False,0.7,6.0,0.20153949210521255,False,0.3054471088388552,0.4000662210978627,0.39798462515242133
resp0.4_win8_nonlinear_bp0.8-6,0.4,8.0,True,0.8,6.0,0.20101727235970895,False,0.2683008583262634,0.2981504398183419,0.4160009209004333
resp0.6_win30_nonlinear_bp0.6-10,0.6,30.0,True,0.6,10.0,0.20080665696793534,False,0.3054471088388552,0.36864544894207346,0.31876708975110235
resp0.6_win8_nonlinear_bp0.6-8,0.6,8.0,True,0.6,8.0,0.20063202477141448,False,0.29269082971538796,0.3703700816800314,0.34582988258497926
resp0.5_win30_nonlinear_bp0.7-8,0.5,30.0,True,0.7,8.0,0.20052998311078918,False,0.31742215868646106,0.4009000137700901,0.35115286773462057
resp0.5_win12_nonlinear_bp0.7-8,0.5,12.0,True,0.7,8.0,0.20037122000481106,False,0.3054471088388552,0.3970003610488912,0.3523853175573655
resp0.5_win8_nonlinear_bp0.7-6,0.5,8.0,True,0.7,6.0,0.20032934472160915,False,0.29269082971538796,0.40077634673519386,0.38251621833993726
resp0.6_win12_linear_bp0.7-6,0.6,12.0,False,0.7,6.0,0.20008270565987005,False,0.3054471088388552,0.3904499731004042,0.3986472533725978
resp0.5_win8_nonlinear_bp0.7-4,0.5,8.0,True,0.7,4.0,0.19967640444120846,False,0.2807025386936149,0.4117065219878324,0.4138243066583291
resp0.5_win20_nonlinear_bp0.7-8,0.5,20.0,True,0.7,8.0,0.19964967080246754,False,0.31742215868646106,0.3947564084764003,0.3518358877686555
resp0.5_win30_nonlinear_bp0.7-10,0.5,30.0,True,0.7,10.0,0.19942756361721367,False,0.31742215868646106,0.38035628664286203,0.3320945583599065
resp0.6_win12_nonlinear_bp0.6-6,0.6,12.0,True,0.6,6.0,0.19935075186426965,False,0.3054471088388552,0.39763486321323627,0.36207091631956784
resp0.6_win8_nonlinear_bp0.7-4,0.6,8.0,True,0.7,4.0,0.19914582147077126,False,0.2683008583262634,0.2896494146847928,0.44335855171388416
resp0.6_win8_nonlinear_bp0.6-6,0.6,8.0,True,0.6,6.0,0.19885894927796102,False,0.29269082971538796,0.38567543832541495,0.369400591831549
resp0.4_win20_nonlinear_bp0.8-6,0.4,20.0,True,0.8,6.0,0.19879900429290526,False,0.2683008583262634,0.324206882130664,0.41459729461115635
resp0.6_win8_linear_bp0.7-6,0.6,8.0,False,0.7,6.0,0.19850161528192997,False,0.3054471088388552,0.3808320678831004,0.39900335456896274
resp0.6_win30_nonlinear_bp0.7-4,0.6,30.0,True,0.7,4.0,0.19834003434193487,False,0.3054471088388552,0.37317727397471306,0.43252141502286734
resp0.5_win30_linear_bp0.7-8,0.5,30.0,False,0.7,8.0,0.19798937719229218,False,0.31742215868646106,0.39226606916495566,0.3501917992442424
resp0.5_win20_linear_bp0.7-8,0.5,20.0,False,0.7,8.0,0.19796468365890255,False,0.31742215868646106,0.39204942078746474,0.35030585566348554
resp0.5_win12_nonlinear_bp0.7-10,0.5,12.0,True,0.7,10.0,0.1978335242936133,False,0.3054471088388552,0.3644703953942545,0.33315305290849495
resp0.5_win12_linear_bp0.7-8,0.5,12.0,False,0.7,8.0,0.19770138252765035,False,0.31742215868646106,0.389950325477714,0.35060112933676246
resp0.6_win8_linear_bp0.7-8,0.6,8.0,False,0.7,8.0,0.1976903390761936,False,0.3054471088388552,0.35725556570652506,0.3694080208508757
resp0.6_win8_linear_bp0.7-10,0.6,8.0,False,0.7,10.0,0.19752568260087128,False,0.3054471088388552,0.34317576594661553,0.34963113969702986
resp0.6_win12_nonlinear_bp0.6-4,0.6,12.0,True,0.6,4.0,0.19713963234000062,False,0.3054471088388552,0.40403995520115055,0.39778024530186107
resp0.6_win12_linear_bp0.7-10,0.6,12.0,False,0.7,10.0,0.19660971258133556,False,0.3054471088388552,0.3368314376145497,0.3494470374734792
resp0.6_win20_linear_bp0.7-8,0.6,20.0,False,0.7,8.0,0.19655506257255279,False,0.3054471088388552,0.34885163812513664,0.36876696783640994
resp0.6_win30_linear_bp0.7-10,0.6,30.0,False,0.7,10.0,0.19655415928972728,False,0.3054471088388552,0.3364439413133487,0.3489864362960052
resp0.6_win30_linear_bp0.7-8,0.6,30.0,False,0.7,8.0,0.19654794749072016,False,0.3054471088388552,0.3488463949285614,0.3685183937859742
resp0.6_win20_linear_bp0.7-10,0.6,20.0,False,0.7,10.0,0.19650712348876187,False,0.3054471088388552,0.33618832466901116,0.3491923722414151
resp0.4_win30_nonlinear_bp0.8-6,0.4,30.0,True,0.8,6.0,0.19605297644337993,False,0.2683008583262634,0.30757468365364904,0.41420124426017546
resp0.4_win12_nonlinear_bp0.7-8,0.4,12.0,True,0.7,8.0,0.19587011757051465,False,0.31742215868646106,0.38343052069762623,0.34386608520732254
resp0.6_win12_linear_bp0.7-8,0.6,12.0,False,0.7,8.0,0.19571032972977884,False,0.3054471088388552,0.34328795943865886,0.3690032168368804
resp0.6_win8_nonlinear_bp0.6-10,0.6,8.0,True,0.6,10.0,0.1955118833115761,False,0.29269082971538796,0.3243672249926395,0.32882472502910026
resp0.5_win20_nonlinear_bp0.7-6,0.5,20.0,True,0.7,6.0,0.19545833745068802,False,0.31742215868646106,0.3917767008578021,0.3789979630938254
resp0.35_win12_nonlinear_bp0.7-6,0.35,12.0,True,0.7,6.0,0.19478054145263857,False,0.31742215868646106,0.40406171942225944,0.3686243583544098
resp0.5_win30_nonlinear_bp0.7-6,0.5,30.0,True,0.7,6.0,0.19456863886636108,False,0.31742215868646106,0.38397698570598937,0.3783825667754588
resp0.6_win12_linear_bp0.7-4,0.6,12.0,False,0.7,4.0,0.19448304613851608,False,0.3054471088388552,0.3573371251515799,0.4320619566790582
resp0.5_win12_nonlinear_bp0.7-6,0.5,12.0,True,0.7,6.0,0.19437062590990448,False,0.3054471088388552,0.37972403472132954,0.37951891752625827
resp0.35_win12_nonlinear_bp0.8-6,0.35,12.0,True,0.8,6.0,0.19421367427920908,False,0.2807025386936149,0.3171251537011511,0.41399275833464705
resp0.5_win8_nonlinear_bp0.7-8,0.5,8.0,True,0.7,8.0,0.19369594571292753,False,0.29269082971538796,0.3346933435464308,0.35496074090002866
resp0.35_win8_linear_bp0.8-10,0.35,8.0,False,0.8,10.0,0.19352847606272444,False,0.3401747533969124,0.36851367121025574,0.35653978849809265
resp0.5_win12_nonlinear_bp0.7-4,0.5,12.0,True,0.7,4.0,0.19348742328260396,False,0.3054471088388552,0.4040121623433726,0.41028694656377124
resp0.5_win12_linear_bp0.7-6,0.5,12.0,False,0.7,6.0,0.19347145508244507,False,0.31742215868646106,0.38599640654636597,0.3777935649823331
resp0.5_win30_linear_bp0.7-6,0.5,30.0,False,0.7,6.0,0.1933021995733122,False,0.31742215868646106,0.3852651620227989,0.3773891528042252
resp0.5_win8_linear_bp0.7-8,0.5,8.0,False,0.7,8.0,0.1929419346788369,False,0.31742215868646106,0.3582212117886655,0.3506701488445338
resp0.5_win20_nonlinear_bp0.7-4,0.5,20.0,True,0.7,4.0,0.1929356804554314,False,0.3054471088388552,0.38538437808896053,0.4095610172376677
resp0.4_win30_nonlinear_bp0.7-10,0.4,30.0,True,0.7,10.0,0.19293509483479993,False,0.32899127464092787,0.3711871134635799,0.3242739691271476
resp0.6_win30_nonlinear_bp0.6-8,0.6,30.0,True,0.6,8.0,0.19284367885411338,False,0.3054471088388552,0.32741793378244277,0.33461067566603897
resp0.35_win8_linear_bp0.8-6,0.35,8.0,False,0.8,6.0,0.1927552598307118,False,0.2807025386936149,0.323545791831149,0.41330745983001765
resp0.4_win8_linear_bp0.8-6,0.4,8.0,False,0.8,6.0,0.1927379321013087,False,0.2807025386936149,0.31869863327890274,0.41395257092074117
resp0.4_win12_nonlinear_bp0.7-6,0.4,12.0,True,0.7,6.0,0.19271072921171872,False,0.31742215868646106,0.38634883211644905,0.3705728558497308
resp0.4_win12_linear_bp0.8-6,0.4,12.0,False,0.8,6.0,0.1926730806568069,False,0.2807025386936149,0.3179581105530804,0.4139506613821014
resp0.35_win30_nonlinear_bp0.7-6,0.35,30.0,True,0.7,6.0,0.192555505851941,False,0.31742215868646106,0.3929421129057711,0.36789513786320654
resp0.6_win8_linear_bp0.7-4,0.6,8.0,False,0.7,4.0,0.19253609050895296,False,0.3054471088388552,0.34510793338970086,0.43249082787198684
resp0.6_win30_linear_bp0.7-4,0.6,30.0,False,0.7,4.0,0.1925221788780393,False,0.3054471088388552,0.34414280855334267,0.4313191789318641
resp0.5_win8_linear_bp0.7-10,0.5,8.0,False,0.7,10.0,0.19243335612072504,False,0.32899127464092787,0.35753039678485443,0.3317134432788836
resp0.6_win12_linear_bp0.6-10,0.6,12.0,False,0.6,10.0,0.1921604949304721,False,0.31742215868646106,0.33406839569183977,0.3187747346607394
resp0.6_win20_nonlinear_bp0.6-4,0.6,20.0,True,0.6,4.0,0.1921485798676268,False,0.3054471088388552,0.36822379501202496,0.4009736047980815
resp0.4_win20_nonlinear_bp0.7-8,0.4,20.0,True,0.7,8.0,0.1920685205467121,False,0.32899127464092787,0.375178651938725,0.3432096169850065
resp0.35_win8_nonlinear_bp0.8-6,0.35,8.0,True,0.8,6.0,0.1918967442009816,False,0.2807025386936149,0.30124397441310535,0.4148553065481961
resp0.5_win12_linear_bp0.7-10,0.5,12.0,False,0.7,10.0,0.1918830688167918,False,0.32899127464092787,0.3538824690758232,0.3315759632008775
resp0.6_win20_linear_bp0.7-4,0.6,20.0,False,0.7,4.0,0.19162747201617972,False,0.3054471088388552,0.33816581279010033,0.4317106433943899
resp0.35_win20_nonlinear_bp0.8-6,0.35,20.0,True,0.8,6.0,0.19135694603888284,False,0.2807025386936149,0.3009724371372431,0.4137646210759101
resp0.35_win8_nonlinear_bp0.7-6,0.35,8.0,True,0.7,6.0,0.19130311163545147,False,0.31742215868646106,0.37918287738794393,0.3704157928940979
resp0.4_win8_nonlinear_bp0.7-6,0.4,8.0,True,0.7,6.0,0.1912793919211823,False,0.31742215868646106,0.374866005418413,0.37268571323531813
resp0.6_win8_linear_bp0.6-10,0.6,8.0,False,0.6,10.0,0.19115883186617635,False,0.31742215868646106,0.32723542882561063,0.3191390892389601
resp0.4_win12_nonlinear_bp0.7-10,0.4,12.0,True,0.7,10.0,0.19112350009169846,False,0.32899127464092787,0.3571001409897515,0.3251619081439572
resp0.5_win20_linear_bp0.7-10,0.5,20.0,False,0.7,10.0,0.19110933773885078,False,0.32899127464092787,0.34897943319887836,0.33135397504143416
resp0.4_win8_nonlinear_bp0.7-10,0.4,8.0,True,0.7,10.0,0.19108704100869187,False,0.31742215868646106,0.3391310137117136,0.32687824741515875
resp0.4_win8_nonlinear_bp0.7-8,0.4,8.0,True,0.7,8.0,0.19099876429036225,False,0.31742215868646106,0.3488112627947905,0.3453963224099184
resp0.4_win20_nonlinear_bp0.7-6,0.4,20.0,True,0.7,6.0,0.19095218995329674,False,0.31742215868646106,0.3757746687895524,0.37012465629741614
resp0.6_win30_linear_bp0.6-10,0.6,30.0,False,0.6,10.0,0.19072374703061115,False,0.31742215868646106,0.325406038712488,0.31800211046248594
resp0.5_win30_linear_bp0.7-10,0.5,30.0,False,0.7,10.0,0.1907026938053685,False,0.32899127464092787,0.3463165604712691,0.33128006932041404
resp0.6_win20_linear_bp0.6-10,0.6,20.0,False,0.6,10.0,0.1906744669895427,False,0.31742215868646106,0.32476069500989935,0.3185149249171414
resp0.35_win20_linear_bp0.8-6,0.35,20.0,False,0.8,6.0,0.19058301002516062,False,0.2807025386936149,0.30872277410082094,0.4126852188454618
resp0.35_win30_linear_bp0.8-6,0.35,30.0,False,0.8,6.0,0.1905516102363027,False,0.2807025386936149,0.3085200871238026,0.41282062559080923
resp0.5_win8_nonlinear_bp0.7-10,0.5,8.0,True,0.7,10.0,0.1904178820209243,False,0.29269082971538796,0.29881092509476526,0.33577478068426836
resp0.5_win20_nonlinear_bp0.7-10,0.5,20.0,True,0.7,10.0,0.19038756623079153,False,0.31742215868646106,0.3193374802879231,0.33264018372998116
resp0.35_win20_nonlinear_bp0.7-6,0.35,20.0,True,0.7,6.0,0.19034120417689876,False,0.31742215868646106,0.3771029472650406,0.36809944633606667
resp0.4_win20_linear_bp0.8-6,0.4,20.0,False,0.8,6.0,0.19023745933542593,False,0.2807025386936149,0.30192074325887264,0.4134592826148423
resp0.5_win30_nonlinear_bp0.7-4,0.5,30.0,True,0.7,4.0,0.19008525929108422,False,0.3054471088388552,0.36322431236504454,0.40895335152409196
resp0.4_win30_linear_bp0.8-6,0.4,30.0,False,0.8,6.0,0.1899183729721704,False,0.2807025386936149,0.29983887587390984,0.4135427125878256
resp0.6_win30_linear_bp0.6-4,0.6,30.0,False,0.6,4.0,0.18970232293039535,False,0.31742215868646106,0.3732383873144528,0.40125138647376846
resp0.35_win20_nonlinear_bp0.7-8,0.35,20.0,True,0.7,8.0,0.1895541231518186,False,0.32899127464092787,0.3642428613781785,0.3411476306684721
resp0.4_win12_linear_bp0.7-6,0.4,12.0,False,0.7,6.0,0.1893533495062046,False,0.31742215868646106,0.38067816848844516,0.3689923663505304
resp0.4_win12_nonlinear_bp0.7-4,0.4,12.0,True,0.7,4.0,0.18932351989254628,False,0.31742215868646106,0.38339058454264924,0.4002670088001922
resp0.4_win20_linear_bp0.7-6,0.4,20.0,False,0.7,6.0,0.1888894876390816,False,0.31742215868646106,0.3777706044023798,0.36860340430300575
resp0.4_win30_linear_bp0.7-6,0.4,30.0,False,0.7,6.0,0.1888649017741479,False,0.31742215868646106,0.3776226423857806,0.3686337882913674
resp0.4_win8_linear_bp0.7-6,0.4,8.0,False,0.7,6.0,0.1885908919046537,False,0.31742215868646106,0.37615487623208044,0.368914072634328
resp0.4_win30_nonlinear_bp0.7-6,0.4,30.0,True,0.7,6.0,0.18858421394713387,False,0.31742215868646106,0.35995387571632564,0.3695974446124543
resp0.5_win12_linear_bp0.7-4,0.5,12.0,False,0.7,4.0,0.1884412896677806,False,0.31742215868646106,0.37280536167032086,0.4081078669474388
resp0.5_win20_linear_bp0.7-6,0.5,20.0,False,0.7,6.0,0.18827207424319412,False,0.31742215868646106,0.3516960930409586,0.3775065210890949
resp0.35_win30_nonlinear_bp0.8-6,0.35,30.0,True,0.8,6.0,0.1874197112829548,False,0.2807025386936149,0.2765595061707841,0.41339620725320714
resp0.6_win30_nonlinear_bp0.6-4,0.6,30.0,True,0.6,4.0,0.18711202952378278,False,0.31742215868646106,0.35365751127365375,0.40047693833475945
resp0.6_win30_linear_bp0.6-6,0.6,30.0,False,0.6,6.0,0.186941607083517,False,0.31742215868646106,0.3364002208004242,0.35676898277919217
resp0.6_win20_linear_bp0.6-6,0.6,20.0,False,0.6,6.0,0.18679389645335145,False,0.31742215868646106,0.33508924573033594,0.35661167331117427
resp0.4_win20_nonlinear_bp0.7-10,0.4,20.0,True,0.7,10.0,0.1865334778816373,False,0.32899127464092787,0.328391704996169,0.32466848551834526
resp0.6_win8_nonlinear_bp0.6-4,0.6,8.0,True,0.6,4.0,0.1865314762033387,False,0.3054471088388552,0.34941360616448425,0.3929775390191325
resp0.35_win12_nonlinear_bp0.7-8,0.35,12.0,True,0.7,8.0,0.18646477161816358,False,0.32899127464092787,0.34059778187505235,0.3418998895962657
resp0.6_win12_linear_bp0.6-8,0.6,12.0,False,0.6,8.0,0.18645931250224548,False,0.31742215868646106,0.3100785860823948,0.3343088109495313
resp0.5_win8_linear_bp0.7-6,0.5,8.0,False,0.7,6.0,0.18643292511668497,False,0.31742215868646106,0.33919450960515296,0.3778963239431534
resp0.4_win8_nonlinear_bp0.7-4,0.4,8.0,True,0.7,4.0,0.1863972427708126,False,0.3054471088388552,0.34654571105675763,0.40284855999856434
resp0.6_win12_linear_bp0.6-6,0.6,12.0,False,0.6,6.0,0.18623083970818388,False,0.31742215868646106,0.3305840382802632,0.35664278943179767
resp0.35_win12_linear_bp0.8-6,0.35,12.0,False,0.8,6.0,0.18619096809434646,False,0.2807025386936149,0.27925551005820715,0.4133132727638169
resp0.6_win8_linear_bp0.6-4,0.6,8.0,False,0.6,4.0,0.1861817409137777,False,0.31742215868646106,0.3483722303702343,0.4010952694314316
resp0.35_win12_nonlinear_bp0.7-10,0.35,12.0,True,0.7,10.0,0.18614179578723974,False,0.32899127464092787,0.32874243191690244,0.32344459646956825
resp0.35_win30_nonlinear_bp0.7-8,0.35,30.0,True,0.7,8.0,0.18603253679620751,False,0.32899127464092787,0.34194765242842673,0.3408904745558085
resp0.4_win30_nonlinear_bp0.7-8,0.4,30.0,True,0.7,8.0,0.18595401355339786,False,0.32899127464092787,0.3343462497259813,0.3426662603144045
resp0.35_win30_nonlinear_bp0.7-10,0.35,30.0,True,0.7,10.0,0.18580233411583225,False,0.32899127464092787,0.3312453682133617,0.3227121996300305
resp0.6_win12_linear_bp0.6-4,0.6,12.0,False,0.6,4.0,0.18556236084113328,False,0.31742215868646106,0.34456843121903535,0.4010758108170059
resp0.6_win8_linear_bp0.6-6,0.6,8.0,False,0.6,6.0,0.1852840306350834,False,0.31742215868646106,0.32419806220534914,0.35705649036411513
resp0.6_win20_linear_bp0.6-4,0.6,20.0,False,0.6,4.0,0.1850926171655131,False,0.31742215868646106,0.3421378637202059,0.4011441020884623
resp0.4_win30_nonlinear_bp0.7-4,0.4,30.0,True,0.7,4.0,0.18435600808076574,False,0.31742215868646106,0.3507977323540661,0.39917636019314096
resp0.35_win20_nonlinear_bp0.7-10,0.35,20.0,True,0.7,10.0,0.18397237192445604,False,0.32899127464092787,0.3176555330131937,0.32296379385298124
resp0.5_win8_linear_bp0.7-4,0.5,8.0,False,0.7,4.0,0.1837357740934768,False,0.31742215868646106,0.34157826439310396,0.40827764754120205
resp0.6_win8_linear_bp0.6-8,0.6,8.0,False,0.6,8.0,0.18342120753107527,False,0.3054471088388552,0.27366858266942734,0.33471080442732215
resp0.35_win30_nonlinear_bp0.7-4,0.35,30.0,True,0.7,4.0,0.18329922586375458,False,0.31742215868646106,0.34936934634481015,0.397312866217292
resp0.4_win20_nonlinear_bp0.7-4,0.4,20.0,True,0.7,4.0,0.18321331386698653,False,0.31742215868646106,0.34345921988676775,0.39985478025474047
resp0.5_win20_linear_bp0.7-4,0.5,20.0,False,0.7,4.0,0.18314812914628859,False,0.31742215868646106,0.33786858334272424,0.40779004419434667
resp0.5_win30_linear_bp0.7-4,0.5,30.0,False,0.7,4.0,0.1828821119081874,False,0.31742215868646106,0.33616904991400964,0.4076239016449317
resp0.4_win8_linear_bp0.7-10,0.4,8.0,False,0.7,10.0,0.18256963217605443,False,0.32899127464092787,0.321426036736501,0.32388125255320316
resp0.35_win20_nonlinear_bp0.7-4,0.35,20.0,True,0.7,4.0,0.1815619631249576,False,0.31742215868646106,0.33695314507063406,0.3975858440261733
resp0.6_win30_linear_bp0.6-8,0.6,30.0,False,0.6,8.0,0.18040083727441292,False,0.31742215868646106,0.2706087635152398,0.33351263430624106
resp0.4_win30_linear_bp0.7-4,0.4,30.0,False,0.7,4.0,0.18039977804573767,False,0.31742215868646106,0.3375602247016486,0.3979127057738793
resp0.5_win12_linear_bp0.6-8,0.5,12.0,False,0.6,8.0,0.18007957604202335,False,0.32899127464092787,0.3297319552076119,0.33010549759443575
resp0.6_win20_linear_bp0.6-8,0.6,20.0,False,0.6,8.0,0.17999872905963787,False,0.31742215868646106,0.26767218625453065,0.3340098723698451
resp0.35_win8_nonlinear_bp0.7-10,0.35,8.0,True,0.7,10.0,0.17998494340644824,False,0.32899127464092787,0.28539760399172187,0.32515752194849107
resp0.35_win12_nonlinear_bp0.7-4,0.35,12.0,True,0.7,4.0,0.17950846671649096,False,0.31742215868646106,0.3213501525471575,0.3983034113743869
resp0.5_win30_linear_bp0.6-8,0.5,30.0,False,0.6,8.0,0.17939784246112142,False,0.32899127464092787,0.325736245590414,0.32997057745771824
resp0.5_win20_linear_bp0.6-8,0.5,20.0,False,0.6,8.0,0.17936767991822636,False,0.32899127464092787,0.32543327824080964,0.3299208770302049
resp0.5_win8_linear_bp0.6-10,0.5,8.0,False,0.6,10.0,0.1792046968534667,False,0.32899127464092787,0.31207353794600284,0.31137189224878636
resp0.5_win20_nonlinear_bp0.6-10,0.5,20.0,True,0.6,10.0,0.17919193689871388,False,0.32899127464092787,0.291149583589764,0.3107447485075174
resp0.35_win30_linear_bp0.7-8,0.35,30.0,False,0.7,8.0,0.17918666727237165,False,0.32899127464092787,0.3176377065073941,0.34025586433325533
resp0.5_win8_linear_bp0.6-8,0.5,8.0,False,0.6,8.0,0.17916306821581882,False,0.32899127464092787,0.3236288089468715,0.33007698052568474
resp0.35_win12_linear_bp0.7-8,0.35,12.0,False,0.7,8.0,0.17914491428525564,False,0.32899127464092787,0.317190576289475,0.3405455268633817
resp0.35_win20_linear_bp0.7-8,0.35,20.0,False,0.7,8.0,0.17904317255753815,False,0.32899127464092787,0.316640516464759,0.34009379123426664
resp0.35_win8_linear_bp0.7-8,0.35,8.0,False,0.7,8.0,0.17889067006929632,False,0.32899127464092787,0.31660106400615673,0.34057615658206825
resp0.4_win12_linear_bp0.7-8,0.4,12.0,False,0.7,8.0,0.17834083536858053,False,0.32899127464092787,0.3009319940956302,0.34218222651083136
resp0.5_win12_linear_bp0.6-10,0.5,12.0,False,0.6,10.0,0.1782815171031061,False,0.3401747533969124,0.3209271275370431,0.31135992508251314
resp0.4_win20_linear_bp0.7-8,0.4,20.0,False,0.7,8.0,0.17817806457374452,False,0.32899127464092787,0.3000436219744416,0.34182234197894845
resp0.5_win30_linear_bp0.6-10,0.5,30.0,False,0.6,10.0,0.17817702824164472,False,0.3401747533969124,0.3207423179649188,0.3113139039897802
resp0.5_win20_linear_bp0.6-10,0.5,20.0,False,0.6,10.0,0.1780463577256073,False,0.3401747533969124,0.319780438341841,0.31124121316936415
resp0.5_win12_nonlinear_bp0.6-8,0.5,12.0,True,0.6,8.0,0.17797406752842787,False,0.31742215868646106,0.27550653987373763,0.3293603287860489
resp0.5_win12_nonlinear_bp0.6-10,0.5,12.0,True,0.6,10.0,0.17783590221006948,False,0.31742215868646106,0.26225217615454943,0.31044206572678607
resp0.35_win30_linear_bp0.7-10,0.35,30.0,False,0.7,10.0,0.1777599299402675,False,0.3401747533969124,0.3157299021529929,0.32213799899015044
resp0.4_win12_linear_bp0.7-4,0.4,12.0,False,0.7,4.0,0.17753713422147413,False,0.31742215868646106,0.3183319602256972,0.39841621605347083
resp0.4_win20_linear_bp0.7-10,0.4,20.0,False,0.7,10.0,0.1775280292491224,False,0.32899127464092787,0.2873669315671013,0.3235307037343661
resp0.35_win20_linear_bp0.7-10,0.35,20.0,False,0.7,10.0,0.17751336918025198,False,0.3401747533969124,0.3140665023729804,0.32207003859513705
resp0.35_win8_linear_bp0.7-10,0.35,8.0,False,0.7,10.0,0.17741982456876632,False,0.32899127464092787,0.29959363209770706,0.3224715896311244
resp0.4_win12_linear_bp0.7-10,0.4,12.0,False,0.7,10.0,0.17738976905174458,False,0.32899127464092787,0.286243157080436,0.32388397972710903
resp0.35_win8_nonlinear_bp0.7-8,0.35,8.0,True,0.7,8.0,0.177355333563018,False,0.32899127464092787,0.27780621957265494,0.3436547156273241
resp0.4_win30_linear_bp0.7-10,0.4,30.0,False,0.7,10.0,0.17735196600526482,False,0.32899127464092787,0.2862225655552055,0.3236002322547813
resp0.35_win12_linear_bp0.7-10,0.35,12.0,False,0.7,10.0,0.17732644164669933,False,0.3401747533969124,0.312698087514371,0.32245017246976354
resp0.35_win30_linear_bp0.7-6,0.35,30.0,False,0.7,6.0,0.17730842837065836,False,0.31742215868646106,0.3095923827094834,0.3670739826285403
resp0.35_win20_linear_bp0.7-6,0.35,20.0,False,0.7,6.0,0.17729994703852903,False,0.31742215868646106,0.3094996775715815,0.3670145185515467
resp0.35_win8_linear_bp0.7-6,0.35,8.0,False,0.7,6.0,0.1771838435636861,False,0.31742215868646106,0.30955574542263964,0.3673954810026733
resp0.35_win12_linear_bp0.7-6,0.35,12.0,False,0.7,6.0,0.17704191366879288,False,0.31742215868646106,0.30767084858532723,0.36747717278301734
resp0.4_win30_linear_bp0.7-8,0.4,30.0,False,0.7,8.0,0.17676004708167933,False,0.32899127464092787,0.2905953218907163,0.341878819147803
resp0.5_win20_nonlinear_bp0.6-4,0.5,20.0,True,0.6,4.0,0.17657288398121704,False,0.31742215868646106,0.3134982471013682,0.40300403020954684
resp0.4_win20_linear_bp0.7-4,0.4,20.0,False,0.7,4.0,0.17637142463495334,False,0.31742215868646106,0.31066715995611416,0.3979147101059674
resp0.5_win20_nonlinear_bp0.6-8,0.5,20.0,True,0.6,8.0,0.175711746166464,False,0.32899127464092787,0.28041352126565167,0.3295778714585992
resp0.4_win8_linear_bp0.7-8,0.4,8.0,False,0.7,8.0,0.1750027831877302,False,0.32899127464092787,0.2792902783678183,0.3421640863933706
resp0.5_win8_nonlinear_bp0.6-10,0.5,8.0,True,0.6,10.0,0.1746753148205726,False,0.31742215868646106,0.2375426786293766,0.3088276295961219
resp0.5_win12_nonlinear_bp0.6-4,0.5,12.0,True,0.6,4.0,0.17415247986435048,False,0.31742215868646106,0.2960471596888517,0.4024215745820087
resp0.5_win8_linear_bp0.6-6,0.5,8.0,False,0.6,6.0,0.17401561303907762,False,0.32899127464092787,0.3104167882540995,0.3594357842067038
resp0.5_win20_linear_bp0.6-4,0.5,20.0,False,0.6,4.0,0.1739706374435605,False,0.37527086303100426,0.3893453989464627,0.4036488936487679
resp0.5_win8_linear_bp0.6-4,0.5,8.0,False,0.6,4.0,0.17396333446576076,False,0.37527086303100426,0.3894727319779233,0.4036851882877582
resp0.5_win30_linear_bp0.6-4,0.5,30.0,False,0.6,4.0,0.17386378312945341,False,0.37527086303100426,0.38856489942351596,0.4037420122231635
resp0.5_win12_linear_bp0.6-4,0.5,12.0,False,0.6,4.0,0.17379870823717614,False,0.37527086303100426,0.388236434156339,0.40387545317058793
resp0.5_win30_nonlinear_bp0.6-10,0.5,30.0,True,0.6,10.0,0.17360198554753117,False,0.32899127464092787,0.2544699201514647,0.3102488794146019
resp0.5_win12_linear_bp0.6-6,0.5,12.0,False,0.6,6.0,0.17204197993795195,False,0.32899127464092787,0.2972477112974883,0.35944310223170367
resp0.5_win20_linear_bp0.6-6,0.5,20.0,False,0.6,6.0,0.1720132817165853,False,0.32899127464092787,0.29743112123196985,0.3592822603042045
resp0.5_win30_linear_bp0.6-6,0.5,30.0,False,0.6,6.0,0.1718911847423995,False,0.32899127464092787,0.29674544083606613,0.3593474505393227
resp0.5_win8_nonlinear_bp0.6-4,0.5,8.0,True,0.6,4.0,0.17061837818805287,False,0.31742215868646106,0.2685168227057133,0.39990770610573256
resp0.35_win20_linear_bp0.6-10,0.35,20.0,False,0.6,10.0,0.170611307465017,False,0.3944932980146657,0.39983558841748584,0.3050969565552434
resp0.5_win8_nonlinear_bp0.6-8,0.5,8.0,True,0.6,8.0,0.16936107441344933,False,0.3155072545632786,0.21223566101027758,0.3276268936921567
resp0.35_win30_linear_bp0.6-10,0.35,30.0,False,0.6,10.0,0.16867322573833465,False,0.3944932980146657,0.3869887499150164,0.3052624560162759
resp0.4_win8_linear_bp0.7-4,0.4,8.0,False,0.7,4.0,0.16840868739449785,False,0.31742215868646106,0.2579160240536654,0.39854709243497244
resp0.5_win12_nonlinear_bp0.6-6,0.5,12.0,True,0.6,6.0,0.1671907971675218,False,0.31742215868646106,0.22561301390228042,0.358370162141472
resp0.5_win8_nonlinear_bp0.6-6,0.5,8.0,True,0.6,6.0,0.16652888860512624,False,0.31742215868646106,0.2158464721021059,0.3563908824996551
resp0.35_win12_linear_bp0.6-10,0.35,12.0,False,0.6,10.0,0.1663948911474522,False,0.3944932980146657,0.37166502344126573,0.3054337334021519
resp0.35_win12_linear_bp0.6-6,0.35,12.0,False,0.6,6.0,0.16634671727291725,False,0.3850322557961448,0.3785687345067629,0.3529975176706794
resp0.35_win8_linear_bp0.6-10,0.35,8.0,False,0.6,10.0,0.1663410335966218,False,0.3944932980146657,0.3739946643322307,0.3047361569024836
resp0.35_win20_linear_bp0.6-6,0.35,20.0,False,0.6,6.0,0.16631259503395782,False,0.3850322557961448,0.3784164354433736,0.35259984651910903
resp0.35_win12_linear_bp0.6-8,0.35,12.0,False,0.6,8.0,0.16540170060572024,False,0.3944932980146657,0.3724822928661357,0.3238120134500199
resp0.35_win30_linear_bp0.6-6,0.35,30.0,False,0.6,6.0,0.1651963401961923,False,0.3850322557961448,0.37100675233033864,0.3527817983439995
resp0.35_win30_nonlinear_bp0.6-10,0.35,30.0,True,0.6,10.0,0.16510914465599275,False,0.3850322557961448,0.3124602024185966,0.30460741243414685
resp0.35_win8_nonlinear_bp0.6-4,0.35,8.0,True,0.6,4.0,0.1648052985306633,False,0.37527086303100426,0.31943175362786164,0.3930209341956006
resp0.35_win30_linear_bp0.6-8,0.35,30.0,False,0.6,8.0,0.16453817752200334,False,0.3944932980146657,0.3668470256328373,0.32361280745511
resp0.35_win20_linear_bp0.6-8,0.35,20.0,False,0.6,8.0,0.1644599043947738,False,0.3944932980146657,0.36630692255514424,0.3234317134180575
resp0.35_win8_linear_bp0.6-8,0.35,8.0,False,0.6,8.0,0.1642530926620994,False,0.3944932980146657,0.36736062389920526,0.32301645204426743
resp0.35_win20_linear_bp0.7-4,0.35,20.0,False,0.7,4.0,0.16331988815985532,False,0.31742215868646106,0.23036883012715453,0.3963372537048288
resp0.35_win30_linear_bp0.7-4,0.35,30.0,False,0.7,4.0,0.16316664995744026,False,0.31742215868646106,0.2293706046384783,0.3964246594533791
resp0.35_win12_linear_bp0.6-4,0.35,12.0,False,0.6,4.0,0.16234109331749275,False,0.3850322557961448,0.35949041904601425,0.39715921497866796
resp0.5_win30_nonlinear_bp0.6-8,0.5,30.0,True,0.6,8.0,0.16231725635940744,False,0.32899127464092787,0.19197966645422848,0.3290112229411547
resp0.4_win12_nonlinear_bp0.6-4,0.4,12.0,True,0.6,4.0,0.16199550066355756,False,0.37527086303100426,0.3077618612566153,0.39824814276462106
resp0.35_win8_linear_bp0.6-4,0.35,8.0,False,0.6,4.0,0.16185770896856377,False,0.3850322557961448,0.35692906778126965,0.39585300777863236
resp0.35_win20_nonlinear_bp0.6-10,0.35,20.0,True,0.6,10.0,0.16166997738036604,False,0.3850322557961448,0.286765485407782,0.30538319305081185
resp0.4_win20_nonlinear_bp0.6-10,0.4,20.0,True,0.6,10.0,0.16160511676468958,False,0.3850322557961448,0.28211149476711367,0.3073246518389099
resp0.35_win8_linear_bp0.6-6,0.35,8.0,False,0.6,6.0,0.16139436134397414,False,0.3850322557961448,0.3477445700079511,0.3520809675503137
resp0.35_win12_linear_bp0.7-4,0.35,12.0,False,0.7,4.0,0.16119373734066417,False,0.31742215868646106,0.21607968350899237,0.3969385563452585
resp0.35_win8_linear_bp0.7-4,0.35,8.0,False,0.7,4.0,0.16070676393782615,False,0.31742215868646106,0.21344290771495528,0.3970116963706556
resp0.35_win20_linear_bp0.6-4,0.35,20.0,False,0.6,4.0,0.1604878640711074,False,0.3850322557961448,0.34719686538900535,0.39661069729214316
resp0.35_win30_nonlinear_bp0.6-8,0.35,30.0,True,0.6,8.0,0.16047169596351898,False,0.3850322557961448,0.29165462899779526,0.3229355169832711
resp0.5_win30_nonlinear_bp0.6-4,0.5,30.0,True,0.6,4.0,0.16044776473515487,False,0.32899127464092787,0.22292016748722054,0.40238591732562917
resp0.35_win8_nonlinear_bp0.7-4,0.35,8.0,True,0.7,4.0,0.16037500309439065,False,0.31742215868646106,0.1927084750492151,0.40055997067385624
resp0.4_win8_linear_bp0.6-4,0.4,8.0,False,0.6,4.0,0.16037088698734206,False,0.3850322557961448,0.33160786647075746,0.3983672957232245
resp0.4_win20_linear_bp0.6-10,0.4,20.0,False,0.6,10.0,0.15975330202159338,False,0.3850322557961448,0.2927134665888696,0.3074906589777039
resp0.35_win8_nonlinear_bp0.6-10,0.35,8.0,True,0.6,10.0,0.15973510561399928,False,0.3850322557961448,0.2608724771148239,0.30301948657923516
resp0.4_win30_linear_bp0.6-10,0.4,30.0,False,0.6,10.0,0.159575065467302,False,0.3850322557961448,0.29153956634990913,0.3075853325390958
resp0.4_win8_linear_bp0.6-10,0.4,8.0,False,0.6,10.0,0.1595564565096813,False,0.3850322557961448,0.29259950808259155,0.3073079802911562
resp0.5_win30_nonlinear_bp0.6-6,0.5,30.0,True,0.6,6.0,0.15945905932531673,False,0.32899127464092787,0.19652416161505162,0.3582434380750905
resp0.4_win12_linear_bp0.6-10,0.4,12.0,False,0.6,10.0,0.15937394993505,False,0.3850322557961448,0.28999953288104846,0.30774696569218546
resp0.4_win8_nonlinear_bp0.6-4,0.4,8.0,True,0.6,4.0,0.15894306946176423,False,0.37527086303100426,0.28700042962391464,0.3945133425892566
resp0.35_win20_nonlinear_bp0.6-8,0.35,20.0,True,0.6,8.0,0.15877449599669954,False,0.3850322557961448,0.2776627700061395,0.3237991635124624
resp0.4_win12_nonlinear_bp0.6-10,0.4,12.0,True,0.6,10.0,0.15820183914412567,False,0.3850322557961448,0.2549293866776448,0.30683907690000034
resp0.4_win8_nonlinear_bp0.6-10,0.4,8.0,True,0.6,10.0,0.15755521400526615,False,0.3850322557961448,0.2506077893686319,0.3049809465502729
resp0.35_win12_nonlinear_bp0.6-4,0.35,12.0,True,0.6,4.0,0.15741268548965964,False,0.37527086303100426,0.273945349716821,0.3966303348444923
resp0.4_win20_linear_bp0.6-8,0.4,20.0,False,0.6,8.0,0.15730592324036366,False,0.3850322557961448,0.28566018485540084,0.32571312395565605
resp0.4_win30_linear_bp0.6-4,0.4,30.0,False,0.6,4.0,0.15722755645369926,False,0.3850322557961448,0.30984232089341496,0.3990418242081922
resp0.4_win12_linear_bp0.6-8,0.4,12.0,False,0.6,8.0,0.15710492682916088,False,0.3850322557961448,0.28410878219546987,0.3260281400007797
resp0.4_win8_linear_bp0.6-8,0.4,8.0,False,0.6,8.0,0.15709134766444133,False,0.3850322557961448,0.2853290947568689,0.325496039774875
resp0.4_win20_linear_bp0.6-4,0.4,20.0,False,0.6,4.0,0.15702050049960906,False,0.3850322557961448,0.30850040881981755,0.3988766110091766
resp0.4_win30_linear_bp0.6-8,0.4,30.0,False,0.6,8.0,0.1569238917100902,False,0.3850322557961448,0.28306228801308764,0.3258314830160663
resp0.4_win12_linear_bp0.6-4,0.4,12.0,False,0.6,4.0,0.1568285376056214,False,0.3850322557961448,0.30708808711021135,0.3992790826859744
resp0.4_win30_nonlinear_bp0.6-4,0.4,30.0,True,0.6,4.0,0.1564410736537622,False,0.37527086303100426,0.27789314583027236,0.3980938487843916
resp0.4_win12_nonlinear_bp0.6-8,0.4,12.0,True,0.6,8.0,0.15548298837014365,False,0.3850322557961448,0.2480132142293131,0.3253138129044491
resp0.4_win20_nonlinear_bp0.6-4,0.4,20.0,True,0.6,4.0,0.15510633538913324,False,0.37527086303100426,0.2641676765185892,0.39916686261214757
resp0.5_win20_nonlinear_bp0.6-6,0.5,20.0,True,0.6,6.0,0.15423264591557803,False,0.32899127464092787,0.15959872332687905,0.35876044756866254
resp0.4_win30_nonlinear_bp0.6-10,0.4,30.0,True,0.6,10.0,0.15196679358049844,False,0.3850322557961448,0.21878071205870409,0.30667218155251824
resp0.4_win20_nonlinear_bp0.6-8,0.4,20.0,True,0.6,8.0,0.15172536682323037,False,0.3850322557961448,0.22742468403829832,0.32566548990454264
resp0.4_win30_linear_bp0.6-6,0.4,30.0,False,0.6,6.0,0.15161661869596108,False,0.3850322557961448,0.26304920901538015,0.3550455429377755
resp0.35_win12_nonlinear_bp0.6-10,0.35,12.0,True,0.6,10.0,0.1515309683582548,False,0.3850322557961448,0.211553265645808,0.3049038992542301
resp0.4_win8_linear_bp0.6-6,0.4,8.0,False,0.6,6.0,0.15141803887444216,False,0.3850322557961448,0.2626640488132529,0.3546298501389769
resp0.4_win12_linear_bp0.6-6,0.4,12.0,False,0.6,6.0,0.15131962760633452,False,0.3850322557961448,0.2609197896510219,0.3552577537668245
resp0.4_win20_linear_bp0.6-6,0.4,20.0,False,0.6,6.0,0.15122862540272525,False,0.3850322557961448,0.26040906005776443,0.35491597367489797
resp0.35_win8_nonlinear_bp0.6-8,0.35,8.0,True,0.6,8.0,0.1509948403009911,False,0.3850322557961448,0.21374432866926518,0.32155464072981604
resp0.4_win30_nonlinear_bp0.6-8,0.4,30.0,True,0.6,8.0,0.14994717800237325,False,0.3850322557961448,0.21633760968698248,0.3248959234118537
resp0.4_win8_nonlinear_bp0.6-8,0.4,8.0,True,0.6,8.0,0.1495751437325189,False,0.3850322557961448,0.20901958892332234,0.32319448367829823
resp0.35_win8_nonlinear_bp0.6-6,0.35,8.0,True,0.6,6.0,0.1485576666966193,False,0.3850322557961448,0.21255094264401683,0.34990906684493683
resp0.35_win30_nonlinear_bp0.6-6,0.35,30.0,True,0.6,6.0,0.14836359764899515,False,0.3850322557961448,0.2274303415023745,0.3520847940269825
resp0.4_win12_nonlinear_bp0.6-6,0.4,12.0,True,0.6,6.0,0.14809711712423157,False,0.3850322557961448,0.21419465464789564,0.3542741456799037
resp0.35_win30_linear_bp0.6-4,0.35,30.0,False,0.6,4.0,0.14729218039791814,False,0.3850322557961448,0.2592370163900325,0.39682563475621
resp0.35_win12_nonlinear_bp0.6-8,0.35,12.0,True,0.6,8.0,0.14651244603820968,False,0.3850322557961448,0.18886342715403034,0.32335799525251696
resp0.35_win20_nonlinear_bp0.6-6,0.35,20.0,True,0.6,6.0,0.1459491371827814,False,0.3850322557961448,0.20884196681008282,0.3530694974375289
resp0.4_win20_nonlinear_bp0.6-6,0.4,20.0,True,0.6,6.0,0.14150370712825058,False,0.3850322557961448,0.17427083868304882,0.3548610459166425
resp0.35_win12_nonlinear_bp0.6-6,0.35,12.0,True,0.6,6.0,0.14053458728731102,False,0.3850322557961448,0.163421635137338,0.35246516562880437
resp0.4_win30_nonlinear_bp0.6-6,0.4,30.0,True,0.6,6.0,0.14040955387855406,False,0.3850322557961448,0.1703289153752401,0.35405034853255307
resp0.4_win8_nonlinear_bp0.6-6,0.4,8.0,True,0.6,6.0,0.14021449436115985,False,0.3850322557961448,0.16237825809481682,0.3515599582953229
resp0.35_win20_nonlinear_bp0.6-4,0.35,20.0,True,0.6,4.0,0.1310691527075457,False,0.3850322557961448,0.1220431423127956,0.3973421182649978
resp0.35_win30_nonlinear_bp0.6-4,0.35,30.0,True,0.6,4.0,0.1281112994355205,False,0.3850322557961448,0.10442702286921562,0.3961986710839521
