dataset,method,internalReferenceBpm,autocorrBpm,periodicity,referencePeriodicity,templateQuality,rrCv,respLeakPercent,detailPercent,noisePercent
chest_175614,directRespSubtract,76.22351,73.17073170731707,0.17950035001781728,0.17950035001781728,0.4025340691112568,0.2880233577184442,0.04251790593489555,3.905645969358789,0.0003554541003956976
chest_175614,rollingProjectionSubtract,76.22351,73.17073170731707,0.18768034732716382,0.18768034732716382,0.43267692322093443,0.29745430679950496,0.03385321836959596,3.9716479983605697,0.0003614692499291802
chest_175614,currentAppCleanHeart,76.22351,71.42857142857143,0.1461641090144214,0.14499901557168593,0.39486145863852884,0.26468998073907357,0.7295305895263493,0.7328345569428422,7.801098079249245e-06
abdomen_195248,directRespSubtract,70.690445,52.63157894736842,0.1741763124261388,0.039888881288648745,0.45298071584580957,0.30823173722556835,0.12077707194098593,2.3893230101402914,0.0007058605540840727
abdomen_195248,rollingProjectionSubtract,70.690445,53.57142857142857,0.16359682541013598,0.04356366842091533,0.46083311444514174,0.31390614367357556,0.06729081893323786,2.454174161197631,0.0007248122714554299
abdomen_195248,currentAppCleanHeart,70.690445,50.0,0.19797199050773004,0.0,0.5349064699332071,0.3312259888698779,4.330467498481924,0.38215272389801735,1.272906459731487e-05
chairback_155119,directRespSubtract,75.77764,73.17073170731707,0.14429882082559453,0.14429882082559453,0.3832497735064257,0.28008114503667064,0.061479947638943946,3.1631262849028405,0.0004513699812025025
chairback_155119,rollingProjectionSubtract,75.77764,75.0,0.1638560199462345,0.1638560199462345,0.4476107124852887,0.27948671096724426,0.06186865897855563,3.3231044104054663,0.0004742330542059244
chairback_155119,currentAppCleanHeart,75.77764,50.847457627118644,0.11700636343887288,0.07967873825745499,0.35431404343796924,0.3059175218156306,1.5728067435230337,0.6007756639623628,9.427278916791084e-06
desk_195115,directRespSubtract,,75.0,0.23717139465596318,,0.46948679416489236,0.31650223013603396,0.02167436074288087,3.6264084930952465,0.0013893248846898229
desk_195115,rollingProjectionSubtract,,75.0,0.2350855331339337,,0.47886042960352737,0.3149362412690582,0.011986329860515902,3.6855364505969157,0.0014121032521891123
desk_195115,currentAppCleanHeart,,73.17073170731707,0.20564586920818156,,0.37834711335690363,0.30234737048450605,0.5706462659820501,0.5687195352298623,2.8568882541373184e-05
desk_203107,directRespSubtract,,75.0,0.4290816842811976,,0.35873922906390665,0.24336944809945382,0.015944797790058085,9.731162660567584,0.012314340910787518
desk_203107,rollingProjectionSubtract,,75.0,0.4316016992892894,,0.34386892455716134,0.24445127787390405,0.018681821407078112,9.785115550460844,0.012380858782317483
desk_203107,currentAppCleanHeart,,75.0,0.40301922209403235,,0.46313843985669506,0.28796284858577387,0.5407489240578559,1.8298797840489684,0.0003114634709351775
desk_203202,directRespSubtract,,73.17073170731707,0.36561134870427026,,0.42965049511115067,0.26804517269463696,0.01857673929911188,8.130236956305783,0.007154354275763822
desk_203202,rollingProjectionSubtract,,73.17073170731707,0.36821354009500834,,0.3939233756056697,0.270359070506862,0.013085579762472455,8.15464545570448,0.007175104053599972
desk_203202,currentAppCleanHeart,,73.17073170731707,0.34445364403075746,,0.4138706298351853,0.268754476448286,0.6687591533846771,1.4092947722948566,0.00016660084131629813
