TemplatePoint,Phase_0_1,TimeInCycle_s,Amplitude
0,0.0000000,0.0000000,0.1139341
1,0.0156250,0.0129687,0.1289307
2,0.0312500,0.0259375,0.1508429
3,0.0468750,0.0389062,0.1764056
4,0.0625000,0.0518750,0.2140692
5,0.0781250,0.0648437,0.250753
6,0.0937500,0.0778125,0.2817008
7,0.1093750,0.0907812,0.29811
8,0.1250000,0.1037500,0.3049057
9,0.1406250,0.1167187,0.3292898
10,0.1562500,0.1296875,0.3673697
11,0.1718750,0.1426562,0.4318157
12,0.1875000,0.1556250,0.515121
13,0.2031250,0.1685937,0.6174697
14,0.2187500,0.1815625,0.7227342
15,0.2343750,0.1945312,0.810774
16,0.2500000,0.2075000,0.8928864
17,0.2656250,0.2204687,0.9455849
18,0.2812500,0.2334375,0.9962877
19,0.2968750,0.2464062,1
20,0.3125000,0.2593750,0.9855242
21,0.3281250,0.2723437,0.90906
22,0.3437500,0.2853125,0.8166646
23,0.3593750,0.2982812,0.6828444
24,0.3750000,0.3112500,0.5416971
25,0.3906250,0.3242188,0.4023297
26,0.4062500,0.3371875,0.2742074
27,0.4218750,0.3501563,0.1608993
28,0.4375000,0.3631250,0.06047066
29,0.4531250,0.3760938,-0.01241427
30,0.4687500,0.3890625,-0.08670995
31,0.4843750,0.4020313,-0.1599296
32,0.5000000,0.4150000,-0.233558
33,0.5156250,0.4279687,-0.3164939
34,0.5312500,0.4409375,-0.4073756
35,0.5468750,0.4539062,-0.5061135
36,0.5625000,0.4668750,-0.5967227
37,0.5781250,0.4798437,-0.6807278
38,0.5937500,0.4928125,-0.7506287
39,0.6093750,0.5057812,-0.8073652
40,0.6250000,0.5187500,-0.8445392
41,0.6406250,0.5317188,-0.8611388
42,0.6562500,0.5446875,-0.8729778
43,0.6718750,0.5576562,-0.8834017
44,0.6875000,0.5706250,-0.8738402
45,0.7031250,0.5835938,-0.8464934
46,0.7187500,0.5965625,-0.8073089
47,0.7343750,0.6095312,-0.8073089
48,0.7500000,0.6225000,-0.7730938
49,0.7656250,0.6354687,-0.7590439
50,0.7812500,0.6484375,-0.671912
51,0.7968750,0.6614062,-0.5491883
52,0.8125000,0.6743750,-0.3903555
53,0.8281250,0.6873437,-0.136718
54,0.8437500,0.7003125,-0.1146057
55,0.8593750,0.7132812,-0.09696931
56,0.8750000,0.7262500,-0.05016151
57,0.8906250,0.7392187,-0.003585945
58,0.9062500,0.7521875,0.03923314
59,0.9218750,0.7651562,0.07485937
60,0.9375000,0.7781250,0.09366852
61,0.9531250,0.7910937,0.1084155
62,0.9687500,0.8040625,0.09942547
63,0.9843750,0.8170312,0.1023979
