Time_s,Mixed_xDc,Mixed_normalized,CleanHeart,CleanHeart_normalized,HeartDetail_1_10Hz,HeartDetail_normalized,Enhanced75_normalized,BeatBoundary,CycleIndex,LoggedBPM
0.000,-255.2725,-0.4373946,-11.77674,-0.05598019,-19.70717,-0.1523897,-0.1000555,0,-1,67.425
0.020,-207.1797,-0.3490844,-16.46948,-0.08670952,-7.34277,-0.04239123,-0.02397094,0,-1,67.425
0.040,-249.658,-0.427085,-19.73335,-0.1080822,-3.084647,-0.004509324,0.05873329,0,-1,67.425
0.060,-160.0413,-0.2625267,-21.38557,-0.1189015,-7.783547,-0.04631256,0.1551361,0,-1,67.425
0.080,-220.8108,-0.3741145,-21.65832,-0.1206875,-12.92231,-0.09202898,0.3315945,1,0,67.425
0.100,-141.3826,-0.2282647,-21.05359,-0.1167275,-12.13677,-0.08504049,0.4665534,0,0,67.425
0.120,-211.2488,-0.3565563,-20.07443,-0.1103158,-8.738422,-0.05480749,0.5903079,0,0,67.425
0.140,-133.8962,-0.214518,-19.1013,-0.1039434,-8.596348,-0.05354355,0.6896725,0,0,67.425
0.160,-181.0674,-0.3011358,-18.42504,-0.09951509,-12.19439,-0.08555309,0.7541626,0,0,67.425
0.180,-129.7566,-0.2069166,-18.27903,-0.09855896,-15.76949,-0.1173586,0.7818316,0,0,67.425
0.200,-177.959,-0.295428,-18.81444,-0.102065,-17.5766,-0.1334353,0.7525019,0,0,67.425
0.220,-109.8494,-0.170362,-20.07327,-0.1103081,-18.95425,-0.1456915,0.6726316,0,0,67.425
0.240,-173.1008,-0.2865073,-21.99222,-0.122874,-20.18413,-0.156633,0.5434809,0,0,67.425
0.260,-139.6899,-0.2251566,-24.43606,-0.1388769,-21.2713,-0.1663048,0.3840908,0,0,67.425
0.280,-200.6631,-0.3371183,-27.27126,-0.1574425,-24.66925,-0.1965343,0.2227094,0,0,67.425
0.300,-183.8064,-0.3061653,-30.47279,-0.178407,-32.09381,-0.2625861,0.06045239,0,0,67.425
0.320,-273.0483,-0.4700355,-34.19864,-0.2028049,-42.23128,-0.3527729,-0.08955861,0,0,67.425
0.340,-207.9478,-0.3504948,-38.75049,-0.2326116,-52.21589,-0.4415998,-0.2112461,0,0,67.425
0.360,-272.1982,-0.4684745,-44.38073,-0.26948,-56.73196,-0.4817766,-0.3074584,0,0,67.425
0.380,-208.0962,-0.3507673,-50.9958,-0.3127972,-50.03717,-0.4222171,-0.3827298,0,0,67.425
0.400,-264.4253,-0.4542014,-57.92239,-0.3581545,-32.59182,-0.2670166,-0.4407301,0,0,67.425
0.420,-187.531,-0.3130046,-63.92914,-0.3974883,-10.63982,-0.07172304,-0.4912243,0,0,67.425
0.440,-215.3557,-0.3640976,-67.52549,-0.4210381,11.1405,0.1220431,-0.549372,0,0,67.425
0.460,-114.2022,-0.1783548,-67.34201,-0.4198367,32.96246,0.3161797,-0.6286821,0,0,67.425
0.480,-151.6702,-0.2471553,-62.3999,-0.3874744,56.02171,0.5213237,-0.7081029,0,0,67.425
0.500,-38.28345,-0.03894939,-52.2488,-0.3210022,77.96506,0.7165403,-0.7714967,0,0,67.425
0.520,-51.7605,-0.06369657,-37.02851,-0.2213357,95.06302,0.8686503,-0.829622,0,0,67.425
0.540,30.927,0.08813801,-17.4681,-0.09324875,106.0117,0.9660543,-0.8456787,0,0,67.425
0.560,8.837646,0.04757652,5.178777,0.05504912,109.7617,0.9994152,-0.8141217,0,0,67.425
0.580,61.21924,0.143762,29.22832,0.2125321,103.6486,0.9450313,-0.7416752,0,0,67.425
0.600,22.98706,0.07355832,52.66399,0.3659951,86.20576,0.7898528,-0.6207084,0,0,67.425
0.620,105.9172,0.2258385,73.2963,0.5011011,60.39939,0.5602692,-0.5513454,0,0,67.425
0.640,71.198,0.1620855,89.07784,0.6044429,33.90701,0.3245828,-0.380339,0,0,67.425
0.660,180.376,0.3625631,98.54846,0.6664591,14.4815,0.1517659,-0.1431376,0,0,67.425
0.680,105.3123,0.2247276,101.2197,0.6839511,3.890319,0.05754268,-0.235256,0,0,67.425
0.700,199.2991,0.3973105,97.64565,0.6605473,-3.428582,-0.007569101,-0.2837479,0,0,67.425
0.720,118.1062,0.2482205,89.09598,0.6045617,-14.60461,-0.1069954,-0.2844486,0,0,67.425
0.740,160.4851,0.3260385,77.00912,0.5254137,-32.09502,-0.2625969,-0.2415965,0,0,67.425
0.760,80.67017,0.1794787,62.50535,0.4304391,-54.52369,-0.4621309,-0.1904378,0,0,67.425
0.780,113.5234,0.2398054,46.1623,0.3234204,-78.75464,-0.6776989,-0.1355394,0,0,67.425
0.800,36.1582,0.09774378,28.10066,0.2051478,-99.9252,-0.8660404,-0.07720341,0,0,67.425
0.820,78.3667,0.175249,8.300361,0.07549009,-113.4197,-0.9860927,-0.004301111,0,0,67.425
0.840,1.353027,0.03383292,-13.02043,-0.06412423,-117.0854,-1.018704,0.08189971,0,0,67.425
0.860,41.92944,0.1083412,-35.15743,-0.2090833,-111.7739,-0.9714513,0.1955147,0,0,67.425
0.880,-31.74976,-0.02695193,-56.9118,-0.3515368,-100.3585,-0.869895,0.3315945,0,0,67.425
0.900,-30.44214,-0.02455082,-76.81409,-0.4818624,-86.51517,-0.7467396,0.4665534,0,0,64.425
0.920,-99.43774,-0.1512437,-93.48995,-0.5910604,-74.19096,-0.6370986,0.2160625,1,1,64.425
0.940,-98.44336,-0.1494178,-106.0116,-0.6730553,-65.14259,-0.5566008,0.2125802,0,1,64.425
0.960,-234.0789,-0.3984779,-114.0975,-0.7260042,-58.64567,-0.4988017,0.4188948,0,1,64.425
0.980,-216.8882,-0.3669116,-118.1301,-0.752411,-55.31533,-0.4691737,0.5851863,0,1,64.425
1.000,-330.5493,-0.5756214,-119.0099,-0.7581717,-54.70674,-0.4637594,0.7073181,0,1,64.425
1.020,-291.6038,-0.5041078,-117.8426,-0.750528,-50.69757,-0.4280923,0.7726749,0,1,64.425
1.040,-368.8777,-0.6460017,-115.4861,-0.7350973,-35.99113,-0.2972581,0.7709591,0,1,64.425
1.060,-312.719,-0.5428805,-112.1183,-0.7130437,-8.606378,-0.05363278,0.7113264,0,1,64.425
1.080,-396.7119,-0.6971122,-107.0771,-0.6800325,27.03833,0.2634764,0.6108,0,1,64.425
1.100,-354.1348,-0.6189301,-99.10836,-0.6278513,62.38354,0.577921,0.4678758,0,1,64.425
1.120,-436.7234,-0.7705831,-86.93125,-0.5481123,89.40892,0.8183493,0.2818067,0,1,64.425
1.140,-414.5361,-0.7298418,-69.85831,-0.4363141,104.8858,0.9560375,0.04739979,0,1,64.425
1.160,-487.6108,-0.864025,-48.18295,-0.2943779,110.1861,1.003191,-0.1945274,0,1,64.425
1.180,-465.9048,-0.8241673,-23.18208,-0.1306655,108.8748,0.9915252,-0.3875039,0,1,64.425
1.200,-524.6057,-0.9319566,3.226416,0.04226453,104.9656,0.9567476,-0.5562461,0,1,64.425
1.220,-460.9497,-0.8150686,29.01595,0.2111414,102.2964,0.933001,-0.6897629,0,1,64.425
1.240,-534.5503,-0.9502174,52.58174,0.3654566,103.7214,0.9456789,-0.7869917,0,1,64.425
1.260,-463.8648,-0.8204213,73.07164,0.49963,108.279,0.9862247,-0.8670929,0,1,64.425
1.280,-506.7461,-0.899162,90.4063,0.613142,112.0591,1.019854,-0.9362774,0,1,64.425
1.300,-451.1887,-0.797145,105.0417,0.7089789,113.1461,1.029524,-0.9856446,0,1,64.425
1.320,-484.2969,-0.8579397,117.6328,0.7914282,111.4911,1.014801,-0.9937492,0,1,64.425
1.340,-411.1438,-0.7236127,128.7443,0.8641897,106.7966,0.9730365,-0.9680275,0,1,64.425
1.360,-472.3723,-0.8360433,138.6732,0.9292069,99.00943,0.9037591,-0.9146492,0,1,64.425
1.380,-375.5786,-0.6583062,147.3819,0.9862337,87.87027,0.8046608,-0.8029892,0,1,64.425
1.400,-418.3528,-0.7368501,154.5439,1.033132,74.04387,0.6816558,-0.6515608,0,1,64.425
1.420,-367.6392,-0.6437275,159.6736,1.066723,59.45594,0.5518759,-0.5199306,0,1,64.425
1.440,-420.3928,-0.7405962,162.2525,1.08361,42.88992,0.4044982,-0.3015106,0,1,64.425
1.460,-375.5989,-0.6583435,161.7697,1.080449,20.74631,0.2075001,-0.1196679,0,1,64.425
1.480,-447.083,-0.7896059,157.6923,1.053749,-6.913089,-0.03856862,0.08677916,0,1,64.425
1.500,-395.0923,-0.6941382,149.4842,1,-36.04758,-0.2977603,0.07724941,0,1,64.425
1.520,-457.4714,-0.8086816,136.7493,0.9166086,-61.91267,-0.5278662,0.06649011,0,1,64.425
1.540,-418.2468,-0.7366556,119.4456,0.8032993,-81.15676,-0.6990691,0.08412549,0,1,64.425
1.560,-497.2244,-0.8816778,98.03558,0.6631006,-93.94097,-0.8128023,0.1185394,0,1,64.425
1.580,-455.6221,-0.8052857,73.46538,0.5022083,-103.3361,-0.8963851,0.1412234,0,1,64.425
1.600,-527.2959,-0.9368965,46.98114,0.3287823,-110.9395,-0.9640282,0.125513,0,1,64.425
1.620,-483.4128,-0.8563164,19.90992,0.1515126,-114.983,-1,0.07512783,0,1,64.425
1.640,-536.9888,-0.954695,-6.474985,-0.02126287,-113.0152,-0.9824942,0.006630803,0,1,64.425
1.660,-472.219,-0.8357618,-30.98522,-0.1817625,-103.8837,-0.9012567,-0.04841642,0,1,64.425
1.680,-528.8767,-0.9397992,-52.50461,-0.3226773,-87.9576,-0.7595719,0.2020745,1,2,64.425
1.700,-473.0979,-0.8373756,-70.01774,-0.4373581,-68.17505,-0.5835787,0.4525653,0,2,64.425
1.720,-564.397,-1.005023,-82.74981,-0.5207311,-50.26114,-0.4242097,0.7030562,0,2,64.425
1.740,-499.353,-0.8855865,-90.40324,-0.5708478,-39.50273,-0.3284987,0.7773505,0,2,64.425
1.760,-572.5696,-1.02003,-93.33749,-0.5900621,-35.70901,-0.2947483,0.7836205,0,2,64.425
1.780,-550.0139,-0.9786123,-92.52563,-0.5847459,-34.04365,-0.2799326,0.7639879,0,2,64.425
1.800,-590.0537,-1.052135,-89.28811,-0.5635457,-31.64604,-0.2586025,0.6863806,0,2,64.425
1.820,-524.7532,-0.9322275,-84.92568,-0.5349793,-27.20776,-0.2191178,0.5620821,0,2,64.425
1.840,-580.8857,-1.035301,-80.36781,-0.5051331,-17.37141,-0.1316099,0.3974733,0,2,64.425
1.860,-528.5469,-0.9391936,-75.94927,-0.4761993,-1.961955,0.005478581,0.2422627,0,2,64.425
1.880,-582.6614,-1.038561,-71.44132,-0.44668,12.92096,0.1378827,0.09365931,0,2,64.425
1.900,-527.3347,-0.9369677,-66.3483,-0.4133296,22.02547,0.21888,-0.054315,0,2,61.425
1.920,-561.6614,-1,-60.26668,-0.3735055,26.3177,0.2570654,-0.194118,0,2,61.425
1.940,-468.9248,-0.8297128,-53.05518,-0.3262826,30.93365,0.2981306,-0.3020214,0,2,61.425
1.960,-497.8955,-0.8829101,-44.74883,-0.2718904,40.4836,0.3830907,-0.3895486,0,2,61.425
1.980,-418.6665,-0.7374262,-35.36907,-0.2104692,54.50347,0.5078168,-0.459972,0,2,61.425
2.000,-445.1699,-0.786093,-24.84747,-0.1415709,67.12143,0.6200711,-0.5225802,0,2,61.425
2.020,-343.6982,-0.599766,-13.13935,-0.06490292,73.39226,0.6758589,-0.5993467,0,2,61.425
2.040,-366.9912,-0.6425376,-0.3962263,0.01854248,74.26183,0.6835948,-0.69562,0,2,61.425
2.060,-286.1013,-0.4940039,12.96381,0.1060276,72.73213,0.6699861,-0.791449,0,2,61.425
2.080,-332.7402,-0.5796444,26.28654,0.1932685,67.77542,0.6258893,-0.8768963,0,2,61.425
2.100,-301.6929,-0.5226339,38.69526,0.2745241,54.69099,0.5094851,-0.9276103,0,2,61.425
2.120,-347.186,-0.6061705,49.04861,0.3423207,30.41564,0.2935222,-0.9319082,0,2,61.425
2.140,-306.0942,-0.5307159,55.96709,0.3876248,-1.508414,0.009513456,-0.8798883,0,2,61.425
2.160,-366.3933,-0.6414398,58.0679,0.4013814,-32.31678,-0.2645697,-0.7930532,0,2,61.425
2.180,-312.2393,-0.5419996,54.37305,0.3771865,-55.37933,-0.4697431,-0.6821171,0,2,61.425
2.200,-342.7769,-0.5980742,44.69996,0.3138446,-68.737,-0.5885781,-0.4944408,0,2,61.425
2.220,-264.1091,-0.4536209,29.86453,0.2166981,-71.37231,-0.6120228,-0.3901218,0,2,61.425
2.240,-323.8381,-0.563298,11.63004,0.09729376,-63.56953,-0.5426062,-0.1839571,0,2,61.425
2.260,-254.2698,-0.4355534,-7.623318,-0.02878247,-50.79569,-0.4289652,-0.3053162,0,2,61.425
2.280,-319.0471,-0.5545005,-25.46825,-0.1456359,-40.90156,-0.3409432,-0.3306496,0,2,61.425
2.300,-279.2266,-0.4813802,-40.05232,-0.2411364,-37.64905,-0.3120077,-0.3025389,0,2,61.425
2.320,-310.0942,-0.5380608,-50.5023,-0.3095657,-39.49237,-0.3284066,-0.2470496,0,2,61.425
2.340,-242.6433,-0.4142043,-56.92334,-0.3516124,-40.84877,-0.3404736,-0.1859556,0,2,61.425
2.360,-318.4268,-0.5533614,-60.0349,-0.3719877,-36.3004,-0.3000096,-0.118501,0,2,61.425
2.380,-261.7825,-0.4493486,-60.71512,-0.376442,-27.7993,-0.2243804,-0.04618402,0,2,61.425
2.400,-319.5547,-0.5554326,-59.73328,-0.3700126,-22.02466,-0.173007,0.05287283,0,2,61.425
2.420,-250.0291,-0.4277664,-57.70609,-0.356738,-20.01143,-0.1550966,0.1796303,0,2,61.425
2.440,-307.9187,-0.534066,-55.09871,-0.3396642,-16.68909,-0.1255397,0.3192956,0,2,61.425
2.460,-288.9995,-0.4993257,-52.18356,-0.320575,-10.21097,-0.06790787,0.4353206,0,2,61.425
2.480,-335.6096,-0.5849134,-49.06617,-0.3001615,-5.476057,-0.02578423,0.5454642,0,2,61.425
2.500,-288.6936,-0.498764,-45.81934,-0.2789003,-5.795082,-0.0286224,0.6481175,0,2,61.425
2.520,-327.3867,-0.5698141,-42.57072,-0.2576275,-6.501542,-0.03490734,0.736381,0,2,61.425
2.540,-279.5627,-0.4819975,-39.41682,-0.2369749,-1.441061,0.01011266,0.7773505,0,2,61.425
2.560,-308.447,-0.5350361,-36.25384,-0.2162629,9.440252,0.106917,0.7836205,0,2,61.425
2.580,-241.0125,-0.4112097,-32.70874,-0.1930486,22.53252,0.2233909,0.7639879,0,2,61.425
2.600,-275.2324,-0.474046,-28.22517,-0.163689,35.63634,0.3399675,0.6863806,0,2,61.425
2.620,-217.04,-0.3671904,-22.24127,-0.1245048,47.37642,0.4444118,0.5620821,0,2,61.425
2.640,-283.1797,-0.4886391,-14.40695,-0.07320352,54.59653,0.5086448,0.3974733,0,2,61.425
2.660,-244.708,-0.4179956,-4.811474,-0.01036976,53.22858,0.496475,0.5454642,1,3,61.425
2.680,-291.761,-0.5043965,5.868601,0.05956627,42.51247,0.4011403,0.6481175,0,3,61.425
2.700,-229.4434,-0.389966,16.45009,0.1288567,28.11857,0.2730866,0.736381,0,3,61.425
2.720,-258.8289,-0.443925,25.61462,0.1888686,18.7781,0.1899901,0.7773505,0,3,61.425
2.740,-193.8706,-0.3246457,32.42108,0.2334391,18.89557,0.1910352,0.7836205,0,3,61.425
2.760,-219.6519,-0.3719864,36.66726,0.2612442,25.80591,0.2525122,0.7639879,0,3,61.425
2.780,-186.7654,-0.3115987,38.88604,0.2757734,33.07094,0.3171448,0.6863806,0,3,61.425
2.800,-228.4578,-0.3881562,39.98481,0.2829684,34.43129,0.3292469,0.5620821,0,3,61.425
2.820,-167.7632,-0.276706,40.74948,0.2879758,27.70372,0.2693959,0.3974733,0,3,61.425
2.840,-241.3254,-0.4117844,41.50115,0.2928979,16.52827,0.1699748,0.2422627,0,3,61.425
2.860,-178.5222,-0.2964623,42.05127,0.2965002,5.309432,0.07016765,0.09365931,0,3,61.425
2.880,-253.957,-0.4349791,41.8898,0.2954428,-5.003177,-0.0215773,-0.054315,0,3,61.425
2.900,-216.7676,-0.3666901,40.43333,0.2859055,-15.02678,-0.1107512,-0.194118,0,3,64.425
2.920,-264.0999,-0.4536038,37.21859,0.2648545,-24.74877,-0.1972417,-0.3020214,0,3,64.425
2.940,-216.9089,-0.3669497,32.04133,0.2309524,-32.02971,-0.2620158,-0.3895486,0,3,64.425
2.960,-248.3999,-0.4247749,25.06965,0.1852999,-33.20029,-0.2724298,-0.459972,0,3,64.425
2.980,-193.4458,-0.3238656,16.91564,0.1319052,-26.75892,-0.2151248,-0.5225802,0,3,64.425
3.000,-236.0613,-0.4021181,8.59211,0.07740054,-15.25393,-0.1127719,-0.5993467,0,3,64.425
3.020,-170.3406,-0.2814388,1.301047,0.02965669,-3.324434,-0.006642561,-0.69562,0,3,64.425
3.040,-223.0872,-0.3782944,-3.884806,-0.00430168,5.751754,0.07410272,-0.791449,0,3,64.425
3.060,-172.3462,-0.2851216,-6.316129,-0.02022264,10.87341,0.119667,-0.8768963,0,3,64.425
3.080,-216.1628,-0.3655797,-5.93071,-0.01769882,11.79128,0.1278327,-0.9276103,0,3,64.425
3.100,-139.7512,-0.2252692,-3.227887,0,10.16523,0.1133668,-0.9319082,0,3,64.425
3.120,-181.9138,-0.3026901,0.9515478,0.02736807,10.05118,0.112352,-0.8798883,0,3,64.425
3.140,-128.6147,-0.2048199,5.744261,0.05875206,13.35708,0.1417627,-0.7930532,0,3,64.425
3.160,-160.9885,-0.2642661,10.49945,0.0898903,16.93696,0.1736107,-0.6821171,0,3,64.425
3.180,-98.98852,-0.1504188,14.82319,0.1182034,17.45688,0.1782361,-0.4944408,0,3,64.425
3.200,-142.5486,-0.2304058,18.49767,0.1422648,15.59455,0.161668,-0.3901218,0,3,64.425
3.220,-82.71313,-0.1205332,21.39509,0.161238,13.03178,0.1388687,-0.1839571,0,3,64.425
3.240,-124.4561,-0.1971835,23.42788,0.1745492,9.71036,0.10932,-0.3053162,0,3,64.425
3.260,-107.3716,-0.1658122,24.50479,0.1816011,4.466542,0.06266898,-0.3306496,0,3,64.425
3.280,-174.6079,-0.2892746,24.45766,0.1812924,-5.16742,-0.02303848,-0.3025389,0,3,64.425
3.300,-107.5217,-0.1660879,22.9706,0.1715548,-20.05874,-0.1555175,-0.2470496,0,3,64.425
3.320,-154.9565,-0.2531899,19.638,0.149732,-34.00394,-0.2795794,-0.1859556,0,3,64.425
3.340,-87.0769,-0.1285462,14.22949,0.1143156,-38.03656,-0.3154551,-0.118501,0,3,64.425
3.360,-119.8662,-0.1887554,7.021057,0.06711286,-30.45154,-0.2479758,-0.04618402,0,3,64.425
3.380,-53.32764,-0.06657423,-1.079342,0.01406925,-16.84313,-0.1269101,0.05287283,0,3,64.425
3.400,-88.43433,-0.1310387,-8.73661,-0.03607261,-3.269496,-0.006153812,0.1796303,0,3,64.425
3.420,-38.05005,-0.03852082,-14.60614,-0.07450788,6.663614,0.08221499,0.3192956,0,3,64.425
3.440,-86.17944,-0.1268982,-17.76307,-0.09518034,10.9641,0.1204738,0.4353206,0,3,64.425
3.460,-47.69775,-0.05623638,-17.98995,-0.09666597,8.859871,0.1017537,0.5454642,0,3,64.425
3.480,-101.6709,-0.1553443,-15.83666,-0.08256563,1.372092,0.03513955,0.6481175,0,3,64.425
3.500,-48.18408,-0.05712939,-12.4351,-0.06029131,-8.441906,-0.05216957,0.736381,0,3,64.425
3.520,-99.18213,-0.1507743,-9.125239,-0.03861746,-16.36313,-0.1226399,0.7773505,0,3,64.425
3.540,-48.69043,-0.05805917,-7.028145,-0.02488512,-19.5956,-0.1513971,0.5268596,1,4,64.425
3.560,-98.6936,-0.1498773,-6.737495,-0.02298187,-18.72226,-0.1436276,0.2763687,0,4,64.425
3.580,-91.7666,-0.1371576,-8.258081,-0.03293907,-17.12234,-0.1293941,0.1988812,0,4,64.425
3.600,-142.3289,-0.2300024,-11.2046,-0.05223366,-19.08425,-0.146848,0.368122,0,4,64.425
3.620,-110.2156,-0.1710345,-15.1133,-0.07782888,-25.55387,-0.2044043,0.5500618,0,4,64.425
3.640,-155.6433,-0.254451,-19.63815,-0.1074588,-31.45029,-0.2568611,0.7043286,0,4,64.425
3.660,-86.76685,-0.1279768,-24.50132,-0.1393042,-30.18936,-0.2456434,0.7710922,0,4,64.425
3.680,-139.3591,-0.2245492,-29.28064,-0.1706005,-19.49911,-0.1505387,0.7672902,0,4,64.425
3.700,-69.65552,-0.09655623,-33.26331,-0.1966801,-2.736951,-0.001416086,0.6572258,0,4,64.425
3.720,-119.449,-0.1879893,-35.52656,-0.2115005,14.02447,0.1477,0.4651145,0,4,64.425
3.740,-40.04443,-0.042183,-35.20714,-0.2094088,26.95084,0.262698,0.2146237,0,4,64.425
3.760,-85.18408,-0.1250705,-31.78486,-0.1869988,36.26097,0.3455245,-0.03586721,0,4,64.425
3.780,-21.96216,-0.008979494,-25.23095,-0.144082,43.18725,0.4071434,-0.2756872,0,4,64.425
3.800,-66.29248,-0.09038086,-16.0068,-0.08367977,46.99708,0.4410371,-0.3826578,0,4,64.425
3.820,-22.06958,-0.009176747,-4.980262,-0.01147503,45.93932,0.4316268,-0.4470978,0,4,64.425
3.840,-83.229,-0.1214805,6.687098,0.06492601,39.1387,0.3711259,-0.4959225,0,4,64.425
3.860,-38.83667,-0.03996525,17.67321,0.136866,27.08173,0.2638624,-0.5860009,0,4,64.425
3.880,-98.83838,-0.1501431,26.66674,0.1957581,12.21426,0.1315957,-0.7032233,0,4,64.425
3.900,-78.05005,-0.1119707,32.57231,0.2344294,-2.219943,0.003183416,-0.7993354,0,4,67.226
3.920,-124.7896,-0.1977959,34.69828,0.2483508,-14.74119,-0.1082104,-0.8266132,0,4,67.226
3.940,-78.9917,-0.1136998,32.87592,0.2364175,-24.29032,-0.1931632,-0.76103,0,4,67.226
3.960,-95.03174,-0.1431532,27.51859,0.2013363,-27.43804,-0.2211665,-0.621577,0,4,67.226
3.980,-32.70142,-0.02869941,19.64801,0.1497976,-20.60193,-0.1603498,-0.4162193,0,4,67.226
4.000,-80.88452,-0.1171754,10.82466,0.09201986,-5.389175,-0.02501129,-0.1892811,0,4,67.226
4.020,-15.72559,0.002472386,2.863093,0.03988539,10.42387,0.1156677,-0.02545264,0,4,67.226
4.040,-64.07837,-0.08631521,-2.646831,0.003804911,19.61923,0.1974731,0.04530674,0,4,67.226
4.060,-25.81763,-0.01605908,-4.803755,-0.01031921,20.98397,0.2096144,-0.02342168,0,4,67.226
4.080,-61.19946,-0.08102883,-3.618305,-0.002556563,16.79013,0.1723044,-0.1064096,0,4,67.226
4.100,-38.80737,-0.03991145,0.07795191,0.02164753,9.556444,0.1079507,-0.3569004,0,4,67.226
4.120,-76.03931,-0.1082784,4.948471,0.05354101,1.30071,0.03450451,-0.5933069,0,4,67.226
4.140,-53.49902,-0.06688893,9.546733,0.08365167,-6.845441,-0.0379668,-0.4956009,0,4,67.226
4.160,-87.61401,-0.1295324,12.66571,0.1040756,-13.94676,-0.1011429,-0.3420741,0,4,67.226
4.180,-28.32788,-0.02066852,13.58071,0.1100672,-18.03,-0.137469,-0.09158319,1,5,67.226
4.200,-72.59448,-0.1019529,12.18393,0.1009207,-16.52433,-0.1240739,0.007867843,0,5,67.226
4.220,-26.32861,-0.01699738,8.98313,0.07996105,-9.821898,-0.06444651,0.162226,0,5,67.226
4.240,-88.4353,-0.1310405,4.906124,0.05326371,-3.043513,-0.004143377,0.3486491,0,5,67.226
4.260,-41.021,-0.04397621,0.9341642,0.02725424,-1.421176,0.01028956,0.544248,0,5,67.226
4.280,-82.19067,-0.1195739,-2.259677,0.006340101,-4.753851,-0.0193592,0.6984066,0,5,67.226
4.300,-32.85889,-0.02898857,-4.451903,-0.008015189,-7.952941,-0.04781955,0.7661466,0,5,67.226
4.320,-70.15039,-0.09746494,-5.743148,-0.01647061,-6.880002,-0.03827427,0.7783399,0,5,67.226
4.340,-46.67896,-0.05436561,-6.328101,-0.02030104,-2.577776,0,0.6734163,0,5,67.226
4.360,-64.03223,-0.08623049,-6.358302,-0.0204988,0.8098443,0.03013758,0.4781456,0,5,67.226
4.380,-0.03198242,0.0312897,-5.925238,-0.01766298,2.51015,0.04526416,0.2276547,0,5,67.226
4.400,-14.88159,0.004022166,-5.040389,-0.01186875,7.090233,0.08601035,-0.0228362,0,5,67.226
4.420,46.64722,0.1170042,-3.558329,-0.002163822,17.48398,0.1784771,-0.2733271,0,5,67.226
4.440,48.16065,0.1197832,-1.1421,0.0136583,30.4586,0.2939044,-0.4018292,0,5,67.226
4.460,96.18896,0.207975,2.626458,0.03833584,41.06534,0.3882661,-0.4563632,0,5,67.226
4.480,74.43701,0.1680331,8.018308,0.07364313,46.14861,0.4334888,-0.5063222,0,5,67.226
4.500,121.2126,0.2539247,14.92489,0.1188693,43.73051,0.4119765,-0.5893263,0,5,67.226
4.520,88.32056,0.1935267,22.73117,0.1699869,33.9017,0.3245355,-0.7019379,0,5,67.226
4.540,136.9373,0.2827989,30.36773,0.2199932,19.56646,0.1970037,-0.8020391,0,5,67.226
4.560,106.8579,0.2275658,36.55236,0.2604919,4.629457,0.06411834,-0.8273946,0,5,67.226
4.580,151.3294,0.3092263,40.13169,0.2839302,-8.058167,-0.04875568,-0.7572707,0,5,67.226
4.600,115.166,0.2428215,40.37588,0.2855293,-17.79867,-0.1354109,-0.6085036,0,5,67.226
4.620,117.9744,0.2479784,37.09903,0.2640716,-26.49904,-0.2128128,-0.3912577,0,5,67.226
4.640,84.12451,0.1858217,30.55934,0.2212479,-37.47105,-0.310424,-0.1720403,0,5,67.226
4.660,109.0232,0.2315418,21.23937,0.1602183,-50.91946,-0.4300663,-0.0138433,0,5,67.226
4.680,48.53296,0.1204669,9.686953,0.08456987,-62.28551,-0.5311831,0.05552488,0,5,67.226
4.700,64.87769,0.1504798,-3.508728,-0.001839022,-68.44675,-0.5859959,-0.007698447,0,5,67.226
4.720,-3.091064,0.02567247,-17.6935,-0.09472478,-71.3134,-0.6114987,-0.08093647,0,5,67.226
4.740,-2.070068,0.02754727,-32.18615,-0.1896265,-73.67375,-0.6324973,-0.3314273,0,5,67.226
4.760,-46.59936,-0.05421946,-46.36037,-0.2824432,-75.42105,-0.648042,-0.5499022,0,5,67.226
4.780,-30.29346,-0.02427781,-59.66548,-0.3695687,-73.29584,-0.6291353,-0.4771531,0,5,67.226
4.800,-76.52051,-0.109162,-71.54657,-0.4473692,-63.83526,-0.5449703,-0.3373105,0,5,67.226
4.820,-34.17529,-0.03140581,-81.33715,-0.5114806,-47.00808,-0.3952692,-0.2037483,0,5,67.226
4.840,-78.38354,-0.112583,-88.22968,-0.5566148,-25.45304,-0.2035072,0.04674262,1,6,67.226
4.860,-61.75977,-0.08205769,-91.38501,-0.5772767,-2.774853,-0.001753272,0.09848992,0,6,67.226
4.880,-76.98218,-0.1100098,-90.15482,-0.5692211,16.89829,0.1732666,0.1213823,0,6,67.226
4.900,-29.68237,-0.02315571,-84.29459,-0.5308467,32.70292,0.3138707,0.1541294,0,6,68.907
4.920,-73.93555,-0.1044154,-74.03213,-0.4636454,47.69948,0.447286,0.1831877,0,6,68.907
4.940,-14.78613,0.004197452,-59.98131,-0.3716368,62.32538,0.5774036,0.2289154,0,6,68.907
4.960,-46.31836,-0.05370347,-43.00915,-0.2604985,73.48096,0.676648,0.2912437,0,6,68.907
4.980,-15.16528,0.00350124,-24.14366,-0.1369621,79.52422,0.7304111,0.3592837,0,6,68.907
5.000,-27.88355,-0.01985262,-4.51262,-0.008412781,80.51118,0.7391915,0.3701726,0,6,68.907
5.020,9.025391,0.04792127,14.73491,0.1176253,77.40729,0.7115781,0.2931531,0,6,68.907
5.040,-30.6648,-0.02495968,32.53142,0.2341616,71.98224,0.6633148,0.1215934,0,6,68.907
5.060,6.271973,0.04286531,47.98218,0.3353374,64.21296,0.5941962,-0.07142512,0,6,68.907
5.080,-30.42065,-0.02451137,60.40763,0.4167026,52.94902,0.4939879,-0.2728272,0,6,68.907
5.100,20.37354,0.06875925,69.35191,0.4752722,39.71284,0.3762337,-0.4691762,0,6,68.907
5.120,-6.560303,0.0193021,74.62289,0.509788,28.4503,0.2760378,-0.6594128,0,6,68.907
5.140,33.10522,0.09213776,76.36863,0.5212196,21.50253,0.2142277,-0.828244,0,6,68.907
5.160,3.074219,0.03699345,75.09429,0.5128748,17.21917,0.1761213,-0.9486906,0,6,68.907
5.180,-13.78662,0.006032802,71.52467,0.4895,10.99887,0.1207831,-1.003667,0,6,68.907
5.200,35.85132,0.09718027,66.3493,0.4556103,-0.09907079,0.02205152,-0.9662317,0,6,68.907
5.220,82.02271,0.1819623,60.07701,0.4145376,-10.07855,-0.06672975,-0.8119192,0,6,68.907
5.240,48.53247,0.120466,53.16322,0.3692643,-8.972514,-0.05689007,-0.5971319,0,6,68.907
5.260,52.99707,0.1286641,46.20255,0.3236839,-0.5063953,0.0184278,-0.3662691,0,6,68.907
5.280,46.5271,0.1167836,39.83255,0.2819714,0.1386881,0.02416672,-0.1157782,0,6,68.907
5.300,47.05176,0.117747,34.36473,0.2461666,-11.95988,-0.08346683,0.04820934,0,6,68.907
5.320,-10.83887,0.0114456,29.52852,0.2144978,-28.84726,-0.2337035,0.02285595,0,6,68.907
5.340,15.00952,0.0589096,24.56118,0.1819704,-44.61636,-0.3739915,-0.01086683,0,6,68.907
5.360,-58.40064,-0.0758895,18.51875,0.1424029,-58.47789,-0.497309,-0.0091032,0,6,68.907
5.380,-29.10669,-0.02209861,10.60828,0.09060296,-69.24292,-0.5930789,0.109098,0,6,68.907
5.400,-94.15552,-0.1415443,0.4541893,0.02411123,-75.0812,-0.6450185,0.1618159,0,6,68.907
5.420,-62.52393,-0.08346087,-11.75055,-0.05580868,-75.03059,-0.6445683,0.1286356,0,6,68.907
5.440,-75.75879,-0.1077633,-25.23221,-0.1440903,-68.25163,-0.58426,0.04764744,0,6,68.907
5.460,-41.34131,-0.04456438,-38.71962,-0.2324095,-53.18819,-0.4502498,-0.04115859,0,6,68.907
5.480,-85.47778,-0.1256098,-50.6118,-0.3102827,-31.07157,-0.2534918,-0.07776564,0,6,68.907
5.500,-53.9331,-0.06768601,-59.28807,-0.3670973,-9.131874,-0.05830779,-0.04477408,0,6,68.907
5.520,-75.17383,-0.1066892,-63.53447,-0.3949039,5.771095,0.07427479,0,0,6,68.907
5.540,-37.79199,-0.03804696,-62.88482,-0.3906497,14.63895,0.1531667,0.005177526,0,6,68.907
5.560,-75.03418,-0.1064328,-57.67282,-0.3565202,22.31176,0.2214269,-0.01165393,0,6,68.907
5.580,-51.51392,-0.06324379,-48.82794,-0.2986015,29.27077,0.283337,0.003710473,0,6,68.907
5.600,-67.82886,-0.09320204,-37.60779,-0.2251289,32.52994,0.3123318,0.03817661,0,6,68.907
5.620,-19.63061,-0.004698208,-25.35862,-0.144918,32.65217,0.3134193,0.06515303,0,6,68.907
5.640,-34.28442,-0.0316062,-13.26738,-0.06574135,34.36658,0.3286713,0.09848992,0,6,68.907
5.660,27.43848,0.08173222,-2.120249,0.007253112,40.32639,0.3816921,0.1213823,0,6,68.907
5.680,6.374023,0.0430527,7.815924,0.07231787,48.40658,0.4535766,0.1541294,0,6,68.907
5.700,38.98022,0.1029257,16.6911,0.1304349,53.96957,0.5030671,0.1831877,0,6,68.907
5.720,6.9104,0.04403762,24.77624,0.1833786,52.35741,0.4887247,0.2289154,0,6,68.907
5.740,24.66138,0.07663278,32.12022,0.231469,41.61671,0.3931712,0.2912437,0,6,68.907
5.760,-24.09521,-0.01289631,38.33564,0.2721692,23.7144,0.2339054,0.3592837,0,6,68.907
5.780,-6.03418,0.02026819,42.62207,0.3002379,2.549652,0.04561558,0.1087929,1,7,68.907
5.800,-22.80395,-0.01052524,44.02288,0.3094108,-17.17903,-0.1298984,0.09848992,0,7,68.907
5.820,26.92407,0.08078764,41.83187,0.2950635,-29.48926,-0.239415,0.1213823,0,7,68.907
5.840,7.844727,0.04575327,36.00529,0.2569095,-29.96933,-0.2436859,0.1541294,0,7,68.907
5.860,42.41626,0.1092351,27.36681,0.2003424,-20.88583,-0.1628756,0.1831877,0,7,68.907
5.880,-1.567871,0.02846943,17.42674,0.1352521,-10.77258,-0.07290419,0.2289154,0,7,68.907
5.900,40.02783,0.1048494,7.855343,0.07257599,-7.208492,-0.04119665,0.2912437,0,7,69.916
5.920,-1.952393,0.02776336,-0.09630839,0.02050643,-10.65565,-0.07186394,0.3592837,0,7,69.916
5.940,53.50708,0.1296006,-5.901471,-0.01750735,-15.81145,-0.1177319,0.3701726,0,7,69.916
5.960,40.10205,0.1049857,-9.669267,-0.0421799,-17.00442,-0.128345,0.2931531,0,7,69.916
5.980,83.26099,0.1842361,-11.79639,-0.0561089,-11.78819,-0.08193938,0.1215934,0,7,69.916
6.000,67.57837,0.1554389,-12.62266,-0.06151952,-2.449836,0.001138201,-0.07142512,0,7,69.916
6.020,99.57251,0.214188,-12.29543,-0.05937674,5.709262,0.0737247,-0.2728272,0,7,69.916
6.040,66.89673,0.1541873,-10.87428,-0.05007065,8.54283,0.09893322,-0.4691762,0,7,69.916
6.060,87.01782,0.1911345,-8.548218,-0.03483897,4.89002,0.06643641,-0.6594128,0,7,69.916
6.080,71.29761,0.1622684,-5.78426,-0.01673982,-3.500624,-0.008210017,-0.828244,0,7,69.916
6.100,95.33472,0.2064064,-3.286769,-0.000385572,-12.27725,-0.08629023,-0.9486906,0,7,69.916
6.120,77.55127,0.1737516,-1.775424,0.009511125,-17.28245,-0.1308185,-1.003667,0,7,69.916
6.140,114.3958,0.2414072,-1.712131,0.009925579,-17.63516,-0.1339563,-0.9662317,0,7,69.916
6.160,109.2917,0.232035,-3.127291,0.0006587286,-14.45792,-0.1056904,-0.8119192,0,7,69.916
6.180,127.0088,0.2645678,-5.615292,-0.01563337,-8.939746,-0.05659855,-0.5971319,0,7,69.916
6.200,107.9187,0.2295137,-8.49308,-0.03447791,-3.633879,-0.009395503,-0.3662691,0,7,69.916
6.220,125.6494,0.2620716,-11.06941,-0.0513484,-2.022827,0.00493704,-0.1157782,0,7,69.916
6.240,92.71289,0.2015921,-12.9171,-0.06344758,-5.159284,-0.02296609,0.04820934,0,7,69.916
6.260,86.83569,0.1908001,-14.027,-0.07071554,-11.7452,-0.08155698,0.02285595,0,7,69.916
6.280,86.95727,0.1910234,-14.78358,-0.07566979,-19.99761,-0.1549736,-0.01086683,0,7,69.916
6.300,100.9377,0.2166949,-15.76477,-0.08209491,-26.10799,-0.2093339,-0.0091032,0,7,69.916
6.320,68.24829,0.1566691,-17.43673,-0.09304333,-25.89346,-0.2074254,0.109098,0,7,69.916
6.340,67.56592,0.1554161,-19.91496,-0.1092715,-21.16721,-0.1653788,0.1618159,0,7,69.916
6.360,51.05029,0.1250893,-22.95658,-0.1291888,-17.98672,-0.137084,0.1286356,0,7,69.916
6.380,74.29981,0.1677811,-26.14146,-0.1500443,-17.42851,-0.1321179,0.04764744,0,7,69.916
6.400,65.63672,0.1518736,-29.02381,-0.1689187,-14.30933,-0.1043685,-0.04115859,0,7,69.916
6.420,101.6103,0.21793,-31.13254,-0.1827273,-4.735628,-0.01919709,-0.07776564,0,7,69.916
6.440,66.93433,0.1542563,-31.92636,-0.1879254,9.154764,0.1043772,-0.04477408,0,7,69.916
6.460,83.09497,0.1839312,-30.87551,-0.1810441,20.84289,0.2083593,0,0,7,69.916
6.480,80.28394,0.1787695,-27.68237,-0.1601346,25.41604,0.2490438,0.005177526,0,7,69.916
6.500,114.1311,0.2409212,-22.45734,-0.1259197,25.29831,0.2479965,-0.01165393,0,7,69.916
6.520,94.17969,0.2042855,-15.67526,-0.08150877,26.83366,0.2616555,0.003710473,0,7,69.916
6.540,122.938,0.2570928,-7.957942,-0.03097368,31.27697,0.301185,0.03817661,0,7,69.916
6.560,92.00854,0.2002987,0.1081727,0.02184542,34.11454,0.3264291,0.06515303,0,7,69.916
6.580,107.9185,0.2295133,7.99338,0.0734799,31.51932,0.303341,0.09848992,0,7,69.916
6.600,91.98926,0.2002633,15.15856,0.1203994,23.87452,0.2353299,0.1213823,0,7,69.916
6.620,105.9194,0.2258425,21.046,0.158952,14.84178,0.1549711,0.1541294,0,7,69.916
6.640,44.47022,0.1130067,25.16018,0.1858928,6.95579,0.08481429,0.1831877,0,7,69.916
6.660,69.76562,0.1594553,27.14681,0.1989017,-1.636059,0.008377879,0.2289154,0,7,69.916
6.680,42.33789,0.1090912,26.81631,0.1967376,-12.01467,-0.08395422,0.2912437,0,7,69.916
6.700,54.78442,0.1319461,24.17603,0.1794483,-19.73099,-0.1526016,0.3592837,0,7,69.916
6.720,38.39648,0.1018538,19.52127,0.1489677,-20.61359,-0.1604536,0.3701726,0,7,69.916
6.740,67.7124,0.155685,13.50895,0.1095973,-15.57888,-0.1156629,0.2931531,0,7,69.916
6.760,41.29517,0.1071765,7.102879,0.06764866,-7.462145,-0.04345324,0.1215934,0,7,69.916
6.780,82.46216,0.1827692,1.386378,0.03021546,1.468892,0.03600073,-0.07142512,0,7,69.916
6.800,66.7876,0.1539869,-2.667682,0.003668375,9.884075,0.1108655,-0.2728272,0,7,69.916
6.820,55.22974,0.1327638,-4.399649,-0.007673012,16.58678,0.1704953,-0.4691762,0,7,69.916
6.840,64.57739,0.1499284,-3.617366,-0.00255041,18.83798,0.1905228,-0.6594128,0,7,69.916
6.860,69.87158,0.1596498,-0.6549001,0.01684862,15.96001,0.1649193,-0.828244,0,7,69.916
6.880,63.23291,0.1474596,3.732522,0.04557865,12.11583,0.13072,-0.9486906,0,7,69.916
6.900,81.41065,0.1808384,8.628325,0.07763769,10.73974,0.1184778,-1.003667,0,7,69.222
6.920,69.70654,0.1593468,13.23826,0.1078248,11.16289,0.1222423,-0.7531763,1,8,69.222
6.940,97.71948,0.2107854,17.05454,0.1328148,11.74655,0.1274347,-0.5026854,0,8,69.222
6.960,50.2124,0.1235507,19.866,0.151225,11.34726,0.1238825,-0.2521945,0,8,69.222
6.980,91.29028,0.1989798,21.65263,0.1629243,8.311121,0.09687184,-0.001703664,0,8,69.222
7.000,48.79736,0.1209524,22.43948,0.1680769,2.289622,0.04330226,0.1831877,0,8,69.222
7.020,92.85938,0.2018611,22.21443,0.1666032,-3.946294,-0.01217487,0.2289154,0,8,69.222
7.040,57.28076,0.13653,20.96537,0.158424,-7.315428,-0.04214799,0.2912437,0,8,69.222
7.060,87.39795,0.1918326,18.77839,0.1441031,-7.567381,-0.04438946,0.3592837,0,8,69.222
7.080,58.80396,0.1393269,15.88317,0.1251444,-6.838356,-0.03790377,0.3701726,0,8,69.222
7.100,70.09595,0.1600618,12.59713,0.1036265,-7.284614,-0.04187385,0.2931531,0,8,69.222
7.120,55.53491,0.1333242,9.21252,0.08146316,-9.534739,-0.06189184,0.1215934,0,8,69.222
7.140,73.78955,0.1668442,5.914221,0.059865,-12.23305,-0.08589703,-0.07142512,0,8,69.222
7.160,61.17163,0.1436746,2.788806,0.03939894,-12.94839,-0.09226095,-0.2728272,0,8,69.222
7.180,71.44995,0.1625481,-0.09929419,0.02048687,-10.88202,-0.07387775,-0.4691762,0,8,69.222
7.200,53.90552,0.1303322,-2.650967,0.003777827,-7.986298,-0.04811631,-0.6594128,0,8,69.222
7.220,51.38647,0.1257066,-4.760015,-0.01003279,-6.955598,-0.0389468,-0.828244,0,8,69.222
7.240,36.02271,0.09749497,-6.402256,-0.02078663,-8.941299,-0.05661236,-0.9486906,0,8,69.222
7.260,24.77246,0.07683676,-7.704063,-0.02931121,-13.04366,-0.09310857,-1.003667,0,8,69.222
7.280,-91.30518,-0.1363103,-8.971705,-0.03761208,-19.83027,-0.1534848,-0.9662317,0,8,69.222
7.300,7.61792,0.0453368,-10.70815,-0.04898278,-31.81536,-0.2601089,-0.8119192,0,8,69.222
7.320,-9.28833,0.01429277,-13.48972,-0.06719729,-42.00025,-0.3507176,-0.5971319,0,8,69.222
7.340,19.51465,0.06718212,-17.55984,-0.09384952,-34.86675,-0.2872552,-0.3662691,0,8,69.222
7.360,-6.42041,0.01955898,-22.37437,-0.1253764,-9.798413,-0.06423758,-0.1157782,0,8,69.222
7.380,-9.326172,0.01422328,-26.60716,-0.1530938,14.78936,0.1545048,0.04820934,0,8,69.222
7.400,-26.06299,-0.01650963,-28.77608,-0.1672965,24.28934,0.2390203,0.02285595,0,8,69.222
7.420,-12.93237,0.007601412,-28.01166,-0.1622909,20.69705,0.2070619,-0.01086683,0,8,69.222
7.440,-58.34302,-0.0757837,-24.40168,-0.1386517,14.01752,0.1476382,-0.0091032,0,8,69.222
7.460,-28.05957,-0.02017584,-18.81751,-0.1020851,9.63782,0.1086747,0.109098,0,8,69.222
7.480,-37.67896,-0.0378394,-12.46538,-0.06048964,7.953452,0.09368988,0.1618159,0,8,69.222
7.500,-5.62207,0.02102492,-6.407935,-0.02082381,10.48068,0.1161731,0.1286356,0,8,69.222
7.520,5.324219,0.041125,-1.204293,0.01325104,18.83632,0.1905081,0.04764744,0,8,69.222
7.540,37.94092,0.1010173,3.231003,0.04229456,31.26874,0.3011117,-0.04115859,0,8,69.222
7.560,19.74145,0.06759859,7.486885,0.07016323,43.11879,0.4065343,-0.07776564,0,8,69.222
7.580,43.30396,0.1108651,12.27842,0.1015395,48.75013,0.4566329,-0.04477408,0,8,69.222
7.600,37.9209,0.1009805,18.01387,0.1390968,45.40745,0.4268951,0,0,8,69.222
7.620,53.38159,0.1293702,24.53358,0.1817896,35.98955,0.3431098,0.005177526,0,8,69.222
7.640,39.97778,0.1047575,31.14517,0.2250841,25.24778,0.247547,-0.01165393,0,8,69.222
7.660,83.13794,0.1840101,36.89499,0.2627355,15.60463,0.1617577,0.06832229,1,9,69.222
7.680,83.29663,0.1843015,40.9205,0.2890956,8.830233,0.1014901,0.1021192,0,9,69.222
7.700,127.0137,0.2645768,42.75154,0.3010857,6.910676,0.08441294,0.1157005,0,9,69.222
7.720,126.7336,0.2640626,42.46179,0.2991884,9.14988,0.1043338,0.1271986,0,9,69.222
7.740,111.6062,0.2362849,40.58062,0.28687,10.72448,0.1183421,0.1369927,0,9,69.222
7.760,111.4802,0.2360535,37.75753,0.2683836,5.079757,0.06812438,0.1726679,0,9,69.222
7.780,115.3154,0.2430959,34.36075,0.2461406,-9.501471,-0.06159587,0.232129,0,9,69.222
7.800,105.2522,0.2246173,30.28697,0.2194644,-26.74301,-0.2149832,0.2946845,0,9,69.222
7.820,94.29956,0.2045056,25.10077,0.1855037,-39.82471,-0.3313631,0.3451068,0,9,69.222
7.840,58.70654,0.1391481,18.34228,0.1412473,-48.81017,-0.4113013,0.326649,0,9,69.222
7.860,71.97949,0.1635205,9.753324,0.08500449,-57.25011,-0.4863862,0.2042688,0,9,69.222
7.880,42.5498,0.1094803,-0.6404594,0.01694318,-64.69441,-0.5526136,0.02366874,0,9,69.222
7.900,61.92432,0.1450567,-12.49405,-0.06067733,-66.8492,-0.5717835,-0.1584099,0,9,68.806
7.920,38.53516,0.1021084,-25.11139,-0.1432991,-61.56578,-0.5247801,-0.3514345,0,9,68.806
7.940,42.10986,0.1086725,-37.48812,-0.2243453,-51.16805,-0.4322779,-0.5548982,0,9,68.806
7.960,10.99878,0.05154489,-48.49749,-0.2964377,-40.25315,-0.3351748,-0.7429583,0,9,68.806
7.980,7.918701,0.04588911,-57.1771,-0.3532741,-32.45155,-0.2657687,-0.8887369,0,9,68.806
8.000,-40.67041,-0.04333244,-62.99172,-0.3913498,-28.67791,-0.2321969,-0.9850536,0,9,68.806
8.020,-21.45361,-0.00804568,-65.94962,-0.4107189,-27.50795,-0.2217885,-1,0,9,68.806
8.040,-54.89917,-0.06945995,-66.50513,-0.4143566,-25.45149,-0.2034934,-0.9200201,0,9,68.806
8.060,-57.32007,-0.07390531,-65.29209,-0.4064132,-19.18963,-0.1477855,-0.7356578,0,9,68.806
8.080,-66.64697,-0.0910318,-62.83866,-0.3903475,-9.195326,-0.05887229,-0.4963155,0,9,68.806
8.100,-64.99048,-0.08799007,-59.40588,-0.3678687,2.090585,0.04153155,-0.2458247,0,9,68.806
8.120,-79.19067,-0.1140651,-54.98682,-0.3389315,13.65232,0.1443892,0.004666194,0,9,68.806
8.140,-63.54883,-0.08534285,-49.40831,-0.3024019,24.97001,0.2450758,0.04094391,0,9,68.806
8.160,-64.89331,-0.08781164,-42.45939,-0.2568985,35.58821,0.3395394,-0.0008931914,0,9,68.806
8.180,-49.39429,-0.05935163,-33.9947,-0.2014694,45.83093,0.4306625,-0.01601571,0,9,68.806
8.200,-49.89038,-0.06026258,-23.99197,-0.1359688,55.42856,0.5160468,0.0498764,0,9,68.806
8.220,-18.70142,-0.00299197,-12.57647,-0.06121703,63.10901,0.584375,0.1427377,0,9,68.806
8.240,-45.24439,-0.05173139,-0.03625171,0.02089969,67.79855,0.626095,0.1771898,0,9,68.806
8.260,-17.07202,0,13.15877,0.1073042,68.11631,0.628922,0.1368038,0,9,68.806
8.280,-15.91138,0.002131228,26.35273,0.1937019,63.39966,0.5869608,0.06832229,1,10,68.806
8.300,17.90771,0.0642314,38.77211,0.2750274,56.61079,0.5265644,0.1021192,0,10,68.806
8.320,27.62866,0.08208144,49.69831,0.3465751,52.08914,0.486338,0.1157005,0,10,68.806
8.340,34.28247,0.09429947,58.66179,0.4052704,50.11597,0.4687839,0.1271986,0,10,68.806
8.360,19.0896,0.06640163,65.49132,0.449992,45.9012,0.4312877,0.1369927,0,10,68.806
8.380,31.7688,0.08968375,70.15806,0.4805511,34.57079,0.330488,0.1726679,0,10,68.806
8.400,48.28101,0.1200042,72.57208,0.4963587,17.66747,0.1801096,0.232129,0,10,68.806
8.420,47.7981,0.1191175,72.54854,0.4962046,2.454755,0.04477135,0.2946845,0,10,68.806
8.440,75.04004,0.1691404,69.97877,0.4793771,-6.284737,-0.03297856,0.3451068,0,10,68.806
8.460,48.54956,0.1204974,65.02363,0.4469294,-10.45441,-0.07007361,0.326649,0,10,68.806
8.480,71.82398,0.1632349,58.13179,0.4017998,-15.03993,-0.1108682,0.2042688,0,10,68.806
8.500,75.06567,0.1691875,49.88517,0.3477987,-22.1958,-0.1745295,0.02366874,0,10,68.806
8.520,75.30493,0.1696268,40.83393,0.2885287,-29.20226,-0.2368617,-0.1584099,0,10,68.806
8.540,85.4419,0.1882408,31.43224,0.2269639,-33.26055,-0.2729659,-0.3514345,0,10,68.806
8.560,74.6875,0.168493,22.04827,0.1655151,-35.21793,-0.2903794,-0.5548982,0,10,68.806
8.580,105.6206,0.2252938,12.97592,0.1061069,-36.67026,-0.3032999,-0.7429583,0,10,68.806
8.600,102.5845,0.2197187,4.447833,0.05026269,-36.68893,-0.303466,-0.8887369,0,10,68.806
8.620,114.4287,0.2414677,-3.322267,-0.0006180265,-33.68169,-0.2767124,-0.9850536,0,10,68.806
8.640,72.69434,0.1648331,-10.12696,-0.04517699,-29.96909,-0.2436838,-1,0,10,68.806
8.660,81.86743,0.1816772,-15.86484,-0.0827502,-31.10653,-0.2538028,-0.9200201,0,10,68.806
8.680,52.33887,0.1274555,-20.69929,-0.1144075,-38.78427,-0.322107,-0.7356578,0,10,68.806
8.700,33.00537,0.0919544,-25.10628,-0.1432657,-48.48472,-0.408406,-0.4963155,0,10,68.806
8.720,16.8352,0.062262,-29.72679,-0.173522,-55.63506,-0.4720181,-0.2458247,0,10,68.806
8.740,22.60693,0.07286032,-35.10132,-0.2087159,-58.35059,-0.4961766,0.004666194,0,10,68.806
8.760,17.43091,0.06335586,-41.41006,-0.2500272,-54.58514,-0.4626777,0.04094391,0,10,68.806
8.780,47.94653,0.1193901,-48.29786,-0.2951304,-42.56882,-0.3557759,-0.0008931914,0,10,68.806
8.800,31.62695,0.08942329,-54.85062,-0.3380396,-23.65115,-0.1874769,-0.01601571,0,10,68.806
8.820,47.15064,0.1179286,-59.79315,-0.3704047,-2.9896,-0.003663748,0.0498764,0,10,68.806
8.840,36.77905,0.09888381,-61.88414,-0.384097,13.26133,0.1409109,0.1427377,0,10,68.806
8.860,46.31128,0.1163873,-60.34291,-0.3740047,22.57501,0.223769,0.1771898,0,10,68.806
8.880,20.10815,0.06827194,-55.11063,-0.3397422,26.32986,0.2571735,0.1368038,0,10,68.806
8.900,17.927,0.06426681,-46.85981,-0.2857136,25.88933,0.2532544,0.04552627,0,10,71.806
8.920,18.73779,0.06575562,-36.79608,-0.2198136,22.1461,0.2199532,-0.04417122,0,10,71.806
8.940,14.59033,0.05813987,-26.32963,-0.1512764,18.08747,0.183846,-0.06154507,0,10,71.806
8.960,1.574463,0.03423953,-16.70766,-0.08826921,16.73069,0.1717756,-0.02055824,0,10,71.806
8.980,3.538818,0.03784657,-8.742034,-0.03610813,17.30217,0.1768597,0.01067694,0,10,71.806
9.000,18.35352,0.06505,-2.724351,0.00329729,17.9947,0.1830208,0.009531881,0,10,71.806
9.020,1.340088,0.03380916,1.506053,0.03099912,19.66119,0.1978464,0.01014398,0,10,71.806
9.040,-3.623291,0.02469517,4.415569,0.05005142,22.36702,0.2219186,0.03083515,0,10,71.806
9.060,-14.47705,0.004765003,6.571522,0.06416919,22.85172,0.2262306,0.06832229,0,10,71.806
9.080,-99.47217,-0.1513069,8.384013,0.07603787,17.37527,0.1775101,0.1021192,0,10,71.806
9.100,18.34253,0.06502982,9.89997,0.08596477,6.049345,0.0767502,0.1150495,1,11,71.806
9.120,31.02905,0.0883254,10.89817,0.09250123,-0.2176986,0.02099616,0.1493156,0,11,71.806
9.140,19.82886,0.06775908,11.34796,0.0954466,12.19072,0.1313863,0.1597088,0,11,71.806
9.160,15.67065,0.0601236,11.80746,0.09845551,35.9698,0.3429342,0.1562734,0,11,71.806
9.180,13.53394,0.05620006,13.24834,0.1078908,48.49807,0.4543905,0.1596216,0,11,71.806
9.200,44.08862,0.112306,16.39151,0.1284731,42.40098,0.4001484,0.1901083,0,11,71.806
9.220,58.4978,0.1387648,21.21863,0.1600824,30.74225,0.2964279,0.2540265,0,11,71.806
9.240,58.90283,0.1395085,27.07573,0.1984363,25.97432,0.2540105,0.3373889,0,11,71.806
9.260,47.42383,0.1184302,33.09526,0.2378538,26.22026,0.2561985,0.3971509,0,11,71.806
9.280,73.67969,0.1666425,38.48783,0.2731659,22.66367,0.2245577,0.3680878,0,11,71.806
9.300,95.71289,0.2071008,42.61878,0.3002164,14.11521,0.1485072,0.2358724,0,11,71.806
9.320,61.0957,0.1435352,45.04303,0.316091,6.673645,0.08230422,0.04890354,0,11,71.806
9.340,70.38477,0.1605922,45.54688,0.3193904,1.01465,0.03195962,-0.1477757,0,11,71.806
9.360,44.93091,0.1138526,44.09045,0.3098533,-8.417124,-0.0519491,-0.3532183,0,11,71.806
9.380,29.63159,0.08575932,40.65297,0.2873438,-22.97714,-0.1814807,-0.5569476,0,11,71.806
9.400,24.38525,0.07612575,35.14269,0.251261,-38.28226,-0.3176409,-0.7584705,0,11,71.806
9.420,28.10132,0.08294936,27.48824,0.2011375,-49.13312,-0.4141744,-0.9112984,0,11,71.806
9.440,20.89038,0.0697083,17.84922,0.1380186,-52.04778,-0.4401043,-0.997417,0,11,71.806
9.460,27.61157,0.08205006,6.789195,0.06559457,-47.27233,-0.3976201,-0.9893146,0,11,71.806
9.480,41.19556,0.1069936,-4.712557,-0.00972202,-38.01189,-0.3152356,-0.9158978,0,11,71.806
9.500,56.62353,0.1353232,-15.42335,-0.0798592,-26.44043,-0.2122914,-0.7446373,0,11,71.806
9.520,69.91724,0.1597337,-24.10052,-0.1366796,-13.02933,-0.09298111,-0.5143955,0,11,71.806
9.540,57.33814,0.1366353,-29.73431,-0.1735712,0.184916,0.02457798,-0.2639046,0,11,71.806
9.560,72.60474,0.1646686,-31.77398,-0.1869275,8.924606,0.1023296,-0.01341378,0,11,71.806
9.580,56.03857,0.134249,-30.29652,-0.1772527,10.77275,0.1187714,0.03989278,0,11,71.806
9.600,56.46826,0.135038,-26.02766,-0.1492991,7.359878,0.08840922,-0.02242118,0,11,71.806
9.620,37.09351,0.09946123,-20.17417,-0.1109688,1.355714,0.03499385,-0.05073408,0,11,71.806
9.640,34.74268,0.09514452,-14.1318,-0.07140181,-5.713651,-0.02789796,-0.002828869,0,11,71.806
9.660,48.25537,0.1199572,-9.165891,-0.03888366,-11.87341,-0.08269757,0.08377786,0,11,71.806
9.680,47.77271,0.1190709,-6.119593,-0.01893567,-13.68125,-0.0987808,0.1350221,0,11,71.806
9.700,14.625,0.05820352,-5.228222,-0.01309873,-10.31609,-0.06884302,0.1004615,0,11,71.806
9.720,47.14868,0.117925,-6.151119,-0.01914211,-6.331693,-0.0333963,-0.003308108,0,11,71.806
9.740,36.7771,0.09888023,-8.203612,-0.03258239,-4.633501,-0.01828853,-0.08610458,0,11,71.806
9.760,64.1294,0.1491058,-10.60808,-0.04832752,-1.743216,0.00742457,-0.0931079,0,11,71.806
9.780,51.60815,0.1261137,-12.62424,-0.06152989,5.216853,0.06934404,-0.04136801,0,11,71.806
9.800,80.79199,0.1797024,-13.60559,-0.06795602,13.69734,0.1447897,0.003883169,0,11,71.806
9.820,77.01416,0.1727654,-13.08235,-0.06452969,20.16505,0.202329,0.01208196,0,11,71.806
9.840,66.34399,0.1531723,-10.86672,-0.05002116,23.2623,0.2298833,0.02133467,0,11,71.806
9.860,95.38062,0.2064907,-7.120403,-0.02548925,22.41215,0.2223201,0.0640538,0,11,71.806
9.880,126.1067,0.2629113,-2.315131,0.005976972,19.75218,0.1986559,0.1150495,0,11,71.806
9.900,121.8757,0.2551422,2.953379,0.0404766,20.47639,0.2050988,0.1493156,0,11,74.806
9.920,124.6169,0.2601758,8.196052,0.07480705,24.65105,0.2422382,0.1597088,0,11,74.806
9.940,85.75073,0.1888079,13.09111,0.1068612,24.34046,0.2394751,0.1562734,0,11,74.806
9.960,99.74316,0.2145014,17.30044,0.134425,13.24861,0.1407976,0.1596216,0,11,74.806
9.980,101.7158,0.2181237,20.27544,0.1539062,-4.527675,-0.01734706,0.1901083,0,11,74.806
10.000,88.8186,0.1944412,21.33546,0.1608474,-18.46779,-0.1413637,0.2540265,0,11,74.806
