Time_s,Enhanced75Repeated,CycleBoundary,CycleIndex
0.000,0.1139341,1,0
0.020,0.1408108,0,0
0.040,0.1795821,0,0
0.060,0.2370518,0,0
0.080,0.2844686,0,0
0.100,0.3029407,0,0
0.120,0.3389245,0,0
0.140,0.4186159,0,0
0.160,0.5496483,0,0
0.180,0.7100517,0,0
0.200,0.8453997,0,0
0.220,0.9436801,0,0
0.240,0.9981662,0,0
0.260,0.9818392,0,0
0.280,0.8545133,0,0
0.300,0.6641381,0,0
0.320,0.4476661,0,0
0.340,0.2496346,0,0
0.360,0.08467033,0,0
0.380,-0.03479249,0,0
0.400,-0.1484615,0,0
0.420,-0.2655333,0,0
0.440,-0.4008058,0,0
0.460,-0.5486889,0,0
0.480,-0.6815699,0,0
0.500,-0.782073,0,0
0.520,-0.8461391,0,0
0.540,-0.8686986,0,0
0.560,-0.8816738,0,0
0.580,-0.8540714,0,0
0.600,-0.8073089,0,0
0.620,-0.7796895,0,0
0.640,-0.7286002,0,0
0.660,-0.5624957,0,0
0.680,-0.2803441,0,0
0.700,-0.1151385,0,0
0.720,-0.07271949,0,0
0.740,-0.001006482,0,0
0.760,0.06069472,0,0
0.780,0.09580062,0,0
0.800,0.1022416,0,0
0.820,0.1050388,0,0
0.840,0.1254977,1,1
0.860,0.1588505,0,1
0.880,0.2086239,0,1
0.900,0.2630576,0,1
0.920,0.2971215,0,1
0.940,0.3166571,0,1
0.960,0.3689226,0,1
0.980,0.4789886,0,1
1.000,0.6288839,0,1
1.020,0.7800131,0,1
1.040,0.9030451,0,1
1.060,0.9828484,0,1
1.080,0.9959886,0,1
1.100,0.9228788,0,1
1.120,0.7682959,0,1
1.140,0.5553017,0,1
1.160,0.345215,0,1
1.180,0.1622644,0,1
1.200,0.02183287,0,1
1.220,-0.09200293,0,1
1.240,-0.2051712,0,1
1.260,-0.3307284,0,1
1.280,-0.4763732,0,1
1.300,-0.6169649,0,1
1.320,-0.7354695,0,1
1.340,-0.8194579,0,1
1.360,-0.8589388,0,1
1.380,-0.8772479,0,1
1.400,-0.874301,0,1
1.420,-0.8271372,0,1
1.440,-0.8060722,0,1
1.460,-0.7649685,0,1
1.480,-0.657126,0,1
1.500,-0.4439377,0,1
1.520,-0.132189,0,1
1.540,-0.1014315,0,1
1.560,-0.03669388,0,1
1.580,0.03201064,0,1
1.600,0.08188447,0,1
1.620,0.1071718,0,1
1.640,0.1007864,0,1
1.660,0.1139341,1,2
1.680,0.1408108,0,2
1.700,0.1795821,0,2
1.720,0.2370518,0,2
1.740,0.2844686,0,2
1.760,0.3029407,0,2
1.780,0.3389245,0,2
1.800,0.4186159,0,2
1.820,0.5496483,0,2
1.840,0.7100517,0,2
1.860,0.8453997,0,2
1.880,0.9436801,0,2
1.900,0.9981662,0,2
1.920,0.9818392,0,2
1.940,0.8545133,0,2
1.960,0.6641381,0,2
1.980,0.4476661,0,2
2.000,0.2496346,0,2
2.020,0.08467033,0,2
2.040,-0.03479249,0,2
2.060,-0.1484615,0,2
2.080,-0.2655333,0,2
2.100,-0.4008058,0,2
2.120,-0.5486889,0,2
2.140,-0.6815699,0,2
2.160,-0.782073,0,2
2.180,-0.8461391,0,2
2.200,-0.8686986,0,2
2.220,-0.8816738,0,2
2.240,-0.8540714,0,2
2.260,-0.8073089,0,2
2.280,-0.7796895,0,2
2.300,-0.7286002,0,2
2.320,-0.5624957,0,2
2.340,-0.2803441,0,2
2.360,-0.1151385,0,2
2.380,-0.07271949,0,2
2.400,-0.001006482,0,2
2.420,0.06069472,0,2
2.440,0.09580062,0,2
2.460,0.1022416,0,2
2.480,0.1050388,0,2
2.500,0.1254977,1,3
2.520,0.1588505,0,3
2.540,0.2086239,0,3
2.560,0.2630576,0,3
2.580,0.2971215,0,3
2.600,0.3166571,0,3
2.620,0.3689226,0,3
2.640,0.4789886,0,3
2.660,0.6288839,0,3
2.680,0.7800131,0,3
2.700,0.9030451,0,3
2.720,0.9828484,0,3
2.740,0.9959886,0,3
2.760,0.9228788,0,3
2.780,0.7682959,0,3
2.800,0.5553017,0,3
2.820,0.345215,0,3
2.840,0.1622644,0,3
2.860,0.02183287,0,3
2.880,-0.09200293,0,3
2.900,-0.2051712,0,3
2.920,-0.3307284,0,3
2.940,-0.4763732,0,3
2.960,-0.6169649,0,3
2.980,-0.7354695,0,3
3.000,-0.8194579,0,3
3.020,-0.8589388,0,3
3.040,-0.8772479,0,3
3.060,-0.874301,0,3
3.080,-0.8271372,0,3
3.100,-0.8060722,0,3
3.120,-0.7649685,0,3
3.140,-0.657126,0,3
3.160,-0.4439377,0,3
3.180,-0.132189,0,3
3.200,-0.1014315,0,3
3.220,-0.03669388,0,3
3.240,0.03201064,0,3
3.260,0.08188447,0,3
3.280,0.1071718,0,3
3.300,0.1007864,0,3
3.320,0.1139341,1,4
3.340,0.1408108,0,4
3.360,0.1795821,0,4
3.380,0.2370518,0,4
3.400,0.2844686,0,4
3.420,0.3029407,0,4
3.440,0.3389245,0,4
3.460,0.4186159,0,4
3.480,0.5496483,0,4
3.500,0.7100517,0,4
3.520,0.8453997,0,4
3.540,0.9436801,0,4
3.560,0.9981662,0,4
3.580,0.9818392,0,4
3.600,0.8545133,0,4
3.620,0.6641381,0,4
3.640,0.4476661,0,4
3.660,0.2496346,0,4
3.680,0.08467033,0,4
3.700,-0.03479249,0,4
3.720,-0.1484615,0,4
3.740,-0.2655333,0,4
3.760,-0.4008058,0,4
3.780,-0.5486889,0,4
3.800,-0.6815699,0,4
3.820,-0.782073,0,4
3.840,-0.8461391,0,4
3.860,-0.8686986,0,4
3.880,-0.8816738,0,4
3.900,-0.8540714,0,4
3.920,-0.8073089,0,4
3.940,-0.7796895,0,4
3.960,-0.7286002,0,4
3.980,-0.5624957,0,4
4.000,-0.2803441,0,4
4.020,-0.1151385,0,4
4.040,-0.07271949,0,4
4.060,-0.001006482,0,4
4.080,0.06069472,0,4
4.100,0.09580062,0,4
4.120,0.1022416,0,4
4.140,0.1050388,0,4
4.160,0.1254977,1,5
4.180,0.1588505,0,5
4.200,0.2086239,0,5
4.220,0.2630576,0,5
4.240,0.2971215,0,5
4.260,0.3166571,0,5
4.280,0.3689226,0,5
4.300,0.4789886,0,5
4.320,0.6288839,0,5
4.340,0.7800131,0,5
4.360,0.9030451,0,5
4.380,0.9828484,0,5
4.400,0.9959886,0,5
4.420,0.9228788,0,5
4.440,0.7682959,0,5
4.460,0.5553017,0,5
4.480,0.345215,0,5
4.500,0.1622644,0,5
4.520,0.02183287,0,5
4.540,-0.09200293,0,5
4.560,-0.2051712,0,5
4.580,-0.3307284,0,5
4.600,-0.4763732,0,5
4.620,-0.6169649,0,5
4.640,-0.7354695,0,5
4.660,-0.8194579,0,5
4.680,-0.8589388,0,5
4.700,-0.8772479,0,5
4.720,-0.874301,0,5
4.740,-0.8271372,0,5
4.760,-0.8060722,0,5
4.780,-0.7649685,0,5
4.800,-0.657126,0,5
4.820,-0.4439377,0,5
4.840,-0.132189,0,5
4.860,-0.1014315,0,5
4.880,-0.03669388,0,5
4.900,0.03201064,0,5
4.920,0.08188447,0,5
4.940,0.1071718,0,5
4.960,0.1007864,0,5
4.980,0.1139341,1,6
5.000,0.1408108,0,6
5.020,0.1795821,0,6
5.040,0.2370518,0,6
5.060,0.2844686,0,6
5.080,0.3029407,0,6
5.100,0.3389245,0,6
5.120,0.4186159,0,6
5.140,0.5496483,0,6
5.160,0.7100517,0,6
5.180,0.8453997,0,6
5.200,0.9436801,0,6
5.220,0.9981662,0,6
5.240,0.9818392,0,6
5.260,0.8545133,0,6
5.280,0.6641381,0,6
5.300,0.4476661,0,6
5.320,0.2496346,0,6
5.340,0.08467033,0,6
5.360,-0.03479249,0,6
5.380,-0.1484615,0,6
5.400,-0.2655333,0,6
5.420,-0.4008058,0,6
5.440,-0.5486889,0,6
5.460,-0.6815699,0,6
5.480,-0.782073,0,6
5.500,-0.8461391,0,6
5.520,-0.8686986,0,6
5.540,-0.8816738,0,6
5.560,-0.8540714,0,6
5.580,-0.8073089,0,6
5.600,-0.7796895,0,6
5.620,-0.7286002,0,6
5.640,-0.5624957,0,6
5.660,-0.2803441,0,6
5.680,-0.1151385,0,6
5.700,-0.07271949,0,6
5.720,-0.001006482,0,6
5.740,0.06069472,0,6
5.760,0.09580062,0,6
5.780,0.1022416,0,6
5.800,0.1050388,0,6
5.820,0.1254977,1,7
5.840,0.1588505,0,7
5.860,0.2086239,0,7
5.880,0.2630576,0,7
5.900,0.2971215,0,7
5.920,0.3166571,0,7
5.940,0.3689226,0,7
5.960,0.4789886,0,7
5.980,0.6288839,0,7
6.000,0.7800131,0,7
6.020,0.9030451,0,7
6.040,0.9828484,0,7
6.060,0.9959886,0,7
6.080,0.9228788,0,7
6.100,0.7682959,0,7
6.120,0.5553017,0,7
6.140,0.345215,0,7
6.160,0.1622644,0,7
6.180,0.02183287,0,7
6.200,-0.09200293,0,7
6.220,-0.2051712,0,7
6.240,-0.3307284,0,7
6.260,-0.4763732,0,7
6.280,-0.6169649,0,7
6.300,-0.7354695,0,7
6.320,-0.8194579,0,7
6.340,-0.8589388,0,7
6.360,-0.8772479,0,7
6.380,-0.874301,0,7
6.400,-0.8271372,0,7
6.420,-0.8060722,0,7
6.440,-0.7649685,0,7
6.460,-0.657126,0,7
6.480,-0.4439377,0,7
6.500,-0.132189,0,7
6.520,-0.1014315,0,7
6.540,-0.03669388,0,7
6.560,0.03201064,0,7
6.580,0.08188447,0,7
6.600,0.1071718,0,7
6.620,0.1007864,0,7
6.640,0.1139341,1,8
6.660,0.1408108,0,8
6.680,0.1795821,0,8
6.700,0.2370518,0,8
6.720,0.2844686,0,8
6.740,0.3029407,0,8
6.760,0.3389245,0,8
6.780,0.4186159,0,8
6.800,0.5496483,0,8
6.820,0.7100517,0,8
6.840,0.8453997,0,8
6.860,0.9436801,0,8
6.880,0.9981662,0,8
6.900,0.9818392,0,8
6.920,0.8545133,0,8
6.940,0.6641381,0,8
6.960,0.4476661,0,8
6.980,0.2496346,0,8
7.000,0.08467033,0,8
7.020,-0.03479249,0,8
7.040,-0.1484615,0,8
7.060,-0.2655333,0,8
7.080,-0.4008058,0,8
7.100,-0.5486889,0,8
7.120,-0.6815699,0,8
7.140,-0.782073,0,8
7.160,-0.8461391,0,8
7.180,-0.8686986,0,8
7.200,-0.8816738,0,8
7.220,-0.8540714,0,8
7.240,-0.8073089,0,8
7.260,-0.7796895,0,8
7.280,-0.7286002,0,8
7.300,-0.5624957,0,8
7.320,-0.2803441,0,8
7.340,-0.1151385,0,8
7.360,-0.07271949,0,8
7.380,-0.001006482,0,8
7.400,0.06069472,0,8
7.420,0.09580062,0,8
7.440,0.1022416,0,8
7.460,0.1050388,0,8
7.480,0.1254977,1,9
7.500,0.1588505,0,9
7.520,0.2086239,0,9
7.540,0.2630576,0,9
7.560,0.2971215,0,9
7.580,0.3166571,0,9
7.600,0.3689226,0,9
7.620,0.4789886,0,9
7.640,0.6288839,0,9
7.660,0.7800131,0,9
7.680,0.9030451,0,9
7.700,0.9828484,0,9
7.720,0.9959886,0,9
7.740,0.9228788,0,9
7.760,0.7682959,0,9
7.780,0.5553017,0,9
7.800,0.345215,0,9
7.820,0.1622644,0,9
7.840,0.02183287,0,9
7.860,-0.09200293,0,9
7.880,-0.2051712,0,9
7.900,-0.3307284,0,9
7.920,-0.4763732,0,9
7.940,-0.6169649,0,9
7.960,-0.7354695,0,9
7.980,-0.8194579,0,9
8.000,-0.8589388,0,9
8.020,-0.8772479,0,9
8.040,-0.874301,0,9
8.060,-0.8271372,0,9
8.080,-0.8060722,0,9
8.100,-0.7649685,0,9
8.120,-0.657126,0,9
8.140,-0.4439377,0,9
8.160,-0.132189,0,9
8.180,-0.1014315,0,9
8.200,-0.03669388,0,9
8.220,0.03201064,0,9
8.240,0.08188447,0,9
8.260,0.1071718,0,9
8.280,0.1007864,0,9
8.300,0.1139341,1,10
8.320,0.1408108,0,10
8.340,0.1795821,0,10
8.360,0.2370518,0,10
8.380,0.2844686,0,10
8.400,0.3029407,0,10
8.420,0.3389245,0,10
8.440,0.4186159,0,10
8.460,0.5496483,0,10
8.480,0.7100517,0,10
8.500,0.8453997,0,10
8.520,0.9436801,0,10
8.540,0.9981662,0,10
8.560,0.9818392,0,10
8.580,0.8545133,0,10
8.600,0.6641381,0,10
8.620,0.4476661,0,10
8.640,0.2496346,0,10
8.660,0.08467033,0,10
8.680,-0.03479249,0,10
8.700,-0.1484615,0,10
8.720,-0.2655333,0,10
8.740,-0.4008058,0,10
8.760,-0.5486889,0,10
8.780,-0.6815699,0,10
8.800,-0.782073,0,10
8.820,-0.8461391,0,10
8.840,-0.8686986,0,10
8.860,-0.8816738,0,10
8.880,-0.8540714,0,10
8.900,-0.8073089,0,10
8.920,-0.7796895,0,10
8.940,-0.7286002,0,10
8.960,-0.5624957,0,10
8.980,-0.2803441,0,10
9.000,-0.1151385,0,10
9.020,-0.07271949,0,10
9.040,-0.001006482,0,10
9.060,0.06069472,0,10
9.080,0.09580062,0,10
9.100,0.1022416,0,10
9.120,0.1050388,0,10
9.140,0.1254977,1,11
9.160,0.1588505,0,11
9.180,0.2086239,0,11
9.200,0.2630576,0,11
9.220,0.2971215,0,11
9.240,0.3166571,0,11
9.260,0.3689226,0,11
9.280,0.4789886,0,11
9.300,0.6288839,0,11
9.320,0.7800131,0,11
9.340,0.9030451,0,11
9.360,0.9828484,0,11
9.380,0.9959886,0,11
9.400,0.9228788,0,11
9.420,0.7682959,0,11
9.440,0.5553017,0,11
9.460,0.345215,0,11
9.480,0.1622644,0,11
9.500,0.02183287,0,11
9.520,-0.09200293,0,11
9.540,-0.2051712,0,11
9.560,-0.3307284,0,11
9.580,-0.4763732,0,11
9.600,-0.6169649,0,11
9.620,-0.7354695,0,11
9.640,-0.8194579,0,11
9.660,-0.8589388,0,11
9.680,-0.8772479,0,11
9.700,-0.874301,0,11
9.720,-0.8271372,0,11
9.740,-0.8060722,0,11
9.760,-0.7649685,0,11
9.780,-0.657126,0,11
9.800,-0.4439377,0,11
9.820,-0.132189,0,11
9.840,-0.1014315,0,11
9.860,-0.03669388,0,11
9.880,0.03201064,0,11
9.900,0.08188447,0,11
9.920,0.1071718,0,11
9.940,0.1007864,0,11
9.960,0.1139341,1,12
9.980,0.1408108,0,12
10.000,0.1795821,0,12
