phase,robust_template,retained_cycle_1,retained_cycle_2,retained_cycle_3,retained_cycle_4,retained_cycle_5,retained_cycle_6,retained_cycle_7,retained_cycle_8,retained_cycle_9,retained_cycle_10
0.0000000,-0.2472871,-0.5916417,-0.1495454,-0.1684291,-0.3892222,-0.3325209,-0.3879838,-0.3381985,-0.2309525,-0.0783744,-0.3576100
0.0104167,-0.3291563,-0.6912679,-0.2785030,-0.2697097,-0.4087103,-0.4322317,-0.4289690,-0.3957870,-0.7605954,-0.3377352,-0.4150972
0.0208333,-0.3618174,-0.6614300,-0.3665215,-0.3235554,-0.4180847,-0.4233460,-0.4572947,-0.4367698,-0.9252956,-0.4425514,-0.4641849
0.0312500,-0.3871563,-0.6183900,-0.4129100,-0.3693116,-0.4610608,-0.4063476,-0.5303782,-0.4616213,-0.7631476,-0.4082179,-0.5064497
0.0416667,-0.4157643,-0.6418583,-0.4488178,-0.4308710,-0.5224103,-0.4517974,-0.6289450,-0.4704676,-0.5490501,-0.3597145,-0.5387374
0.0520833,-0.4480338,-0.7067430,-0.4964973,-0.4932385,-0.5614095,-0.5387129,-0.6986743,-0.4628347,-0.4797689,-0.3838820,-0.5527646
0.0625000,-0.4661807,-0.7417684,-0.5469164,-0.5263548,-0.5649329,-0.6041912,-0.7197867,-0.4405706,-0.5095905,-0.4524529,-0.5439209
0.0729167,-0.4681550,-0.7228886,-0.5767196,-0.5209273,-0.5548820,-0.6249818,-0.7180167,-0.4093114,-0.4846506,-0.4863832,-0.5169856
0.0833333,-0.4536417,-0.6867051,-0.5771302,-0.4933910,-0.5513448,-0.6303360,-0.7173792,-0.3751448,-0.3608784,-0.4598902,-0.4795930
0.0937500,-0.4348957,-0.6664157,-0.5587964,-0.4612670,-0.5462373,-0.6472260,-0.7061529,-0.3400076,-0.2348994,-0.4157446,-0.4322468
0.1041667,-0.4035572,-0.6463791,-0.5323829,-0.4249943,-0.5185156,-0.6611764,-0.6572071,-0.3018108,-0.1926690,-0.3937390,-0.3700730
0.1145833,-0.3579989,-0.5895871,-0.4943379,-0.3766570,-0.4634826,-0.6401649,-0.5666837,-0.2589143,-0.2016498,-0.3793233,-0.2947436
0.1250000,-0.2989390,-0.4894482,-0.4349962,-0.3178233,-0.3953933,-0.5794167,-0.4571378,-0.2121597,-0.1748298,-0.3334525,-0.2184438
0.1354167,-0.2342329,-0.3741057,-0.3543033,-0.2601963,-0.3245464,-0.5045310,-0.3465668,-0.1611981,-0.0926257,-0.2498347,-0.1515552
0.1458333,-0.1546632,-0.2654772,-0.2629006,-0.2101889,-0.2438811,-0.4349312,-0.2297237,-0.1009762,-0.0136178,-0.1595057,-0.0901789
0.1562500,-0.0644388,-0.1547390,-0.1691446,-0.1603900,-0.1421481,-0.3617969,-0.0946438,-0.0252945,0.0210398,-0.0850762,-0.0224531
0.1666667,0.0450180,-0.0244700,-0.0712844,-0.0989233,-0.0222857,-0.2671969,0.0535581,0.0656487,0.0443123,-0.0136049,0.0537285
0.1770833,0.1548175,0.1198543,0.0356604,-0.0225097,0.1007173,-0.1519945,0.1955634,0.1639041,0.1098831,0.0781103,0.1276305
0.1875000,0.2625620,0.2540089,0.1498831,0.0637909,0.2170170,-0.0331034,0.3203089,0.2613926,0.2165664,0.1876197,0.1939886
0.1979167,0.3503599,0.3651567,0.2637548,0.1568293,0.3290090,0.0817597,0.4338899,0.3564316,0.3167323,0.2908079,0.2665698
0.2083333,0.4359918,0.4638162,0.3729094,0.2593964,0.4403850,0.2035491,0.5445286,0.4496769,0.3862914,0.3751767,0.3634050
0.2187500,0.5310953,0.5638271,0.4797724,0.3729722,0.5451178,0.3437527,0.6474737,0.5352446,0.4524237,0.4531018,0.4802558
0.2291667,0.6296728,0.6619822,0.5872408,0.4908885,0.6321554,0.4964794,0.7307840,0.6017127,0.5465524,0.5395520,0.5910821
0.2395833,0.7194306,0.7451727,0.6923982,0.6020508,0.6977720,0.6451277,0.7913480,0.6453716,0.6571776,0.6296303,0.6810293
0.2500000,0.8034544,0.8110500,0.7889286,0.6997601,0.7477062,0.7812616,0.8374758,0.6790850,0.7480437,0.7070001,0.7687620
0.2604167,0.8765711,0.8709976,0.8737871,0.7837782,0.7874490,0.9081794,0.8758991,0.7216237,0.8083701,0.7674221,0.8810192
0.2708333,0.9243101,0.9327044,0.9482913,0.8544155,0.8156236,1.0265738,0.9030198,0.7763451,0.8612297,0.8223758,1.0045292
0.2812500,0.9622160,0.9887258,1.0127260,0.9083390,0.8291284,1.1251993,0.9119571,0.8247050,0.9233484,0.8796763,1.0791921
0.2916667,0.9889003,1.0263216,1.0627014,0.9418264,0.8310360,1.1898469,0.9035107,0.8452812,0.9783268,0.9306215,1.0531080
0.3020833,1.0000000,1.0426647,1.0921000,0.9557471,0.8293049,1.2167435,0.8851999,0.8383419,0.9993288,0.9608292,0.9418167
0.3125000,0.9932467,1.0441907,1.0977488,0.9546181,0.8285965,1.2118907,0.8612749,0.8275797,0.9839711,0.9670506,0.8208796
0.3229167,0.9773455,1.0337320,1.0793140,0.9412784,0.8268836,1.1796182,0.8289351,0.8364067,0.9517214,0.9563120,0.7556138
0.3333333,0.9484631,1.0055816,1.0356466,0.9147595,0.8204929,1.1180152,0.7853264,0.8653476,0.9127321,0.9315423,0.7452039
0.3437500,0.9049824,0.9546381,0.9638493,0.8736388,0.8092146,1.0266096,0.7340957,0.8943802,0.8557890,0.8862242,0.7401104
0.3541667,0.8483405,0.8848869,0.8628331,0.8193325,0.7945016,0.9133865,0.6823071,0.9041488,0.7698558,0.8148451,0.7051744
0.3645833,0.7645099,0.8051373,0.7365268,0.7547544,0.7747673,0.7905939,0.6332206,0.8902296,0.6643014,0.7225168,0.6528198
0.3750000,0.6746101,0.7194038,0.5927466,0.6810123,0.7454475,0.6658422,0.5853391,0.8572525,0.5591207,0.6201619,0.6154285
0.3854167,0.5911106,0.6258209,0.4398872,0.5972750,0.7035996,0.5406978,0.5376819,0.8055197,0.4623861,0.5135110,0.6007298
0.3958333,0.5174841,0.5240171,0.2857337,0.5037682,0.6502332,0.4167836,0.4924918,0.7288912,0.3675770,0.4014875,0.5859190
0.4062500,0.4291344,0.4191052,0.1384998,0.4034592,0.5875829,0.2991188,0.4517633,0.6247576,0.2706675,0.2840039,0.5496346
0.4166667,0.3281205,0.3172477,0.0066905,0.3004856,0.5159021,0.1923603,0.4135305,0.5010202,0.1792410,0.1661073,0.4951538
0.4270833,0.2253789,0.2205533,-0.1034146,0.1981419,0.4340759,0.0967060,0.3733184,0.3709336,0.1019706,0.0530094,0.4380338
0.4375000,0.1282349,0.1285380,-0.1899494,0.0991050,0.3421288,0.0096734,0.3279373,0.2435148,0.0368798,-0.0552811,0.3814295
0.4479167,0.0375115,0.0425144,-0.2549559,0.0065997,0.2415892,-0.0695531,0.2761759,0.1215723,-0.0245764,-0.1617535,0.3139120
0.4583333,-0.0428903,-0.0342868,-0.3023669,-0.0760828,0.1339670,-0.1395848,0.2167674,0.0074796,-0.0862692,-0.2668586,0.2289042
0.4687500,-0.1147368,-0.1002891,-0.3368647,-0.1473927,0.0205736,-0.1996575,0.1479891,-0.0932756,-0.1460839,-0.3678073,0.1359007
0.4791667,-0.1808524,-0.1567859,-0.3636768,-0.2082898,-0.0958784,-0.2506260,0.0695737,-0.1758680,-0.2033927,-0.4621516,0.0488768
0.4895833,-0.2475172,-0.2055531,-0.3877674,-0.2614039,-0.2106919,-0.2931093,-0.0165877,-0.2412184,-0.2613772,-0.5490247,-0.0298625
0.5000000,-0.3056950,-0.2474337,-0.4123748,-0.3102499,-0.3186608,-0.3267531,-0.1081166,-0.2949890,-0.3215759,-0.6267911,-0.1083518
0.5104167,-0.3541393,-0.2837010,-0.4384675,-0.3592013,-0.4153035,-0.3520162,-0.2030686,-0.3421310,-0.3815119,-0.6922055,-0.1906943
0.5208333,-0.3986317,-0.3164394,-0.4655672,-0.4128955,-0.4965065,-0.3709717,-0.2985174,-0.3844163,-0.4393878,-0.7428733,-0.2712642
0.5312500,-0.4477486,-0.3460278,-0.4925142,-0.4744306,-0.5586139,-0.3853086,-0.3898374,-0.4233340,-0.4964678,-0.7785158,-0.3441242
0.5416667,-0.4976657,-0.3698248,-0.5173686,-0.5439850,-0.6004709,-0.3950487,-0.4729421,-0.4630626,-0.5521364,-0.7987290,-0.4123153
0.5520833,-0.5442456,-0.3851745,-0.5375758,-0.6192182,-0.6249210,-0.4006692,-0.5462744,-0.5087999,-0.6009390,-0.8017385,-0.4835778
0.5625000,-0.5925286,-0.3925886,-0.5512262,-0.6961648,-0.6368774,-0.4050398,-0.6087953,-0.5627367,-0.6388339,-0.7875388,-0.5594771
0.5729167,-0.6460994,-0.3938923,-0.5580163,-0.7688587,-0.6399838,-0.4108291,-0.6567017,-0.6229212,-0.6690960,-0.7607111,-0.6333129
0.5833333,-0.6890843,-0.3883368,-0.5583717,-0.8288054,-0.6363879,-0.4163947,-0.6847352,-0.6856037,-0.6961773,-0.7272459,-0.6983073
0.5937500,-0.6981745,-0.3739636,-0.5519523,-0.8668369,-0.6293800,-0.4168698,-0.6913266,-0.7468693,-0.7154282,-0.6891611,-0.7533362
0.6041667,-0.6773145,-0.3533309,-0.5380534,-0.8767692,-0.6236185,-0.4097412,-0.6800248,-0.8012512,-0.7164382,-0.6454707,-0.7987684
0.6145833,-0.6522709,-0.3341885,-0.5175955,-0.8570638,-0.6210488,-0.3964846,-0.6544019,-0.8401422,-0.6978987,-0.5985876,-0.8300403
0.6250000,-0.6295510,-0.3218467,-0.4935290,-0.8089581,-0.6181088,-0.3771295,-0.6139378,-0.8535020,-0.6712223,-0.5554162,-0.8390728
0.6354167,-0.6010115,-0.3132715,-0.4684771,-0.7345132,-0.6093112,-0.3462798,-0.5578782,-0.8339621,-0.6445034,-0.5193116,-0.8214934
0.6458333,-0.5604356,-0.3021863,-0.4427854,-0.6379537,-0.5930835,-0.2984450,-0.4917762,-0.7795009,-0.6098708,-0.4841041,-0.7796439
0.6562500,-0.4992407,-0.2883824,-0.4159478,-0.5279680,-0.5715736,-0.2364315,-0.4258784,-0.6931644,-0.5557468,-0.4405097,-0.7182848
0.6666667,-0.4299621,-0.2769833,-0.3892448,-0.4160279,-0.5446544,-0.1701612,-0.3659801,-0.5818738,-0.4878463,-0.3870632,-0.6401791
0.6770833,-0.3718256,-0.2680462,-0.3651045,-0.3111745,-0.5076523,-0.1064232,-0.3097540,-0.4561438,-0.4255388,-0.3293830,-0.5475300
0.6875000,-0.3145064,-0.2529290,-0.3434820,-0.2175566,-0.4574677,-0.0443573,-0.2548147,-0.3296417,-0.3751376,-0.2682912,-0.4458225
0.6979167,-0.2556650,-0.2253354,-0.3206822,-0.1377886,-0.3986139,0.0160350,-0.2069690,-0.2167871,-0.3196812,-0.1955181,-0.3434895
0.7083333,-0.2144057,-0.1920986,-0.2931644,-0.0766898,-0.3393401,0.0652918,-0.1752642,-0.1290690,-0.2443797,-0.1060072,-0.2475851
0.7187500,-0.1787043,-0.1664702,-0.2613710,-0.0390115,-0.2822778,0.0908475,-0.1597419,-0.0726003,-0.1624648,-0.0098854,-0.1613003
0.7291667,-0.1303235,-0.1516625,-0.2278768,-0.0238535,-0.2233020,0.0914361,-0.1503131,-0.0480351,-0.1004727,0.0754193,-0.0857905
0.7395833,-0.0925734,-0.1385885,-0.1923017,-0.0243963,-0.1610800,0.0784563,-0.1400794,-0.0516273,-0.0609528,0.1440669,-0.0225490
0.7500000,-0.0886486,-0.1222499,-0.1507444,-0.0344617,-0.1031922,0.0605541,-0.1340683,-0.0761132,-0.0188488,0.2044809,0.0271744
0.7604167,-0.0872973,-0.1122983,-0.1012172,-0.0528536,-0.0583161,0.0332919,-0.1392059,-0.1117009,0.0383661,0.2607299,0.0641811
0.7708333,-0.0762757,-0.1195659,-0.0472036,-0.0787836,-0.0247186,-0.0097634,-0.1492940,-0.1478764,0.0850924,0.3003885,0.0909777
0.7812500,-0.0670656,-0.1364612,0.0065547,-0.1049708,0.0073559,-0.0601618,-0.1486517,-0.1754877,0.0898204,0.3096136,0.1096932
0.7916667,-0.0704141,-0.1418518,0.0602962,-0.1196887,0.0412635,-0.0988741,-0.1318575,-0.1879336,0.0627232,0.2952701,0.1212569
0.8020833,-0.0728905,-0.1270651,0.1176825,-0.1165630,0.0685665,-0.1188510,-0.1111419,-0.1813355,0.0458709,0.2795049,0.1264061
0.8125000,-0.0662439,-0.1061207,0.1776228,-0.0985950,0.0824105,-0.1333934,-0.0982110,-0.1545433,0.0536461,0.2706364,0.1262638
0.8229167,-0.0618020,-0.0929767,0.2314639,-0.0700631,0.0911431,-0.1553155,-0.0854206,-0.1092597,0.0502537,0.2521564,0.1216183
0.8333333,-0.0534129,-0.0778149,0.2710595,-0.0279818,0.1103848,-0.1754052,-0.0557133,-0.0496547,0.0046922,0.2092397,0.1127345
0.8437500,-0.0173088,-0.0401208,0.2971629,0.0331138,0.1422294,-0.1737274,-0.0097588,0.0186862,-0.0529402,0.1561912,0.1005618
0.8541667,0.0266332,0.0165484,0.3156620,0.1086385,0.1717557,-0.1505178,0.0302184,0.0896080,-0.0633119,0.1216953,0.0872856
0.8645833,0.0400991,0.0603301,0.3263732,0.1828090,0.1886868,-0.1304615,0.0503062,0.1565100,-0.0219829,0.1088134,0.0747454
0.8750000,0.0278071,0.0704058,0.3213459,0.2435669,0.2039277,-0.1286392,0.0674092,0.2125883,0.0082852,0.0890912,0.0628547
0.8854167,0.0348633,0.0666851,0.2970914,0.2939451,0.2336574,-0.1250197,0.1073030,0.2520461,-0.0115258,0.0459489,0.0506012
0.8958333,0.0628783,0.0820534,0.2636316,0.3422904,0.2699461,-0.0896296,0.1638175,0.2714554,-0.0281193,0.0072575,0.0380633
0.9062500,0.0972793,0.1102758,0.2349009,0.3834354,0.2823620,-0.0290578,0.1995730,0.2697465,0.0374449,0.0129712,0.0257790
0.9166667,0.1220455,0.1070368,0.2112796,0.3991904,0.2565489,0.0144200,0.1969968,0.2470190,0.1663309,0.0554383,0.0119223
0.9270833,0.1166735,0.0546380,0.1796431,0.3820188,0.2197371,0.0206327,0.1923785,0.2040588,0.2453417,0.0807182,-0.0080101
0.9375000,0.0701150,0.0038638,0.1346145,0.3503053,0.2105254,0.0296307,0.2350142,0.1432698,0.2220281,0.0633055,-0.0373733
0.9479167,0.0543091,0.0200835,0.0927650,0.3286451,0.2223360,0.0950069,0.3106910,0.0692435,0.2061726,0.0557622,-0.0753704
0.9583333,0.0817638,0.0859869,0.0753343,0.3123713,0.1944098,0.1981169,0.3296185,-0.0126264,0.3440674,0.1290178,-0.1194412
0.9687500,0.0731619,0.0892537,0.0759086,0.2630554,0.0738225,0.2367486,0.2116107,-0.0980933,0.5890952,0.2613879,-0.1696412
0.9791667,-0.0581377,-0.0661299,0.0552806,0.1488020,-0.1180272,0.1233792,-0.0209890,-0.1839210,0.6727391,0.3223268,-0.2279717
0.9895833,-0.2472871,-0.3432229,-0.0223842,-0.0139703,-0.2954370,-0.1109122,-0.2536099,-0.2658908,0.3685478,0.1972903,-0.2929417
