display_time_s,display_value,display_cycle_index
0.0000000,-0.2472871,1
0.0084012,-0.3291563,1
0.0168023,-0.3618174,1
0.0252035,-0.3871563,1
0.0336046,-0.4157643,1
0.0420058,-0.4480338,1
0.0504070,-0.4661807,1
0.0588081,-0.4681550,1
0.0672093,-0.4536417,1
0.0756104,-0.4348957,1
0.0840116,-0.4035572,1
0.0924128,-0.3579989,1
0.1008139,-0.2989390,1
0.1092151,-0.2342329,1
0.1176162,-0.1546632,1
0.1260174,-0.0644388,1
0.1344186,0.0450180,1
0.1428197,0.1548175,1
0.1512209,0.2625620,1
0.1596220,0.3503599,1
0.1680232,0.4359918,1
0.1764244,0.5310953,1
0.1848255,0.6296728,1
0.1932267,0.7194306,1
0.2016278,0.8034544,1
0.2100290,0.8765711,1
0.2184302,0.9243101,1
0.2268313,0.9622160,1
0.2352325,0.9889003,1
0.2436337,1.0000000,1
0.2520348,0.9932467,1
0.2604360,0.9773455,1
0.2688371,0.9484631,1
0.2772383,0.9049824,1
0.2856395,0.8483405,1
0.2940406,0.7645099,1
0.3024418,0.6746101,1
0.3108429,0.5911106,1
0.3192441,0.5174841,1
0.3276453,0.4291344,1
0.3360464,0.3281205,1
0.3444476,0.2253789,1
0.3528487,0.1282349,1
0.3612499,0.0375115,1
0.3696511,-0.0428903,1
0.3780522,-0.1147368,1
0.3864534,-0.1808524,1
0.3948545,-0.2475172,1
0.4032557,-0.3056950,1
0.4116569,-0.3541393,1
0.4200580,-0.3986317,1
0.4284592,-0.4477486,1
0.4368603,-0.4976657,1
0.4452615,-0.5442456,1
0.4536627,-0.5925286,1
0.4620638,-0.6460994,1
0.4704650,-0.6890843,1
0.4788661,-0.6981745,1
0.4872673,-0.6773145,1
0.4956685,-0.6522709,1
0.5040696,-0.6295510,1
0.5124708,-0.6010115,1
0.5208719,-0.5604356,1
0.5292731,-0.4992407,1
0.5376743,-0.4299621,1
0.5460754,-0.3718256,1
0.5544766,-0.3145064,1
0.5628777,-0.2556650,1
0.5712789,-0.2144057,1
0.5796801,-0.1787043,1
0.5880812,-0.1303235,1
0.5964824,-0.0925734,1
0.6048835,-0.0886486,1
0.6132847,-0.0872973,1
0.6216859,-0.0762757,1
0.6300870,-0.0670656,1
0.6384882,-0.0704141,1
0.6468893,-0.0728905,1
0.6552905,-0.0662439,1
0.6636917,-0.0618020,1
0.6720928,-0.0534129,1
0.6804940,-0.0173088,1
0.6888952,0.0266332,1
0.6972963,0.0400991,1
0.7056975,0.0278071,1
0.7140986,0.0348633,1
0.7224998,0.0628783,1
0.7309010,0.0972793,1
0.7393021,0.1220455,1
0.7477033,0.1166735,1
0.7561044,0.0701150,1
0.7645056,0.0543091,1
0.7729068,0.0817638,1
0.7813079,0.0731619,1
0.7897091,-0.0581377,1
0.7981102,-0.2472871,1
0.8065114,-0.2472871,2
0.8149126,-0.3291563,2
0.8233137,-0.3618174,2
0.8317149,-0.3871563,2
0.8401160,-0.4157643,2
0.8485172,-0.4480338,2
0.8569184,-0.4661807,2
0.8653195,-0.4681550,2
0.8737207,-0.4536417,2
0.8821218,-0.4348957,2
0.8905230,-0.4035572,2
0.8989242,-0.3579989,2
0.9073253,-0.2989390,2
0.9157265,-0.2342329,2
0.9241276,-0.1546632,2
0.9325288,-0.0644388,2
0.9409300,0.0450180,2
0.9493311,0.1548175,2
0.9577323,0.2625620,2
0.9661334,0.3503599,2
0.9745346,0.4359918,2
0.9829358,0.5310953,2
0.9913369,0.6296728,2
0.9997381,0.7194306,2
1.0081392,0.8034544,2
1.0165404,0.8765711,2
1.0249416,0.9243101,2
1.0333427,0.9622160,2
1.0417439,0.9889003,2
1.0501450,1.0000000,2
1.0585462,0.9932467,2
1.0669474,0.9773455,2
1.0753485,0.9484631,2
1.0837497,0.9049824,2
1.0921508,0.8483405,2
1.1005520,0.7645099,2
1.1089532,0.6746101,2
1.1173543,0.5911106,2
1.1257555,0.5174841,2
1.1341567,0.4291344,2
1.1425578,0.3281205,2
1.1509590,0.2253789,2
1.1593601,0.1282349,2
1.1677613,0.0375115,2
1.1761625,-0.0428903,2
1.1845636,-0.1147368,2
1.1929648,-0.1808524,2
1.2013659,-0.2475172,2
1.2097671,-0.3056950,2
1.2181683,-0.3541393,2
1.2265694,-0.3986317,2
1.2349706,-0.4477486,2
1.2433717,-0.4976657,2
1.2517729,-0.5442456,2
1.2601741,-0.5925286,2
1.2685752,-0.6460994,2
1.2769764,-0.6890843,2
1.2853775,-0.6981745,2
1.2937787,-0.6773145,2
1.3021799,-0.6522709,2
1.3105810,-0.6295510,2
1.3189822,-0.6010115,2
1.3273833,-0.5604356,2
1.3357845,-0.4992407,2
1.3441857,-0.4299621,2
1.3525868,-0.3718256,2
1.3609880,-0.3145064,2
1.3693891,-0.2556650,2
1.3777903,-0.2144057,2
1.3861915,-0.1787043,2
1.3945926,-0.1303235,2
1.4029938,-0.0925734,2
1.4113949,-0.0886486,2
1.4197961,-0.0872973,2
1.4281973,-0.0762757,2
1.4365984,-0.0670656,2
1.4449996,-0.0704141,2
1.4534007,-0.0728905,2
1.4618019,-0.0662439,2
1.4702031,-0.0618020,2
1.4786042,-0.0534129,2
1.4870054,-0.0173088,2
1.4954065,0.0266332,2
1.5038077,0.0400991,2
1.5122089,0.0278071,2
1.5206100,0.0348633,2
1.5290112,0.0628783,2
1.5374123,0.0972793,2
1.5458135,0.1220455,2
1.5542147,0.1166735,2
1.5626158,0.0701150,2
1.5710170,0.0543091,2
1.5794182,0.0817638,2
1.5878193,0.0731619,2
1.5962205,-0.0581377,2
1.6046216,-0.2472871,2
1.6130228,-0.2472871,3
1.6214240,-0.3291563,3
1.6298251,-0.3618174,3
1.6382263,-0.3871563,3
1.6466274,-0.4157643,3
1.6550286,-0.4480338,3
1.6634298,-0.4661807,3
1.6718309,-0.4681550,3
1.6802321,-0.4536417,3
1.6886332,-0.4348957,3
1.6970344,-0.4035572,3
1.7054356,-0.3579989,3
1.7138367,-0.2989390,3
1.7222379,-0.2342329,3
1.7306390,-0.1546632,3
1.7390402,-0.0644388,3
1.7474414,0.0450180,3
1.7558425,0.1548175,3
1.7642437,0.2625620,3
1.7726448,0.3503599,3
1.7810460,0.4359918,3
1.7894472,0.5310953,3
1.7978483,0.6296728,3
1.8062495,0.7194306,3
1.8146506,0.8034544,3
1.8230518,0.8765711,3
1.8314530,0.9243101,3
1.8398541,0.9622160,3
1.8482553,0.9889003,3
1.8566564,1.0000000,3
1.8650576,0.9932467,3
1.8734588,0.9773455,3
1.8818599,0.9484631,3
1.8902611,0.9049824,3
1.8986622,0.8483405,3
1.9070634,0.7645099,3
1.9154646,0.6746101,3
1.9238657,0.5911106,3
1.9322669,0.5174841,3
1.9406680,0.4291344,3
1.9490692,0.3281205,3
1.9574704,0.2253789,3
1.9658715,0.1282349,3
1.9742727,0.0375115,3
1.9826739,-0.0428903,3
1.9910750,-0.1147368,3
1.9994762,-0.1808524,3
2.0078773,-0.2475172,3
2.0162785,-0.3056950,3
2.0246797,-0.3541393,3
2.0330808,-0.3986317,3
2.0414820,-0.4477486,3
2.0498831,-0.4976657,3
2.0582843,-0.5442456,3
2.0666855,-0.5925286,3
2.0750866,-0.6460994,3
2.0834878,-0.6890843,3
2.0918889,-0.6981745,3
2.1002901,-0.6773145,3
2.1086913,-0.6522709,3
2.1170924,-0.6295510,3
2.1254936,-0.6010115,3
2.1338947,-0.5604356,3
2.1422959,-0.4992407,3
2.1506971,-0.4299621,3
2.1590982,-0.3718256,3
2.1674994,-0.3145064,3
2.1759005,-0.2556650,3
2.1843017,-0.2144057,3
2.1927029,-0.1787043,3
2.2011040,-0.1303235,3
2.2095052,-0.0925734,3
2.2179063,-0.0886486,3
2.2263075,-0.0872973,3
2.2347087,-0.0762757,3
2.2431098,-0.0670656,3
2.2515110,-0.0704141,3
2.2599121,-0.0728905,3
2.2683133,-0.0662439,3
2.2767145,-0.0618020,3
2.2851156,-0.0534129,3
2.2935168,-0.0173088,3
2.3019179,0.0266332,3
2.3103191,0.0400991,3
2.3187203,0.0278071,3
2.3271214,0.0348633,3
2.3355226,0.0628783,3
2.3439237,0.0972793,3
2.3523249,0.1220455,3
2.3607261,0.1166735,3
2.3691272,0.0701150,3
2.3775284,0.0543091,3
2.3859295,0.0817638,3
2.3943307,0.0731619,3
2.4027319,-0.0581377,3
2.4111330,-0.2472871,3
2.4195342,-0.2472871,4
2.4279354,-0.3291563,4
2.4363365,-0.3618174,4
2.4447377,-0.3871563,4
2.4531388,-0.4157643,4
2.4615400,-0.4480338,4
2.4699412,-0.4661807,4
2.4783423,-0.4681550,4
2.4867435,-0.4536417,4
2.4951446,-0.4348957,4
2.5035458,-0.4035572,4
2.5119470,-0.3579989,4
2.5203481,-0.2989390,4
2.5287493,-0.2342329,4
2.5371504,-0.1546632,4
2.5455516,-0.0644388,4
2.5539528,0.0450180,4
2.5623539,0.1548175,4
2.5707551,0.2625620,4
2.5791562,0.3503599,4
2.5875574,0.4359918,4
2.5959586,0.5310953,4
2.6043597,0.6296728,4
2.6127609,0.7194306,4
2.6211620,0.8034544,4
2.6295632,0.8765711,4
2.6379644,0.9243101,4
2.6463655,0.9622160,4
2.6547667,0.9889003,4
2.6631678,1.0000000,4
2.6715690,0.9932467,4
2.6799702,0.9773455,4
2.6883713,0.9484631,4
2.6967725,0.9049824,4
2.7051736,0.8483405,4
2.7135748,0.7645099,4
2.7219760,0.6746101,4
2.7303771,0.5911106,4
2.7387783,0.5174841,4
2.7471794,0.4291344,4
2.7555806,0.3281205,4
2.7639818,0.2253789,4
2.7723829,0.1282349,4
2.7807841,0.0375115,4
2.7891852,-0.0428903,4
2.7975864,-0.1147368,4
2.8059876,-0.1808524,4
2.8143887,-0.2475172,4
2.8227899,-0.3056950,4
2.8311910,-0.3541393,4
2.8395922,-0.3986317,4
2.8479934,-0.4477486,4
2.8563945,-0.4976657,4
2.8647957,-0.5442456,4
2.8731969,-0.5925286,4
2.8815980,-0.6460994,4
2.8899992,-0.6890843,4
2.8984003,-0.6981745,4
2.9068015,-0.6773145,4
2.9152027,-0.6522709,4
2.9236038,-0.6295510,4
2.9320050,-0.6010115,4
2.9404061,-0.5604356,4
2.9488073,-0.4992407,4
2.9572085,-0.4299621,4
2.9656096,-0.3718256,4
2.9740108,-0.3145064,4
2.9824119,-0.2556650,4
2.9908131,-0.2144057,4
2.9992143,-0.1787043,4
3.0076154,-0.1303235,4
3.0160166,-0.0925734,4
3.0244177,-0.0886486,4
3.0328189,-0.0872973,4
3.0412201,-0.0762757,4
3.0496212,-0.0670656,4
3.0580224,-0.0704141,4
3.0664235,-0.0728905,4
3.0748247,-0.0662439,4
3.0832259,-0.0618020,4
3.0916270,-0.0534129,4
3.1000282,-0.0173088,4
3.1084293,0.0266332,4
3.1168305,0.0400991,4
3.1252317,0.0278071,4
3.1336328,0.0348633,4
3.1420340,0.0628783,4
3.1504351,0.0972793,4
3.1588363,0.1220455,4
3.1672375,0.1166735,4
3.1756386,0.0701150,4
3.1840398,0.0543091,4
3.1924409,0.0817638,4
3.2008421,0.0731619,4
3.2092433,-0.0581377,4
3.2176444,-0.2472871,4
