dataset,medoidBlend,medoidCycleNumber,medoidMeanSimilarity,templateConsistency,slope95,relativeSharpness,curvature95,positivePeaks,negativeTroughs,seamDifference
chairback_192603,0.0,4,0.9379263950825819,0.9585450124092652,0.10424246989141409,1.0000000000000002,0.03785206496057082,2,2,0.0
chairback_192603,0.25,4,0.9379263950825819,0.9608909201889708,0.10533680216918016,1.0104979503930214,0.02818003227138867,2,2,0.0
chairback_192603,0.5,4,0.9379263950825819,0.9597350979377254,0.1115582320605056,1.0701802458893397,0.026234975466205367,2,2,0.0
chairback_192603,0.75,4,0.9379263950825819,0.9544514416050931,0.12156619609590025,1.1661868355818097,0.02671305392219771,2,2,0.0
chairback_192603,1.0,4,0.9379263950825819,0.9467802013642381,0.13862384541748543,1.329821190555877,0.0402895129807465,2,2,0.0
chairback_155119,0.0,3,0.9338906430386668,0.9566115057334525,0.10564280022008914,0.9999999999999996,0.02761362505752833,2,2,0.0
chairback_155119,0.25,3,0.9338906430386668,0.9539479644039213,0.10049218988998446,0.9512450415989137,0.028914971285712743,2,2,0.0
chairback_155119,0.5,3,0.9338906430386668,0.9511857265968391,0.09950488680171818,0.9418993683849379,0.0383118223074685,2,2,0.0
chairback_155119,0.75,3,0.9338906430386668,0.9450831018160328,0.09943660427797411,0.9412530155468666,0.041120468985199415,2,2,0.0
chairback_155119,1.0,3,0.9338906430386668,0.9351322521336934,0.09814329609152321,0.9290107407893202,0.045062465659783627,2,2,0.0
chest_175614,0.0,3,0.9009131872028687,0.9316018464825396,0.10717033988836444,1.0000000000000016,0.03180952996686506,2,2,0.0
chest_175614,0.25,3,0.9009131872028687,0.9264589618493682,0.11511511920843347,1.0741322583127477,0.02459115838629493,2,2,0.0
chest_175614,0.5,3,0.9009131872028687,0.9216127306707145,0.11943996043426189,1.11448709184536,0.022952754090995977,2,1,0.0
chest_175614,0.75,3,0.9009131872028687,0.9140207585916009,0.12334551071666022,1.1509295467864065,0.021410779810939137,2,1,0.0
chest_175614,1.0,3,0.9009131872028687,0.9030428045093567,0.13098907000653462,1.2222511391023068,0.025499163394227694,2,1,0.0
abdomen_195248,0.0,5,0.9081718264299613,0.9540189156288323,0.1113092895362113,0.9999999999999993,0.038656409838931566,2,2,0.0
abdomen_195248,0.25,5,0.9081718264299613,0.9538268509129666,0.11270995675054837,1.0125835608166498,0.032654940954713225,2,2,0.0
abdomen_195248,0.5,5,0.9081718264299613,0.9480340122715463,0.11687974202325033,1.0500448121648172,0.029285020058987834,2,2,0.0
abdomen_195248,0.75,5,0.9081718264299613,0.937918039740272,0.12198745056108506,1.095932343736682,0.03181146633724117,2,2,0.0
abdomen_195248,1.0,5,0.9081718264299613,0.9280980898359235,0.12976942431459929,1.1658454101657205,0.04073398666398281,3,3,0.0
