Time_s,AdaptiveHeartbeat,NarrowbandContinuous,CleanHeartNormalized,HeartDetailNormalized,CycleBoundary,CycleIndex,RR_s,LoggedBPM
0.000,-1,-0.3103867,-0.07732987,-0.3364037,1,0,1.000,62.967
0.020,-0.8706642,-0.3588097,-0.05572717,-0.4634013,0,0,1.000,62.967
0.040,-0.6924202,-0.3990046,-0.06478576,-0.4529146,0,0,1.000,62.967
0.060,-0.4534213,-0.4300106,-0.103214,-0.3207838,0,0,1.000,62.967
0.080,-0.162525,-0.4511133,-0.1599886,-0.1709773,0,0,1.000,62.967
0.100,-0.02589427,-0.4618515,-0.2192839,-0.07313404,0,0,1.000,62.967
0.120,0.1118376,-0.4620172,-0.266357,-0.01258213,0,0,1.000,62.967
0.140,0.245383,-0.4516486,-0.2914121,0.03796383,0,0,1.000,62.967
0.160,0.3675226,-0.4310193,-0.2911997,0.05463076,0,0,1.000,62.967
0.180,0.4743102,-0.4006268,-0.2689191,0.02211156,0,0,1.000,62.967
0.200,0.5623648,-0.3611792,-0.2321681,-0.00169586,0,0,1.000,62.967
0.220,0.6277331,-0.313577,-0.1897332,0.00722933,0,0,1.000,62.967
0.240,0.6667369,-0.2588901,-0.1495494,-0.02800294,0,0,1.000,62.967
0.260,0.6819232,-0.1983321,-0.1184987,-0.1295262,0,0,1.000,62.967
0.280,0.6740442,-0.1332368,-0.1018817,-0.1939424,0,0,1.000,62.967
0.300,0.6424369,-0.06503456,-0.1012066,-0.1438505,0,0,1.000,62.967
0.320,0.5919926,0.004769738,-0.112386,-0.0207312,0,0,1.000,62.967
0.340,0.5273083,0.07462356,-0.1271014,0.07456652,0,0,1.000,62.967
0.360,0.4522142,0.1429582,-0.1369866,0.07702169,0,0,1.000,62.967
0.380,0.3709625,0.2082198,-0.137821,-0.001681008,0,0,1.000,62.967
0.400,0.2891554,0.2688968,-0.1309116,-0.09022432,0,0,1.000,62.967
0.420,0.2107368,0.3235489,-0.1208077,-0.1081495,0,0,1.000,62.967
0.440,0.1402366,0.370842,-0.1115891,-0.05695143,0,0,1.000,62.967
0.460,0.08082311,0.4095824,-0.1048155,-0.01449805,0,0,1.000,62.967
0.480,0.03378198,0.4387464,-0.09951587,0.01538506,0,0,1.000,62.967
0.500,0.0001499499,0.457511,-0.09253914,0.100756,0,0,1.000,62.967
0.520,-0.01758521,0.4652847,-0.07903041,0.2174588,0,0,1.000,62.967
0.540,-0.02287079,0.4617348,-0.05389962,0.2964739,0,0,1.000,62.967
0.560,-0.01747085,0.4467994,-0.01349512,0.3671094,0,0,1.000,62.967
0.580,-0.003413454,0.420692,0.04432158,0.4924024,0,0,1.000,62.967
0.600,0.01577891,0.3839047,0.1211076,0.6494915,0,0,1.000,62.967
0.620,0.03596419,0.337209,0.2171764,0.7353999,0,0,1.000,62.967
0.640,0.0537055,0.2816453,0.3292342,0.6919204,0,0,1.000,62.967
0.660,0.06432156,0.2185004,0.4490183,0.5790236,0,0,1.000,62.967
0.680,0.06522142,0.1492736,0.5645683,0.4622515,0,0,1.000,62.967
0.700,0.0542957,0.07564065,0.6628732,0.3221027,0,0,1.000,62.967
0.720,0.02925194,-0.0005824827,0.7316848,0.1159064,0,0,1.000,62.967
0.740,-0.01170187,-0.07748021,0.7605561,-0.1312632,0,0,1.000,62.967
0.760,-0.06629559,-0.153086,0.7430364,-0.3057938,0,0,1.000,62.967
0.780,-0.1331044,-0.2254374,0.680043,-0.3224988,0,0,1.000,62.967
0.800,-0.2106902,-0.2926333,0.5815174,-0.2423372,0,0,1.000,62.967
0.820,-0.2944775,-0.352889,0.4637334,-0.1945802,0,0,1.000,62.967
0.840,-0.3800576,-0.4045868,0.3433793,-0.2290542,0,0,1.000,62.967
0.860,-0.4629221,-0.4463221,0.2325323,-0.2935342,0,0,1.000,62.967
0.880,-0.5368384,-0.4769458,0.1369937,-0.33574,0,0,1.000,62.967
0.900,-0.5980484,-0.4956012,0.05724283,-0.3642107,0,0,1.000,62.967
0.920,-0.7048455,-0.5017472,-0.009689911,-0.3967232,0,0,1.000,62.967
0.940,-0.8095292,-0.4951757,-0.06829098,-0.4242959,0,0,1.000,60.422
0.960,-0.8952517,-0.4760235,-0.1225665,-0.4220178,0,0,1.000,60.422
0.980,-0.9807154,-0.4447756,-0.174434,-0.3802408,0,0,1.000,60.422
1.000,-1,-0.4022545,-0.2234021,-0.3319033,1,1,0.860,60.422
1.020,-0.8236699,-0.3495943,-0.2677031,-0.313073,0,1,0.860,60.422
1.040,-0.6026723,-0.2882045,-0.3058677,-0.3143388,0,1,0.860,60.422
1.060,-0.299617,-0.2197302,-0.3372018,-0.2901992,0,1,0.860,60.422
1.080,-0.088442,-0.1460122,-0.3606587,-0.1964473,0,1,0.860,60.422
1.100,0.05761444,-0.06904585,-0.3731864,-0.02684702,0,1,0.860,60.422
1.120,0.2070049,0.009067541,-0.3691677,0.1787332,0,1,0.860,60.422
1.140,0.349582,0.08617636,-0.3420031,0.353647,0,1,0.860,60.422
1.160,0.4776729,0.1601392,-0.2876656,0.4242223,0,1,0.860,60.422
1.180,0.5798773,0.2288864,-0.2082956,0.369851,0,1,0.860,60.422
1.200,0.6533773,0.2904796,-0.1130329,0.2684154,0,1,0.860,60.422
1.220,0.6896341,0.3431627,-0.01526361,0.1951937,0,1,0.860,60.422
1.240,0.691031,0.3854054,0.07168255,0.1402441,0,1,0.860,60.422
1.260,0.6547337,0.4159407,0.1383127,0.1127082,0,1,0.860,60.422
1.280,0.5873744,0.4337992,0.1819574,0.1883027,0,1,0.860,60.422
1.300,0.4924086,0.4383369,0.2081788,0.360984,0,1,0.860,60.422
1.320,0.3788535,0.4292573,0.2282964,0.4872483,0,1,0.860,60.422
1.340,0.2546907,0.4066243,0.2527943,0.4414437,0,1,0.860,60.422
1.360,0.1290842,0.3708677,0.2845676,0.234135,0,1,0.860,60.422
1.380,0.01120669,0.3227786,0.3169021,-0.01703061,0,1,0.860,60.422
1.400,-0.09171345,0.2634942,0.3373277,-0.1952003,0,1,0.860,60.422
1.420,-0.1729066,0.1944695,0.3338183,-0.298927,0,1,0.860,60.422
1.440,-0.2285878,0.1174428,0.2986641,-0.4256093,0,1,0.860,60.422
1.460,-0.2568954,0.0343951,0.2287932,-0.6083495,0,1,0.860,60.422
1.480,-0.2581546,-0.05249847,0.1253999,-0.7398321,0,1,0.860,60.422
1.500,-0.2359218,-0.140923,-0.004829697,-0.7104711,0,1,0.860,60.422
1.520,-0.1943498,-0.2284818,-0.1484095,-0.5404929,0,1,0.860,60.422
1.540,-0.1407756,-0.3127534,-0.2861949,-0.3100505,0,1,0.860,60.422
1.560,-0.08199231,-0.3913488,-0.3971404,-0.06409773,0,1,0.860,60.422
1.580,-0.02598323,-0.4619723,-0.46319,0.1527069,0,1,0.860,60.422
1.600,0.01970382,-0.5224874,-0.4738137,0.2882211,0,1,0.860,60.422
1.620,0.049844,-0.5709818,-0.4286546,0.3454821,0,1,0.860,60.422
1.640,0.0583432,-0.6058242,-0.3371951,0.3561935,0,1,0.860,60.422
1.660,0.04504755,-0.6257131,-0.2160696,0.3131645,0,1,0.860,60.422
1.680,0.007330999,-0.6297196,-0.08554343,0.2081429,0,1,0.860,60.422
1.700,-0.04965638,-0.6173211,0.03400985,0.07008992,0,1,0.860,60.422
1.720,-0.1238226,-0.5884224,0.1251476,-0.08622583,0,1,0.860,60.422
1.740,-0.2067608,-0.5433687,0.1752954,-0.2657025,0,1,0.860,60.422
1.760,-0.2916467,-0.4829521,0.1778043,-0.4284908,0,1,0.860,60.422
1.780,-0.3758803,-0.4084041,0.1329672,-0.5065078,0,1,0.860,60.422
1.800,-0.605221,-0.3213673,0.04839995,-0.5031912,0,1,0.860,60.422
1.820,-0.7925011,-0.2238516,-0.06258718,-0.4817331,0,1,0.860,60.422
1.840,-0.949935,-0.1181882,-0.1839793,-0.4394528,0,1,0.860,60.422
1.860,-1,-0.006980352,-0.299441,-0.3225513,1,2,0.640,60.422
1.880,-0.7610547,0.1069564,-0.3940523,-0.1663788,0,2,0.640,60.422
1.900,-0.3846606,0.2206683,-0.4568106,-0.07213654,0,2,0.640,60.422
1.920,-0.03249426,0.331146,-0.4832136,-0.04952895,0,2,0.640,60.422
1.940,0.174839,0.4354078,-0.4755516,-0.02380674,0,2,0.640,58.894
1.960,0.3720956,0.5305819,-0.4407198,0.02240008,0,2,0.640,58.894
1.980,0.5408702,0.613984,-0.3876493,0.04719652,0,2,0.640,58.894
2.000,0.6657234,0.6831923,-0.32505,0.07691292,0,2,0.640,58.894
2.020,0.7362246,0.7361217,-0.2583354,0.2152183,0,2,0.640,58.894
2.040,0.7484185,0.7710869,-0.186603,0.4808551,0,2,0.640,58.894
2.060,0.7054244,0.7868521,-0.103077,0.7325995,0,2,0.640,58.894
2.080,0.6169918,0.7826705,0,0.8430714,0,2,0.640,58.894
2.100,0.4980034,0.7583125,0.1258549,0.8516133,0,2,0.640,58.894
2.120,0.3661173,0.714077,0.2712725,0.8565951,0,2,0.640,58.894
2.140,0.2389224,0.6507834,0.4283621,0.8741249,0,2,0.640,58.894
2.160,0.1311057,0.5697494,0.587142,0.8603107,0,2,0.640,58.894
2.180,0.05215318,0.4727603,0.7370334,0.778782,0,2,0.640,58.894
2.200,0.005017649,0.3620282,0.8674804,0.6295755,0,2,0.640,58.894
2.220,-0.01399498,0.2401363,0.9685882,0.4456176,0,2,0.640,58.894
2.240,-0.01411274,0.1099672,1.032438,0.2730266,0,2,0.640,58.894
2.260,-0.007993383,-0.02537676,1.054748,0.1362615,0,2,0.640,58.894
2.280,-0.009054618,-0.1626542,1.035009,-0.02689668,0,2,0.640,58.894
2.300,-0.02876015,-0.298565,0.9739007,-0.3194325,0,2,0.640,58.894
2.320,-0.07436483,-0.4298328,0.8703091,-0.7052589,0,2,0.640,58.894
2.340,-0.1475031,-0.5532913,0.7215854,-1.025424,0,2,0.640,58.894
2.360,-0.2438182,-0.6659665,0.5272688,-1.206077,0,2,0.640,58.894
2.380,-0.3536225,-0.7651511,0.2929513,-1.25,0,2,0.640,58.894
2.400,-0.4634035,-0.8484686,0.03198909,-1.224107,0,2,0.640,58.894
2.420,-0.5578678,-0.9139269,-0.2347279,-1.024596,0,2,0.640,58.894
2.440,-0.6221771,-0.9599632,-0.4811741,-0.7292843,0,2,0.640,58.894
2.460,-0.7864307,-0.9854784,-0.6819706,-0.4885198,0,2,0.640,58.894
2.480,-0.9230966,-0.989858,-0.8203393,-0.4173446,0,2,0.640,58.894
2.500,-1,-0.9729768,-0.8934467,-0.4585576,1,3,0.940,58.894
2.520,-0.8397067,-0.9351932,-0.9109659,-0.4451206,0,3,0.940,58.894
2.540,-0.6303697,-0.8773347,-0.8875231,-0.2716294,0,3,0.940,58.894
2.560,-0.3557265,-0.8006748,-0.834275,0.03773371,0,3,0.940,58.894
2.580,-0.08450476,-0.706899,-0.7551225,0.3601311,0,3,0.940,58.894
2.600,0.05169842,-0.5980587,-0.6493751,0.5510518,0,3,0.940,58.894
2.620,0.1898153,-0.4765179,-0.5184262,0.533939,0,3,0.940,58.894
2.640,0.3229946,-0.3448957,-0.3714475,0.3475506,0,3,0.940,58.894
2.660,0.4458558,-0.2060091,-0.2257901,0.1210188,0,3,0.940,58.894
2.680,0.550587,-0.06281352,-0.101332,-0.004506102,0,3,0.940,58.894
2.700,0.6335979,0.0816583,-0.01229752,0.02235277,0,3,0.940,58.894
2.720,0.6928592,0.2243646,0.03809466,0.1284664,0,3,0.940,58.894
2.740,0.7211279,0.3623242,0.05726683,0.2174537,0,3,0.940,58.894
2.760,0.7225963,0.4926781,0.05859395,0.2634804,0,3,0.940,58.894
2.780,0.6975782,0.6127413,0.05610436,0.2961033,0,3,0.940,58.894
2.800,0.645545,0.7200515,0.06092863,0.3346476,0,3,0.940,58.894
2.820,0.5742839,0.8124167,0.07919727,0.3363049,0,3,0.940,58.894
2.840,0.487171,0.8879555,0.1106689,0.2466871,0,3,0.940,58.894
2.860,0.3898838,0.9451245,0.1490456,0.1120828,0,3,0.940,58.894
2.880,0.2892575,0.9827399,0.1852288,0.04508527,0,3,0.940,58.894
2.900,0.1912493,1,0.2122308,0.08012476,0,3,0.940,58.894
2.920,0.1013089,0.9965046,0.2285145,0.1634187,0,3,0.940,58.894
2.940,0.02297867,0.9722671,0.2380035,0.2480805,0,3,0.940,61.894
2.960,-0.03784743,0.9277141,0.2478859,0.3301775,0,3,0.940,61.894
2.980,-0.08171819,0.8636799,0.2659618,0.4133946,0,3,0.940,61.894
3.000,-0.1083719,0.781395,0.2981368,0.4701283,0,3,0.940,61.894
3.020,-0.1165153,0.6824687,0.3465177,0.4788753,0,3,0.940,61.894
3.040,-0.1115189,0.5688602,0.4091869,0.4821674,0,3,0.940,61.894
3.060,-0.09599029,0.4428439,0.4819318,0.525616,0,3,0.940,61.894
3.080,-0.07413005,0.3069698,0.5602907,0.5743886,0,3,0.940,61.894
3.100,-0.05120629,0.1640156,0.6401256,0.5702199,0,3,0.940,61.894
3.120,-0.03205406,0.0169317,0.7168358,0.5041449,0,3,0.940,61.894
3.140,-0.02098041,-0.13122,0.7843921,0.3783343,0,3,0.940,61.894
3.160,-0.02051442,-0.2773295,0.8348828,0.1861446,0,3,0.940,61.894
3.180,-0.0351172,-0.4183065,0.8591479,-0.03534824,0,3,0.940,61.894
3.200,-0.06408806,-0.5511482,0.8491049,-0.210424,0,3,0.940,61.894
3.220,-0.1067831,-0.6730069,0.8009007,-0.3075919,0,3,0.940,61.894
3.240,-0.1636764,-0.7812529,0.7161272,-0.397315,0,3,0.940,61.894
3.260,-0.2295119,-0.8735346,0.5994769,-0.581328,0,3,0.940,61.894
3.280,-0.3009869,-0.9478331,0.4552949,-0.8295924,0,3,0.940,61.894
3.300,-0.3732782,-1.002511,0.2871284,-0.9828279,0,3,0.940,61.894
3.320,-0.4413283,-1.036358,0.1006273,-0.9664752,0,3,0.940,61.894
3.340,-0.4992428,-1.048626,-0.09453323,-0.8936649,0,3,0.940,61.894
3.360,-0.5913569,-1.039057,-0.2868021,-0.8951332,0,3,0.940,61.894
3.380,-0.7325184,-1.0079,-0.4665435,-0.9402937,0,3,0.940,61.894
3.400,-0.8513536,-0.9559099,-0.6274986,-0.9216471,0,3,0.940,61.894
3.420,-0.9681455,-0.884336,-0.765453,-0.8131793,0,3,0.940,61.894
3.440,-1,-0.7948947,-0.8764938,-0.654708,1,4,0.700,61.894
3.460,-0.785968,-0.6897255,-0.9567717,-0.4951368,0,4,0.700,61.894
3.480,-0.4537091,-0.571334,-1.003684,-0.3735831,0,4,0.700,61.894
3.500,-0.07723549,-0.4425293,-1.017172,-0.2806529,0,4,0.700,61.894
3.520,0.1091121,-0.3063543,-1,-0.1835423,0,4,0.700,61.894
3.540,0.2845149,-0.1660103,-0.956964,-0.08424009,0,4,0.700,61.894
3.560,0.434322,-0.02477704,-0.8935385,0.01866312,0,4,0.700,61.894
3.580,0.545198,0.1140675,-0.8142769,0.1575648,0,4,0.700,61.894
3.600,0.611477,0.2473288,-0.721556,0.3265095,0,4,0.700,61.894
3.620,0.6311566,0.3719801,-0.6158846,0.4617975,0,4,0.700,61.894
3.640,0.6070045,0.4852444,-0.4981538,0.5073879,0,4,0.700,61.894
3.660,0.5460742,0.5846677,-0.3721749,0.4644223,0,4,0.700,61.894
3.680,0.4585461,0.6681782,-0.2450598,0.4030185,0,4,0.700,61.894
3.700,0.3576398,0.7341307,-0.124612,0.4113905,0,4,0.700,61.894
3.720,0.2570491,0.7813375,-0.01553092,0.5047752,0,4,0.700,61.894
3.740,0.1681282,0.8090879,0.08255696,0.6174727,0,4,0.700,61.894
3.760,0.09952198,0.8171591,0.1737262,0.6783107,0,4,0.700,61.894
3.780,0.05622219,0.8058148,0.2621757,0.6553188,0,4,0.700,61.894
3.800,0.03964458,0.7757865,0.3488457,0.5546795,0,4,0.700,61.894
3.820,0.0458209,0.728241,0.4301026,0.4138479,0,4,0.700,61.894
3.840,0.0666407,0.6647397,0.4988142,0.2672279,0,4,0.700,61.894
3.860,0.09239828,0.5871939,0.5465815,0.1092315,0,4,0.700,61.894
3.880,0.112469,0.4978088,0.5658075,-0.06831673,0,4,0.700,61.894
3.900,0.1167783,0.3990174,0.5515263,-0.2222106,0,4,0.700,61.894
3.920,0.09621033,0.2934127,0.5032054,-0.3042409,0,4,0.700,61.894
3.940,0.04634125,0.1836829,0.4254517,-0.3415904,0,4,0.700,63.727
3.960,-0.03249677,0.07254304,0.3265595,-0.3933711,0,4,0.700,63.727
3.980,-0.1360983,-0.03733768,0.2160046,-0.4472746,0,4,0.700,63.727
4.000,-0.2563104,-0.1434053,0.1032259,-0.4288672,0,4,0.700,63.727
4.020,-0.3818481,-0.2432798,-0.001606973,-0.2902296,0,4,0.700,63.727
4.040,-0.498485,-0.3348018,-0.08670349,-0.06285886,0,4,0.700,63.727
4.060,-0.5921129,-0.4160714,-0.1397481,0.1671808,0,4,0.700,63.727
4.080,-0.6857237,-0.4854806,-0.1509005,0.3426232,0,4,0.700,63.727
4.100,-0.8227248,-0.5417411,-0.1157803,0.4669031,0,4,0.700,63.727
4.120,-0.9400743,-0.5839072,-0.03686966,0.5465216,0,4,0.700,63.727
4.140,-1,-0.6113903,0.07658518,0.5538823,1,5,0.900,63.727
4.160,-0.8415913,-0.6239644,0.2090969,0.4399214,0,5,0.900,63.727
4.180,-0.6257619,-0.6217643,0.3394126,0.1642284,0,5,0.900,63.727
4.200,-0.3318025,-0.6052725,0.4420738,-0.2342307,0,5,0.900,63.727
4.220,-0.08796079,-0.5752921,0.4920694,-0.5978809,0,5,0.900,63.727
4.240,0.04745784,-0.5329135,0.47257,-0.7669836,0,5,0.900,63.727
4.260,0.1784073,-0.4794846,0.3816918,-0.7437732,0,5,0.900,63.727
4.280,0.299977,-0.4165806,0.2333553,-0.6630287,0,5,0.900,63.727
4.300,0.4043248,-0.3459676,0.05204327,-0.5924579,0,5,0.900,63.727
4.320,0.4900042,-0.2695575,-0.1339698,-0.4636016,0,5,0.900,63.727
4.340,0.552374,-0.1893615,-0.2976128,-0.2419073,0,5,0.900,63.727
4.360,0.5902811,-0.1074448,-0.4167886,-0.01560843,0,5,0.900,63.727
4.380,0.6054218,-0.02588214,-0.4778533,0.1400467,0,5,0.900,63.727
4.400,0.5961386,0.05329102,-0.4778276,0.2250029,0,5,0.900,63.727
4.420,0.5690162,0.1281276,-0.4242755,0.2390572,0,5,0.900,63.727
4.440,0.5251046,0.1968163,-0.3331433,0.1805496,0,5,0.900,63.727
4.460,0.4707084,0.2577258,-0.2247336,0.110422,0,5,0.900,63.727
4.480,0.410233,0.3094456,-0.1180291,0.1144953,0,5,0.900,63.727
4.500,0.3484249,0.3508206,-0.02566612,0.1853633,0,5,0.900,63.727
4.520,0.2894123,0.3809754,0.04739915,0.226854,0,5,0.900,63.727
4.540,0.2377687,0.3993301,0.1014181,0.1925715,0,5,0.900,63.727
4.560,0.194534,0.4056119,0.1385889,0.1335966,0,5,0.900,63.727
4.580,0.1623059,0.3998668,0.1616017,0.1108471,0,5,0.900,63.727
4.600,0.1402937,0.3824622,0.1741339,0.1521288,0,5,0.900,63.727
4.620,0.1273044,0.3540769,0.1818529,0.2581167,0,5,0.900,63.727
4.640,0.1216203,0.3156807,0.1925338,0.3950132,0,5,0.900,63.727
4.660,0.1194478,0.2685076,0.2146361,0.5147832,0,5,0.900,63.727
4.680,0.1173933,0.2140228,0.2544189,0.5664499,0,5,0.900,63.727
4.700,0.1118389,0.1538846,0.3125861,0.5007554,0,5,0.900,63.727
4.720,0.09870271,0.0899024,0.3820337,0.3103559,0,5,0.900,63.727
4.740,0.07520241,0.0239881,0.4483425,0.05172418,0,5,0.900,63.727
4.760,0.03972653,-0.04189807,0.4936925,-0.1876232,0,5,0.900,63.727
4.780,-0.0103411,-0.1058094,0.5028438,-0.3420107,0,5,0.900,63.727
4.800,-0.07258098,-0.1658741,0.4685713,-0.3906287,0,5,0.900,63.727
4.820,-0.1475545,-0.2203481,0.3945847,-0.3301595,0,5,0.900,63.727
4.840,-0.2308796,-0.267661,0.2951191,-0.1755352,0,5,0.900,63.727
4.860,-0.3191377,-0.3064606,0.1908012,-0.01331354,0,5,0.900,63.727
4.880,-0.4074986,-0.3356537,0.1015535,0.04391025,0,5,0.900,63.727
4.900,-0.491036,-0.3544387,0.03924075,-0.0396024,0,5,0.900,63.727
4.920,-0.5628186,-0.362333,0.00332854,-0.240717,0,5,0.900,63.727
4.940,-0.6200295,-0.3591927,-0.0186362,-0.511964,0,5,0.900,65.049
4.960,-0.6762386,-0.3452207,-0.04579696,-0.7511258,0,5,0.900,65.049
4.980,-0.7827922,-0.320958,-0.09545913,-0.8330179,0,5,0.900,65.049
5.000,-0.8730245,-0.2872659,-0.1742774,-0.6915293,0,5,0.900,65.049
5.020,-0.9690847,-0.245301,-0.2735312,-0.3734288,0,5,0.900,65.049
5.040,-1,-0.1964826,-0.3716826,-0.032169,1,6,0.560,65.049
5.060,-0.7036088,-0.1424504,-0.4433794,0.1832911,0,6,0.560,65.049
5.080,-0.2123873,-0.08501394,-0.4700848,0.2390623,0,6,0.560,65.049
5.100,0.09456721,-0.02609414,-0.44676,0.1935839,0,6,0.560,65.049
5.120,0.3238892,0.03233797,-0.3820852,0.1170138,0,6,0.560,65.049
5.140,0.5122283,0.08832369,-0.2932698,0.07372032,0,6,0.560,65.049
5.160,0.6375163,0.1399802,-0.1982118,0.1263194,0,6,0.560,65.049
5.180,0.6877548,0.185562,-0.1084547,0.2852136,0,6,0.560,65.049
5.200,0.6592059,0.2235191,-0.02627811,0.4738432,0,6,0.560,65.049
5.220,0.5686422,0.2525497,0.05285723,0.5907031,0,6,0.560,65.049
5.240,0.4367885,0.2716476,0.1346802,0.5965747,0,6,0.560,65.049
5.260,0.2888385,0.2801351,0.2209358,0.508956,0,6,0.560,65.049
5.280,0.1510479,0.2776838,0.3067268,0.3347366,0,6,0.560,65.049
5.300,0.04309293,0.2643235,0.3804998,0.0717267,0,6,0.560,65.049
5.320,-0.02376631,0.2404437,0.4267817,-0.2146335,0,6,0.560,65.049
5.340,-0.04579762,0.2067857,0.4317143,-0.4005254,0,6,0.560,65.049
5.360,-0.03413518,0.1644216,0.3891139,-0.4454314,0,6,0.560,65.049
5.380,-0.004609899,0.1147209,0.3031185,-0.4378265,0,6,0.560,65.049
5.400,0.02260608,0.0593058,0.1861488,-0.4403877,0,6,0.560,65.049
5.420,0.02706414,0,0.0549233,-0.4043873,0,6,0.560,65.049
5.440,-0.00509751,-0.06122871,-0.07284325,-0.2978809,0,6,0.560,65.049
5.460,-0.07969001,-0.1223335,-0.1811561,-0.177725,0,6,0.560,65.049
5.480,-0.1940277,-0.1812605,-0.2583892,-0.08809433,0,6,0.560,65.049
5.500,-0.3305484,-0.2360204,-0.2988985,-0.01219192,0,6,0.560,65.049
5.520,-0.466769,-0.2847523,-0.3028487,0.06114417,0,6,0.560,65.049
5.540,-0.5753569,-0.3257805,-0.2751988,0.1006946,0,6,0.560,65.049
5.560,-0.7355379,-0.3576668,-0.2248165,0.07702105,0,6,0.560,65.049
5.580,-0.901967,-0.3792581,-0.1634396,0.00243258,0,6,0.560,65.049
5.600,-1,-0.3897305,-0.1039445,-0.09188316,1,7,0.840,65.049
5.620,-0.8386757,-0.3886235,-0.05747039,-0.1464152,0,7,0.840,65.049
5.640,-0.6086224,-0.3758583,-0.02956741,-0.07492568,0,7,0.840,65.049
5.660,-0.2747996,-0.351739,-0.01813832,0.06949292,0,7,0.840,65.049
5.680,-0.05304257,-0.3169438,-0.01645004,0.08208096,0,7,0.840,65.049
5.700,0.1101785,-0.2725082,-0.01954238,-0.08742157,0,7,0.840,65.049
5.720,0.2673454,-0.2197952,-0.02780097,-0.2562818,0,7,0.840,65.049
5.740,0.4083926,-0.1604435,-0.04453786,-0.2893354,0,7,0.840,65.049
5.760,0.5264508,-0.09630575,-0.07152579,-0.243075,0,7,0.840,65.049
5.780,0.6139414,-0.02938628,-0.1073631,-0.2239406,0,7,0.840,65.049
5.800,0.6680585,0.03821645,-0.1486553,-0.2427621,0,7,0.840,65.049
5.820,0.6868332,0.1043715,-0.1912175,-0.233107,0,7,0.840,65.049
5.840,0.6716103,0.1669867,-0.2298883,-0.142994,0,7,0.840,65.049
5.860,0.6265724,0.2240832,-0.2579926,0.01107196,0,7,0.840,65.049
5.880,0.5566428,0.2738629,-0.268266,0.1515733,0,7,0.840,65.049
5.900,0.470004,0.3147619,-0.2557157,0.2006212,0,7,0.840,65.049
5.920,0.3740214,0.3454962,-0.2207287,0.1489528,0,7,0.840,65.049
5.940,0.2770473,0.3651015,-0.1699973,0.05418043,0,7,0.840,66.082
5.960,0.1872875,0.3729623,-0.1140262,-0.002965583,0,7,0.840,66.082
5.980,0.1094538,0.36883,-0.06192529,0.06035775,0,7,0.840,66.082
6.000,0.05069564,0.3528328,-0.01620688,0.2649742,0,7,0.840,66.082
6.020,0.009966305,0.3254746,0.02871661,0.504135,0,7,0.840,66.082
6.040,-0.008522943,0.2876191,0.08268718,0.6367815,0,7,0.840,66.082
6.060,-0.01075252,0.2404543,0.1533876,0.6426374,0,7,0.840,66.082
6.080,0.002271707,0.1854498,0.2421271,0.602411,0,7,0.840,66.082
6.100,0.02304844,0.1243086,0.3437798,0.5652842,0,7,0.840,66.082
6.120,0.04612188,0.05891334,0.4490602,0.508957,0,7,0.840,66.082
6.140,0.06472306,-0.008735019,0.546578,0.3859333,0,7,0.840,66.082
6.160,0.07210799,-0.07658297,0.6241573,0.1902068,0,7,0.840,66.082
6.180,0.06401381,-0.1425873,0.6703152,-0.02622635,0,7,0.840,66.082
6.200,0.03605664,-0.2047754,0.6761738,-0.2245081,0,7,0.840,66.082
6.220,-0.01242658,-0.2613047,0.637391,-0.3873694,0,7,0.840,66.082
6.240,-0.08103261,-0.3105224,0.5557908,-0.4677746,0,7,0.840,66.082
6.260,-0.1664662,-0.3510149,0.440085,-0.4504946,0,7,0.840,66.082
6.280,-0.2634873,-0.3816463,0.3044373,-0.407445,0,7,0.840,66.082
6.300,-0.3652176,-0.4015873,0.1643421,-0.4190202,0,7,0.840,66.082
6.320,-0.4640166,-0.4103365,0.03134945,-0.520079,0,7,0.840,66.082
6.340,-0.5505151,-0.4077257,-0.09057595,-0.6982992,0,7,0.840,66.082
6.360,-0.6185872,-0.3939132,-0.2044047,-0.8425966,0,7,0.840,66.082
6.380,-0.7550339,-0.3693709,-0.3143023,-0.7825517,0,7,0.840,66.082
6.400,-0.8640977,-0.334871,-0.4184323,-0.5007049,0,7,0.840,66.082
6.420,-0.9637699,-0.2914657,-0.5065855,-0.187214,0,7,0.840,66.082
6.440,-1,-0.2404546,-0.5649049,-0.004846575,1,8,1.140,66.082
6.460,-0.8750482,-0.1833411,-0.5830634,0.07454057,0,8,1.140,66.082
6.480,-0.7174667,-0.1217811,-0.5577696,0.1742193,0,8,1.140,66.082
6.500,-0.5183517,-0.057529,-0.4914021,0.3506817,0,8,1.140,66.082
6.520,-0.2709463,0.007614486,-0.3890136,0.5526436,0,8,1.140,66.082
6.540,-0.08776428,0.0718525,-0.2567285,0.7032014,0,8,1.140,66.082
6.560,0.02289947,0.1334402,-0.10178,0.7824732,0,8,1.140,66.082
6.580,0.1350523,0.1907296,0.0668793,0.7949311,0,8,1.140,66.082
6.600,0.2450988,0.2422088,0.237831,0.7080358,0,8,1.140,66.082
6.620,0.3487458,0.2865372,0.3965915,0.5000917,0,8,1.140,66.082
6.640,0.4428064,0.3225784,0.526416,0.2297428,0,8,1.140,66.082
6.660,0.5244962,0.3494252,0.611539,-0.006669972,0,8,1.140,66.082
6.680,0.5914368,0.3664158,0.6415085,-0.1732368,0,8,1.140,66.082
6.700,0.6418304,0.3731414,0.6140912,-0.2893318,0,8,1.140,66.082
6.720,0.6745221,0.3694494,0.5358475,-0.3453284,0,8,1.140,66.082
6.740,0.6890351,0.3554416,0.421002,-0.3141193,0,8,1.140,66.082
6.760,0.6855757,0.3314644,0.2887186,-0.2352714,0,8,1.140,66.082
6.780,0.663912,0.2980923,0.1585875,-0.1900836,0,8,1.140,66.082
6.800,0.626489,0.2561066,0.04580479,-0.1963719,0,8,1.140,66.082
6.820,0.5759037,0.2064705,-0.04144641,-0.2076615,0,8,1.140,66.082
6.840,0.5146781,0.1503051,-0.1015549,-0.194732,0,8,1.140,66.082
6.860,0.4456215,0.08886523,-0.1373351,-0.1675935,0,8,1.140,66.082
6.880,0.3717049,0.02351354,-0.1537344,-0.1373953,0,8,1.140,66.082
6.900,0.2959317,-0.04430902,-0.1559159,-0.09627768,0,8,1.140,66.082
6.920,0.2212104,-0.1131106,-0.1476149,-0.02157941,0,8,1.140,66.082
6.940,0.1505837,-0.1813732,-0.1298625,0.1042642,0,8,1.140,66.829
6.960,0.08660629,-0.2475781,-0.1010343,0.2408634,0,8,1.140,66.829
6.980,0.03093804,-0.3102316,-0.05906011,0.2997439,0,8,1.140,66.829
7.000,-0.01509505,-0.367892,-0.0049744,0.2355794,0,8,1.140,66.829
7.020,-0.05071616,-0.4191967,0.0545262,0.07415677,0,8,1.140,66.829
7.040,-0.07571588,-0.4628882,0.1078222,-0.1051984,0,8,1.140,66.829
7.060,-0.09044555,-0.4978408,0.1428424,-0.189923,0,8,1.140,66.829
7.080,-0.09578603,-0.5230842,0.1528124,-0.1390407,0,8,1.140,66.829
7.100,-0.09283207,-0.537823,0.1388457,-0.0673376,0,8,1.140,66.829
7.120,-0.08351886,-0.541454,0.1072321,-0.1051217,0,8,1.140,66.829
7.140,-0.07040335,-0.5335836,0.06469048,-0.2084141,0,8,1.140,66.829
7.160,-0.05576612,-0.5140429,0.01590502,-0.2688822,0,8,1.140,66.829
7.180,-0.04193404,-0.4828988,-0.03679164,-0.323905,0,8,1.140,66.829
7.200,-0.0311592,-0.4404677,-0.09381736,-0.4550504,0,8,1.140,66.829
7.220,-0.02550041,-0.3873248,-0.1580674,-0.5918912,0,8,1.140,66.829
7.240,-0.02671259,-0.3243036,-0.2317101,-0.5868595,0,8,1.140,66.829
7.260,-0.03640662,-0.2524854,-0.3113738,-0.4010418,0,8,1.140,66.829
7.280,-0.0558747,-0.173189,-0.3862723,-0.1417285,0,8,1.140,66.829
7.300,-0.08471391,-0.08796006,-0.4418136,0.03949228,0,8,1.140,66.829
7.320,-0.1225363,0.001448349,-0.4665541,0.07122887,0,8,1.140,66.829
7.340,-0.1683787,0.09310561,-0.4574803,0.01692258,0,8,1.140,66.829
7.360,-0.2207334,0.1849422,-0.4198439,0.01023152,0,8,1.140,66.829
7.380,-0.2776054,0.274792,-0.362711,0.0928321,0,8,1.140,66.829
7.400,-0.3365955,0.3604392,-0.2945414,0.185327,0,8,1.140,66.829
7.420,-0.3949519,0.4396704,-0.2210885,0.2568258,0,8,1.140,66.829
7.440,-0.4492364,0.5103334,-0.1451068,0.3389494,0,8,1.140,66.829
7.460,-0.496629,0.5703997,-0.06742516,0.387274,0,8,1.140,66.829
7.480,-0.5689913,0.6180264,0.01052696,0.3308967,0,8,1.140,66.829
7.500,-0.6918721,0.65162,0.08478358,0.2262128,0,8,1.140,66.829
7.520,-0.7966698,0.6698975,0.1503805,0.2130946,0,8,1.140,66.829
7.540,-0.8923518,0.6719392,0.2052131,0.3202168,0,8,1.140,66.829
7.560,-0.9893056,0.6572236,0.2521996,0.453594,0,8,1.140,66.829
7.580,-1,0.625653,0.2983156,0.5729719,1,9,1.120,66.829
7.600,-0.8719268,0.5775708,0.3522018,0.7056207,0,9,1.120,66.829
7.620,-0.6998729,0.5137697,0.4212595,0.8005971,0,9,1.120,66.829
7.640,-0.4763918,0.4354859,0.5076592,0.740769,0,9,1.120,66.829
7.660,-0.1971216,0.3443817,0.6045575,0.5000949,0,9,1.120,66.829
7.680,-0.007255959,0.242513,0.6960831,0.1932125,0,9,1.120,66.829
7.700,0.1130406,0.1322837,0.7625084,-0.04588724,0,9,1.120,66.829
7.720,0.2295075,0.01638622,0.787383,-0.1990882,0,9,1.120,66.829
7.740,0.3370882,-0.1022701,0.7626252,-0.3044876,0,9,1.120,66.829
7.760,0.4328906,-0.2206392,0.6904623,-0.3350452,0,9,1.120,66.829
7.780,0.5139919,-0.3356269,0.5822405,-0.3043602,0,9,1.120,66.829
7.800,0.5780697,-0.4441839,0.4537522,-0.3396357,0,9,1.120,66.829
7.820,0.6234955,-0.5433968,0.3186375,-0.4937833,0,9,1.120,66.829
7.840,0.6493995,-0.6305755,0.1842548,-0.6569829,0,9,1.120,66.829
7.860,0.6557044,-0.7033376,0.05314764,-0.6949925,0,9,1.120,66.829
7.880,0.64119,-0.7596812,-0.0722667,-0.588993,0,9,1.120,66.829
7.900,0.6096935,-0.7980416,-0.1868706,-0.446473,0,9,1.120,66.829
7.920,0.5635325,-0.8173348,-0.2839708,-0.3661069,0,9,1.120,66.829
7.940,0.505567,-0.8169951,-0.3582922,-0.333526,0,9,1.120,67.776
7.960,0.4390616,-0.7970013,-0.4073771,-0.2666253,0,9,1.120,67.776
7.980,0.3675288,-0.7578832,-0.4304543,-0.1200111,0,9,1.120,67.776
8.000,0.2945592,-0.7007038,-0.4273134,0.03674754,0,9,1.120,67.776
8.020,0.224236,-0.6270205,-0.3997918,0.06452172,0,9,1.120,67.776
8.040,0.1597643,-0.5388357,-0.3549402,-0.0797382,0,9,1.120,67.776
8.060,0.1038025,-0.4385392,-0.3060864,-0.2913572,0,9,1.120,67.776
8.080,0.05841625,-0.3288403,-0.2700007,-0.4763456,0,9,1.120,67.776
8.100,0.0249836,-0.2126851,-0.2619469,-0.6204862,0,9,1.120,67.776
8.120,0.004135369,-0.09316806,-0.2905986,-0.6657224,0,9,1.120,67.776
8.140,-0.004266147,0.02655896,-0.3537773,-0.5266298,0,9,1.120,67.776
8.160,0,0.1433779,-0.4370747,-0.2517818,0,9,1.120,67.776
8.180,0.01380838,0.2542963,-0.5178828,0,0,9,1.120,67.776
8.200,0.03484873,0.3565328,-0.5735571,0.1449869,0,9,1.120,67.776
8.220,0.06038436,0.4475961,-0.5884631,0.241903,0,9,1.120,67.776
8.240,0.08740708,0.5253525,-0.5561553,0.3756543,0,9,1.120,67.776
8.260,0.1128052,0.5880805,-0.4774893,0.5526074,0,9,1.120,67.776
8.280,0.133536,0.6345054,-0.3577045,0.7262815,0,9,1.120,67.776
8.300,0.1456948,0.663818,-0.2044701,0.8578032,0,9,1.120,67.776
8.320,0.147588,0.6756822,-0.02681403,0.9467308,0,9,1.120,67.776
8.340,0.1374998,0.6702334,0.1655189,1,0,9,1.120,67.776
8.360,0.1143723,0.648064,0.361618,0.9548096,0,9,1.120,67.776
8.380,0.07786707,0.6101937,0.5477663,0.7409457,0,9,1.120,67.776
8.400,0.02839052,0.5580276,0.706584,0.4100307,0,9,1.120,67.776
8.420,-0.03291699,0.493305,0.8188861,0.05917265,0,9,1.120,67.776
8.440,-0.1050683,0.4180404,0.8677213,-0.2763549,0,9,1.120,67.776
8.460,-0.1841982,0.3344582,0.8427428,-0.5536071,0,9,1.120,67.776
8.480,-0.2672666,0.2449228,0.7438629,-0.6956306,0,9,1.120,67.776
8.500,-0.3509097,0.1518658,0.5832984,-0.6793505,0,9,1.120,67.776
8.520,-0.4315897,0.05771891,0.3845021,-0.5500409,0,9,1.120,67.776
8.540,-0.5057516,-0.03515097,0.1773445,-0.3805987,0,9,1.120,67.776
8.560,-0.5699797,-0.1245017,-0.008994151,-0.2420993,0,9,1.120,67.776
8.580,-0.6193959,-0.2082707,-0.1521536,-0.1267602,0,9,1.120,67.776
8.600,-0.671705,-0.2846194,-0.2390357,0.03864247,0,9,1.120,67.776
8.620,-0.7624323,-0.3519711,-0.265142,0.2346604,0,9,1.120,67.776
8.640,-0.8369987,-0.4090472,-0.2337353,0.3425633,0,9,1.120,67.776
8.660,-0.9082158,-0.4548928,-0.1560485,0.3055537,0,9,1.120,67.776
8.680,-0.9894547,-0.4888879,-0.05077282,0.1650899,0,9,1.120,67.776
8.700,-1,-0.5107486,0.05864285,-0.02905695,1,10,1.080,67.776
8.720,-0.8579895,-0.5205213,0.1482655,-0.2431782,0,10,1.080,67.776
8.740,-0.6813278,-0.5185673,0.1984544,-0.4226683,0,10,1.080,67.776
8.760,-0.4608549,-0.5055321,0.1980918,-0.5202576,0,10,1.080,67.776
8.780,-0.1897406,-0.4823092,0.1467669,-0.5443675,0,10,1.080,67.776
8.800,-0.04259972,-0.4500034,0.05404234,-0.5188877,0,10,1.080,67.776
8.820,0.06818594,-0.4098972,-0.06342753,-0.4382623,0,10,1.080,67.776
8.840,0.1790031,-0.3634155,-0.1853863,-0.2935647,0,10,1.080,67.776
8.860,0.2858888,-0.3120829,-0.2916686,-0.1240468,0,10,1.080,67.776
8.880,0.3852511,-0.2574758,-0.3664304,-0.01227975,0,10,1.080,67.776
8.900,0.4738172,-0.2011764,-0.4018232,0.01316046,0,10,1.080,67.776
8.920,0.5483355,-0.1447294,-0.3990395,0.009214242,0,10,1.080,67.776
8.940,0.6050352,-0.08959937,-0.3660696,0.02395658,0,10,1.080,68.344
8.960,0.644076,-0.03712864,-0.3141647,0.03277361,0,10,1.080,68.344
8.980,0.6647971,0.01149557,-0.2554503,-0.01777029,0,10,1.080,68.344
9.000,0.6672547,0.05526442,-0.2013508,-0.09811897,0,10,1.080,68.344
9.020,0.6521937,0.09336593,-0.1601032,-0.0981378,0,10,1.080,68.344
9.040,0.6194595,0.1252024,-0.133644,0.02672931,0,10,1.080,68.344
9.060,0.5726383,0.1504034,-0.1162418,0.2198677,0,10,1.080,68.344
9.080,0.5146424,0.1688288,-0.09672587,0.3987806,0,10,1.080,68.344
9.100,0.4482363,0.1805625,-0.06376464,0.4804984,0,10,1.080,68.344
9.120,0.3763396,0.1858981,-0.01190393,0.4092463,0,10,1.080,68.344
9.140,0.3019275,0.1853155,0.05463299,0.2142619,0,10,1.080,68.344
9.160,0.2283035,0.1794533,0.1228283,-0.003235785,0,10,1.080,68.344
9.180,0.1581744,0.1690794,0.1761441,-0.1594885,0,10,1.080,68.344
9.200,0.09374174,0.1550628,0.2012345,-0.228172,0,10,1.080,68.344
9.220,0.03678464,0.1383461,0.1932179,-0.1926123,0,10,1.080,68.344
9.240,-0.01139775,0.1199124,0.1579996,-0.04365182,0,10,1.080,68.344
9.260,-0.0486987,0.1007493,0.1103715,0.1351055,0,10,1.080,68.344
9.280,-0.07626086,0.08181481,0.06780135,0.2102438,0,10,1.080,68.344
9.300,-0.09452206,0.06400453,0.04328125,0.1795807,0,10,1.080,68.344
9.320,-0.1044013,0.04811804,0.04167846,0.1445877,0,10,1.080,68.344
9.340,-0.1072424,0.0348298,0.06062831,0.1362579,0,10,1.080,68.344
9.360,-0.1044727,0.02466936,0.09348265,0.1237012,0,10,1.080,68.344
9.380,-0.09853937,0.0180093,0.13202,0.09733994,0,10,1.080,68.344
9.400,-0.09184523,0.01505672,0.1687895,0.08114203,0,10,1.080,68.344
9.420,-0.08652102,0.0158457,0.1991989,0.1079167,0,10,1.080,68.344
9.440,-0.08458138,0.02023427,0.2224988,0.1658855,0,10,1.080,68.344
9.460,-0.08799244,0.02790956,0.2407751,0.1922938,0,10,1.080,68.344
9.480,-0.09888646,0.03840016,0.2562236,0.1425383,0,10,1.080,68.344
9.500,-0.1175208,0.05109382,0.2690149,0.06137302,0,10,1.080,68.344
9.520,-0.1442211,0.06525725,0.2778272,0.04090748,0,10,1.080,68.344
9.540,-0.1787421,0.08005689,0.2818076,0.07457488,0,10,1.080,68.344
9.560,-0.2202531,0.09458417,0.281214,0.06949851,0,10,1.080,68.344
9.580,-0.2677475,0.1078887,0.2761602,-0.002150058,0,10,1.080,68.344
9.600,-0.3185042,0.1190157,0.2654276,-0.09298783,0,10,1.080,68.344
9.620,-0.3699072,0.1270421,0.2468709,-0.1618478,0,10,1.080,68.344
9.640,-0.4191972,0.1311126,0.2187274,-0.2019228,0,10,1.080,68.344
9.660,-0.4634621,0.1304756,0.18054,-0.2320258,0,10,1.080,68.344
9.680,-0.5063138,0.1245116,0.133077,-0.2784366,0,10,1.080,68.344
9.700,-0.6426058,0.1127555,0.07786489,-0.3262654,0,10,1.080,68.344
9.720,-0.7612556,0.09491263,0.01791712,-0.2894142,0,10,1.080,68.344
9.740,-0.8710336,0.07087588,-0.04012889,-0.1018414,0,10,1.080,68.344
9.760,-0.9823715,0.04074374,-0.0848371,0.1779268,0,10,1.080,68.344
9.780,-1,0.00483127,-0.1024299,0.4137861,1,11,0.620,68.344
9.800,-0.7586184,-0.03632922,-0.08235124,0.5199461,0,11,0.620,68.344
9.820,-0.3680627,-0.08199659,-0.02232868,0.5105171,0,11,0.620,68.344
9.840,-0.03540646,-0.1312359,0.06998105,0.4332337,0,11,0.620,68.344
9.860,0.1668187,-0.182938,0.178915,0.3084932,0,11,0.620,68.344
9.880,0.3481993,-0.2358444,0.2848834,0.1552812,0,11,0.620,68.344
9.900,0.4906397,-0.288578,0.3690573,0.004735255,0,11,0.620,68.344
9.920,0.5815122,-0.3396785,0.4174885,-0.1193914,0,11,0.620,68.344
9.940,0.6153671,-0.3876435,0.4233559,-0.2233616,0,11,0.620,67.257
9.960,0.5945913,-0.4309715,0.3861483,-0.3684234,0,11,0.620,67.257
9.980,0.5288614,-0.468207,0.3084763,-0.5986717,0,11,0.620,67.257
10.000,0.4334316,-0.4979842,0.1932027,-0.8541477,0,11,0.620,67.257
