Phase,BaseTemplate,EnhancedCycle_1,EnhancedCycle_2,EnhancedCycle_3,EnhancedCycle_4,EnhancedCycle_5,EnhancedCycle_6,EnhancedCycle_7,EnhancedCycle_8
0.000000,-0.38839714,-0.38747894,-0.41191442,-0.39620556,-0.38931534,-0.40145215,-0.37477124,-0.35818892,-0.36731058
0.010417,-0.38614017,-0.38818067,-0.40543076,-0.39203788,-0.38443561,-0.39834679,-0.36936694,-0.35436306,-0.36277486
0.020833,-0.37250661,-0.38385064,-0.39685629,-0.38693657,-0.38185543,-0.39335963,-0.35727062,-0.34761149,-0.35388259
0.031250,-0.33523806,-0.36552133,-0.37905141,-0.37470838,-0.37684318,-0.38218292,-0.33334943,-0.33254059,-0.33413168
0.041667,-0.25923781,-0.30869049,-0.33168039,-0.33660321,-0.35339341,-0.34760745,-0.27958925,-0.29096736,-0.284497
0.052083,-0.12928083,-0.15390692,-0.2057876,-0.22573198,-0.27104852,-0.24374939,-0.15052223,-0.17713679,-0.15880838
0.062500,0.06211212,0.19102522,0.083707009,0.045321885,-0.046398436,0.019778092,0.12910045,0.088937403,0.11908673
0.072917,0.1192405,0.2592491,0.14063318,0.10142474,0.008000837,0.065650139,0.16430473,0.14091097,0.16544619
0.083333,0.16501499,0.31180301,0.18443584,0.14596817,0.054134727,0.10162533,0.18806249,0.18177938,0.19948469
0.093750,0.20018006,0.35019778,0.21662045,0.18028129,0.092918001,0.12910906,0.20224135,0.21195248,0.22316185
0.104167,0.22743351,0.37806969,0.24070653,0.20760851,0.12701434,0.15124732,0.21039336,0.233745,0.24030208
0.114583,0.25039858,0.39988216,0.26104762,0.23196613,0.15970547,0.17177702,0.21662524,0.2503925,0.25541434
0.125000,0.27253725,0.41961343,0.28162632,0.25695746,0.19381882,0.19388013,0.22447894,0.26500209,0.27248445
0.135417,0.29655978,0.44008962,0.30541971,0.28514471,0.23119786,0.21965254,0.23639389,0.27999247,0.2943172
0.145833,0.32455808,0.4632265,0.33457282,0.31822548,0.27293585,0.25042138,0.25397096,0.29725451,0.32266893
0.156250,0.35817897,0.49036,0.37063876,0.35728696,0.31967215,0.28711282,0.2783015,0.31835972,0.3584853
0.166667,0.39850293,0.52224969,0.41451354,0.40277587,0.37159733,0.33026596,0.30998662,0.34448423,0.40189859
0.177083,0.44578074,0.55890888,0.46621292,0.45433284,0.42830028,0.37984092,0.34898137,0.37619113,0.45211774
0.187500,0.49943929,0.59972119,0.52491835,0.51090991,0.48885278,0.43526944,0.3946743,0.41346548,0.50759812
0.197917,0.5584902,0.64398176,0.58942865,0.57129365,0.55225283,0.49589381,0.44633201,0.4561206,0.5665976
0.208333,0.62183489,0.69125578,0.65847758,0.63447759,0.61771294,0.56123021,0.50338047,0.50406432,0.62758652
0.218750,0.68826894,0.74132174,0.73071375,0.69966258,0.684598,0.63085003,0.56532607,0.55722515,0.6892977
0.229167,0.75606438,0.79356568,0.80422393,0.76575241,0.75190104,0.70376416,0.63120495,0.61502213,0.75028912
0.239583,0.82252725,0.84631136,0.87603522,0.83077347,0.81767231,0.77778174,0.69899337,0.67578398,0.80842484
0.250000,0.88383549,0.89646803,0.94193153,0.89155882,0.87872772,0.84920877,0.76531628,0.73644013,0.86059676
0.260417,0.93540144,0.93980638,0.99684999,0.94397967,0.93090229,0.91317808,0.8257257,0.79275115,0.90295601
0.270833,0.97304795,0.97222378,1.0361654,0.98405821,0.97015626,0.96494472,0.87586215,0.84038992,0.93196984
0.281250,0.99438272,0.99128888,1.0571995,1.0093334,0.99392778,1.0014536,0.91286446,0.87628566,0.94570876
0.291667,1,0.99763592,1.0605496,1.0201042,1.0023641,1.0227534,0.93664177,0.89987407,0.9450074
0.302083,0.99328795,0.99476951,1.0499187,1.0192618,0.99820085,1.0318677,0.9497301,0.91304261,0.93327811
0.312500,0.97929182,0.98780114,1.030919,1.0111842,0.98572955,1.0336125,0.95619375,0.91919724,0.91542379
0.322917,0.96279222,0.98129177,1.0090092,0.99984802,0.96899527,1.032525,0.95972711,0.92157839,0.89599499
0.333333,0.94704981,0.97789327,0.98811318,0.98767363,0.95066151,1.0315224,0.96245784,0.92222338,0.87802758
0.343750,0.93333484,0.97791238,0.97005332,0.97519856,0.93164123,1.0314196,0.96456407,0.92165579,0.86265692
0.354167,0.92145388,0.98003443,0.95503528,0.96177534,0.91169134,1.0315399,0.96491761,0.91948273,0.84970272
0.364583,0.91042408,0.9821975,0.9422934,0.94636621,0.89010858,1.0304677,0.9618603,0.91504484,0.838359
0.375000,0.89891993,0.98217126,0.93051221,0.92802234,0.86614805,1.0265273,0.95371717,0.90774993,0.82761036
0.385417,0.88527635,0.97758584,0.91780604,0.90581721,0.83895342,1.0177551,0.93881783,0.89689597,0.8161647
0.395833,0.86747163,0.96591247,0.90171535,0.87869635,0.80743624,1.0018494,0.91546622,0.88143562,0.80234362
0.406250,0.84342313,0.94479242,0.87957395,0.84562094,0.77045501,0.97648195,0.88220643,0.86005351,0.78428512
0.416667,0.81162309,0.91275113,0.84926771,0.80606415,0.72734002,0.94000312,0.83841621,0.83162613,0.76050738
0.427083,0.77162848,0.86972967,0.80985095,0.76037527,0.67829275,0.89199484,0.78472711,0.79561914,0.73036239
0.437500,0.72404248,0.81700944,0.76161549,0.70965259,0.62430895,0.83325851,0.72290123,0.75208349,0.69402492
0.447917,0.66996083,0.75650132,0.70556565,0.6551136,0.56660514,0.76520326,0.65514674,0.70122401,0.65198914
0.458333,0.61040232,0.69001221,0.64283915,0.59751801,0.50606953,0.68921321,0.58342455,0.64303291,0.60458394
0.468750,0.54604008,0.61886475,0.57440475,0.53697105,0.44304849,0.60634623,0.5090871,0.5772634,0.55180664
0.479167,0.47728231,0.54393156,0.50109082,0.47313853,0.37750571,0.51741705,0.43291031,0.50374381,0.49350247
0.489583,0.4043391,0.46566175,0.42356772,0.40546058,0.30917482,0.4230562,0.35514657,0.42262458,0.42950425
0.500000,0.32730092,0.38413656,0.34232875,0.33336275,0.2377161,0.32377679,0.27562788,0.33454297,0.35974238
0.510417,0.24632297,0.29927211,0.25779138,0.25654069,0.16295962,0.22015992,0.19401485,0.24077585,0.28441366
0.520833,0.16206278,0.2113481,0.1706954,0.17545982,0.085373821,0.1133294,0.11033684,0.14352472,0.20436035
0.531250,0.075922498,0.12133689,0.082335007,0.091590351,0.0063068421,0.00521422,0.02534334,0.045912452,0.12122318
0.541667,-0.010166409,0.030722729,-0.0056483173,0.0071085376,-0.071990448,-0.1009912,-0.059458063,-0.048428825,0.037125815
0.552083,-0.093790145,-0.058314651,-0.090764408,-0.07495792,-0.14553622,-0.19881897,-0.14038256,-0.13408139,-0.045381983
0.562500,-0.17173403,-0.14105374,-0.16848115,-0.14957679,-0.20998588,-0.28216792,-0.21261171,-0.20544187,-0.1219382
0.572917,-0.2419355,-0.21387997,-0.23617173,-0.21368092,-0.26341789,-0.34902726,-0.27377321,-0.26115713,-0.18927368
0.583333,-0.30350603,-0.27563535,-0.29333022,-0.26672233,-0.30599256,-0.40044228,-0.32371559,-0.30296849,-0.24656513
0.593750,-0.35630357,-0.32668915,-0.34062487,-0.30966795,-0.33895757,-0.43874507,-0.36349764,-0.33385685,-0.29450844
0.604167,-0.40065786,-0.36812712,-0.37919769,-0.34413995,-0.36395776,-0.46644779,-0.394655,-0.35692266,-0.33444046
0.614583,-0.43728075,-0.40130806,-0.41032982,-0.37192171,-0.38271497,-0.48579935,-0.41883922,-0.3749298,-0.36782315
0.625000,-0.46714257,-0.42758192,-0.43524563,-0.3946352,-0.3968423,-0.49864017,-0.43761011,-0.3900882,-0.39592885
0.635417,-0.49133467,-0.44815048,-0.45502553,-0.41356271,-0.407743,-0.50641223,-0.45233876,-0.40393698,-0.41970267
0.645833,-0.51085044,-0.46396908,-0.47053306,-0.42951646,-0.41649597,-0.51018091,-0.46412426,-0.4172478,-0.43970353
0.656250,-0.52645998,-0.47575896,-0.48243043,-0.44284513,-0.42381354,-0.51070301,-0.47378069,-0.43007314,-0.45617428
0.666667,-0.53866686,-0.48406283,-0.49122783,-0.45352555,-0.43004811,-0.50849882,-0.48185173,-0.44192792,-0.46915966
0.677083,-0.54785245,-0.4893786,-0.49740509,-0.46136856,-0.43531103,-0.50398284,-0.48869379,-0.4521049,-0.47867166
0.687500,-0.55440403,-0.49224825,-0.50148339,-0.46618605,-0.43957918,-0.49756189,-0.49452919,-0.45993652,-0.4847835
0.697917,-0.55877746,-0.49329578,-0.5040379,-0.46789869,-0.44276658,-0.48968825,-0.49946672,-0.46494603,-0.48766416
0.708333,-0.56138406,-0.49316054,-0.50560272,-0.46653672,-0.44470092,-0.48080283,-0.50345793,-0.46685448,-0.48754126
0.718750,-0.56243025,-0.49238971,-0.50654439,-0.46221279,-0.44507911,-0.47122586,-0.50625614,-0.46553811,-0.48465874
0.729167,-0.56185249,-0.49136225,-0.50698598,-0.4551352,-0.44347329,-0.46108231,-0.50742886,-0.46101565,-0.47927343
0.739583,-0.55938338,-0.49027402,-0.50681101,-0.44567157,-0.43939677,-0.45030726,-0.50641679,-0.45348771,-0.47169212
0.750000,-0.55480102,-0.48923219,-0.50578509,-0.43449719,-0.43246333,-0.43879442,-0.50264963,-0.44345973,-0.46237564
0.760417,-0.54804923,-0.48829718,-0.50363148,-0.42263562,-0.4224776,-0.4264981,-0.4956022,-0.43179847,-0.45197488
0.770833,-0.53935307,-0.48754585,-0.50012959,-0.41144423,-0.40954604,-0.41355948,-0.48487574,-0.41973799,-0.44134335
0.781250,-0.52915231,-0.48705339,-0.49513742,-0.40240821,-0.39410011,-0.40031655,-0.47025408,-0.40869947,-0.43142526
0.791667,-0.5184095,-0.48710419,-0.48884549,-0.39713791,-0.37717499,-0.3875926,-0.45201946,-0.40022977,-0.42332042
0.802083,-0.50892704,-0.48841109,-0.48207453,-0.39737159,-0.36072041,-0.37700831,-0.43140585,-0.39594312,-0.41837723
0.812500,-0.50318352,-0.49203043,-0.47630643,-0.40463314,-0.34751961,-0.37086347,-0.41081915,-0.39721231,-0.41801118
0.822917,-0.5027695,-0.49844309,-0.47278204,-0.41895353,-0.33986701,-0.37072714,-0.39288493,-0.40410907,-0.42268913
0.833333,-0.50663001,-0.50663608,-0.47131484,-0.43785515,-0.33788772,-0.37579509,-0.37875615,-0.4145525,-0.43095527
0.843750,-0.51130279,-0.51449678,-0.4703101,-0.45728099,-0.3395091,-0.38311181,-0.36758297,-0.42506861,-0.43994478
0.854167,-0.51320331,-0.52018169,-0.46809424,-0.47377111,-0.34225023,-0.38960031,-0.35779046,-0.432606,-0.44703228
0.864583,-0.51077738,-0.52302121,-0.46414732,-0.48575392,-0.34492306,-0.39377979,-0.34863927,-0.43566775,-0.45096828
0.875000,-0.50493793,-0.52346562,-0.45932035,-0.49334578,-0.34795777,-0.39598217,-0.34068672,-0.43426079,-0.45188052
0.885417,-0.49822901,-0.52261636,-0.45533513,-0.49760458,-0.35277193,-0.39767263,-0.33531049,-0.42940963,-0.45076052
0.895833,-0.49329646,-0.52156592,-0.45380923,-0.49972349,-0.3606436,-0.40034051,-0.3336427,-0.42253037,-0.44874941
0.906250,-0.49166183,-0.52086024,-0.45540101,-0.5004995,-0.37184905,-0.4046413,-0.33570937,-0.41489558,-0.4465638
0.916667,-0.49327663,-0.52029467,-0.45951801,-0.5001537,-0.38547487,-0.41015216,-0.34026119,-0.4073079,-0.44424577
0.927083,-0.49676787,-0.51905035,-0.46461771,-0.49842577,-0.39982272,-0.41567857,-0.34522983,-0.40002089,-0.44123863
0.937500,-0.46820087,-0.46888614,-0.43287292,-0.45098389,-0.38640566,-0.39588877,-0.33762103,-0.36648041,-0.40127529
0.947917,-0.44096063,-0.4311343,-0.41269869,-0.41770489,-0.37916083,-0.38707816,-0.33922576,-0.34935326,-0.37538192
0.958333,-0.4169343,-0.40689665,-0.40317931,-0.39895076,-0.37734917,-0.38708628,-0.34771689,-0.34524912,-0.36291316
0.968750,-0.39931839,-0.3944684,-0.40208773,-0.39212133,-0.37954926,-0.39217753,-0.35933279,-0.34876923,-0.36063461
0.979167,-0.39029447,-0.38954737,-0.40599596,-0.39257905,-0.38385133,-0.39792033,-0.36945755,-0.35426893,-0.36356823
0.989583,-0.38839714,-0.38747894,-0.41191442,-0.39620556,-0.38931534,-0.40145215,-0.37477124,-0.35818892,-0.36731058
