Time_s,MorphologyEnhanced,FixedRepresentativeTemplate,AlignedRealCycle,CycleBoundary,CycleIndex,RR_s,AmplitudeScale,SourceLabel,BoundaryLabel
0.0000,0.23596873,0.24448179,0.11543863,1,1,1.0000,0.96518,heartTemplateInput,cleanPeak
0.0200,0.23294829,0.25144328,0.10187986,0,1,1.0000,0.96518,heartTemplateInput,cleanPeak
0.0400,0.22943846,0.26926604,0.011744356,0,1,1.0000,0.96518,heartTemplateInput,cleanPeak
0.0600,0.21502157,0.26735329,-0.07048184,0,1,1.0000,0.96518,heartTemplateInput,cleanPeak
0.0800,0.16538142,0.21756961,-0.079939791,0,1,1.0000,0.96518,heartTemplateInput,cleanPeak
0.1000,0.12118931,0.16609638,-0.032126775,0,1,1.0000,0.96518,heartTemplateInput,cleanPeak
0.1200,0.10876168,0.14130646,0.023700191,0,1,1.0000,0.96518,heartTemplateInput,cleanPeak
0.1400,0.14421573,0.16383109,0.094429903,0,1,1.0000,0.96518,heartTemplateInput,cleanPeak
0.1600,0.22931088,0.24124355,0.21095625,0,1,1.0000,0.96518,heartTemplateInput,cleanPeak
0.1800,0.35223597,0.36523366,0.34591906,0,1,1.0000,0.96518,heartTemplateInput,cleanPeak
0.2000,0.49762816,0.51928387,0.46153672,0,1,1.0000,0.96518,heartTemplateInput,cleanPeak
0.2200,0.64905693,0.68157826,0.58617931,0,1,1.0000,0.96518,heartTemplateInput,cleanPeak
0.2400,0.7858561,0.82513913,0.75650808,0,1,1.0000,0.96518,heartTemplateInput,cleanPeak
0.2600,0.88992818,0.92912735,0.92708428,0,1,1.0000,0.96518,heartTemplateInput,cleanPeak
0.2800,0.95119334,0.98691759,0.99807369,0,1,1.0000,0.96518,heartTemplateInput,cleanPeak
0.3000,0.96150947,0.99741741,0.93693704,0,1,1.0000,0.96518,heartTemplateInput,cleanPeak
0.3200,0.90881436,0.95368139,0.79742934,0,1,1.0000,0.96518,heartTemplateInput,cleanPeak
0.3400,0.7862659,0.84781372,0.625429,0,1,1.0000,0.96518,heartTemplateInput,cleanPeak
0.3600,0.60385254,0.68207027,0.40670972,0,1,1.0000,0.96518,heartTemplateInput,cleanPeak
0.3800,0.3824141,0.46644385,0.12428966,0,1,1.0000,0.96518,heartTemplateInput,cleanPeak
0.4000,0.14132608,0.21230274,-0.16470759,0,1,1.0000,0.96518,heartTemplateInput,cleanPeak
0.4200,-0.098716431,-0.06119802,-0.34514404,0,1,1.0000,0.96518,heartTemplateInput,cleanPeak
0.4400,-0.27904101,-0.30067522,-0.36263546,0,1,1.0000,0.96518,heartTemplateInput,cleanPeak
0.4600,-0.36468753,-0.44959358,-0.29376604,0,1,1.0000,0.96518,heartTemplateInput,cleanPeak
0.4800,-0.40077324,-0.52556353,-0.25886525,0,1,1.0000,0.96518,heartTemplateInput,cleanPeak
0.5000,-0.42058716,-0.56219665,-0.29944827,0,1,1.0000,0.96518,heartTemplateInput,cleanPeak
0.5200,-0.43439027,-0.57787421,-0.37008249,0,1,1.0000,0.96518,heartTemplateInput,cleanPeak
0.5400,-0.44378608,-0.58338913,-0.42672655,0,1,1.0000,0.96518,heartTemplateInput,cleanPeak
0.5600,-0.44937606,-0.58608886,-0.47088517,0,1,1.0000,0.96518,heartTemplateInput,cleanPeak
0.5800,-0.45201226,-0.5888219,-0.5110014,0,1,1.0000,0.96518,heartTemplateInput,cleanPeak
0.6000,-0.45188779,-0.58850788,-0.53432709,0,1,1.0000,0.96518,heartTemplateInput,cleanPeak
0.6200,-0.44896222,-0.58037076,-0.51989722,0,1,1.0000,0.96518,heartTemplateInput,cleanPeak
0.6400,-0.4420311,-0.56005504,-0.47691143,0,1,1.0000,0.96518,heartTemplateInput,cleanPeak
0.6600,-0.42683185,-0.52228911,-0.48993379,0,1,1.0000,0.96518,heartTemplateInput,cleanPeak
0.6800,-0.39669193,-0.46274152,-0.55758312,0,1,1.0000,0.96518,heartTemplateInput,cleanPeak
0.7000,-0.34603792,-0.3828657,-0.51987371,0,1,1.0000,0.96518,heartTemplateInput,cleanPeak
0.7200,-0.27340716,-0.28937755,-0.3618428,0,1,1.0000,0.96518,heartTemplateInput,cleanPeak
0.7400,-0.18219838,-0.18874108,-0.18557805,0,1,1.0000,0.96518,heartTemplateInput,cleanPeak
0.7600,-0.08444642,-0.089588338,-0.056939835,0,1,1.0000,0.96518,heartTemplateInput,cleanPeak
0.7800,-0.0018349079,-0.006973892,0.028744957,0,1,1.0000,0.96518,heartTemplateInput,cleanPeak
0.8000,0.05321604,0.049784118,0.082645763,0,1,1.0000,0.96518,heartTemplateInput,cleanPeak
0.8200,0.079980225,0.078707478,0.09093492,0,1,1.0000,0.96518,heartTemplateInput,cleanPeak
0.8400,0.081608401,0.081697743,0.064216621,0,1,1.0000,0.96518,heartTemplateInput,cleanPeak
0.8600,0.062794275,0.063925769,0.043587897,0,1,1.0000,0.96518,heartTemplateInput,cleanPeak
0.8800,0.02108112,0.024475452,0.024824886,0,1,1.0000,0.96518,heartTemplateInput,cleanPeak
0.9000,-0.046261546,-0.03835025,-0.042012282,0,1,1.0000,0.96518,heartTemplateInput,cleanPeak
0.9200,-0.11251091,-0.098406329,-0.14373657,0,1,1.0000,0.96518,heartTemplateInput,cleanPeak
0.9400,0.081216842,0.027071336,-0.18564034,0,1,1.0000,0.96518,heartTemplateInput,cleanPeak
0.9600,0.21568034,0.18912729,-0.11230234,0,1,1.0000,0.96518,heartTemplateInput,cleanPeak
0.9800,0.23510021,0.24213532,0.022876987,0,1,1.0000,0.96518,heartTemplateInput,cleanPeak
1.0000,0.24101738,0.24448179,0.46779225,1,2,0.8600,0.98583,heartTemplateInput,cleanPeak
1.0200,0.24585171,0.25412041,0.12037532,0,2,0.8600,0.98583,heartTemplateInput,cleanPeak
1.0400,0.22832843,0.2724762,-0.16076566,0,2,0.8600,0.98583,heartTemplateInput,cleanPeak
1.0600,0.14494213,0.24598186,-0.3586086,0,2,0.8600,0.98583,heartTemplateInput,cleanPeak
1.0800,0.042738417,0.18187915,-0.55996928,0,2,0.8600,0.98583,heartTemplateInput,cleanPeak
1.1000,-0.031738254,0.14218229,-0.80356496,0,2,0.8600,0.98583,heartTemplateInput,cleanPeak
1.1200,-0.038674214,0.16262005,-0.97731096,0,2,0.8600,0.98583,heartTemplateInput,cleanPeak
1.1400,0.044311399,0.25616677,-0.9594046,0,2,0.8600,0.98583,heartTemplateInput,cleanPeak
1.1600,0.2115892,0.40934903,-0.74240775,0,2,0.8600,0.98583,heartTemplateInput,cleanPeak
1.1800,0.43608818,0.59539734,-0.40874139,0,2,0.8600,0.98583,heartTemplateInput,cleanPeak
1.2000,0.66652101,0.77476607,-0.046140979,0,2,0.8600,0.98583,heartTemplateInput,cleanPeak
1.2200,0.84872051,0.9098021,0.2752113,0,2,0.8600,0.98583,heartTemplateInput,cleanPeak
1.2400,0.9565478,0.9848592,0.49665861,0,2,0.8600,0.98583,heartTemplateInput,cleanPeak
1.2600,0.98550815,0.99634924,0.60408943,0,2,0.8600,0.98583,heartTemplateInput,cleanPeak
1.2800,0.9280528,0.93070061,0.62216152,0,2,0.8600,0.98583,heartTemplateInput,cleanPeak
1.3000,0.78486235,0.78136484,0.5601397,0,2,0.8600,0.98583,heartTemplateInput,cleanPeak
1.3200,0.56669862,0.55723677,0.41618967,0,2,0.8600,0.98583,heartTemplateInput,cleanPeak
1.3400,0.28569115,0.27479321,0.21339399,0,2,0.8600,0.98583,heartTemplateInput,cleanPeak
1.3600,-0.040813985,-0.042437446,-0.026378784,0,2,0.8600,0.98583,heartTemplateInput,cleanPeak
1.3800,-0.30918624,-0.31762683,-0.28740264,0,2,0.8600,0.98583,heartTemplateInput,cleanPeak
1.4000,-0.43118289,-0.47336836,-0.52018572,0,2,0.8600,0.98583,heartTemplateInput,cleanPeak
1.4200,-0.47759352,-0.54403115,-0.65346218,0,2,0.8600,0.98583,heartTemplateInput,cleanPeak
1.4400,-0.49289907,-0.57295992,-0.67534451,0,2,0.8600,0.98583,heartTemplateInput,cleanPeak
1.4600,-0.49275252,-0.58245864,-0.6432766,0,2,0.8600,0.98583,heartTemplateInput,cleanPeak
1.4800,-0.48631841,-0.5858389,-0.5665613,0,2,0.8600,0.98583,heartTemplateInput,cleanPeak
1.5000,-0.47998336,-0.58898916,-0.45152591,0,2,0.8600,0.98583,heartTemplateInput,cleanPeak
1.5200,-0.47441274,-0.58770454,-0.39610614,0,2,0.8600,0.98583,heartTemplateInput,cleanPeak
1.5400,-0.46511983,-0.57414186,-0.38231964,0,2,0.8600,0.98583,heartTemplateInput,cleanPeak
1.5600,-0.44365911,-0.54146386,-0.33477376,0,2,0.8600,0.98583,heartTemplateInput,cleanPeak
1.5800,-0.39656153,-0.48165193,-0.19921452,0,2,0.8600,0.98583,heartTemplateInput,cleanPeak
1.6000,-0.31026636,-0.3932503,0.039545901,0,2,0.8600,0.98583,heartTemplateInput,cleanPeak
1.6200,-0.18250151,-0.28475385,0.33206813,0,2,0.8600,0.98583,heartTemplateInput,cleanPeak
1.6400,-0.037205677,-0.16752683,0.58156062,0,2,0.8600,0.98583,heartTemplateInput,cleanPeak
1.6600,0.08553286,-0.056631535,0.69868877,0,2,0.8600,0.98583,heartTemplateInput,cleanPeak
1.6800,0.15426217,0.026993534,0.6551305,0,2,0.8600,0.98583,heartTemplateInput,cleanPeak
1.7000,0.16672795,0.073178091,0.52630406,0,2,0.8600,0.98583,heartTemplateInput,cleanPeak
1.7200,0.14375649,0.082624783,0.40841562,0,2,0.8600,0.98583,heartTemplateInput,cleanPeak
1.7400,0.11202725,0.063300791,0.32383372,0,2,0.8600,0.98583,heartTemplateInput,cleanPeak
1.7600,0.076844058,0.014727409,0.29715926,0,2,0.8600,0.98583,heartTemplateInput,cleanPeak
1.7800,0.027971126,-0.062728848,0.39942051,0,2,0.8600,0.98583,heartTemplateInput,cleanPeak
1.8000,0.052202432,-0.076312985,0.61198475,0,2,0.8600,0.98583,heartTemplateInput,cleanPeak
1.8200,0.25506096,0.14662847,0.77334359,0,2,0.8600,0.98583,heartTemplateInput,cleanPeak
1.8400,0.24899552,0.23810993,0.73123996,0,2,0.8600,0.98583,heartTemplateInput,cleanPeak
1.8600,0.26404034,0.24448179,0.1012949,1,3,0.6400,1.08000,heartTemplateInput,cleanPeak
1.8800,0.27536317,0.26138701,0.21640167,0,3,0.6400,1.08000,heartTemplateInput,cleanPeak
1.9000,0.34199928,0.26511475,0.41606077,0,3,0.6400,1.08000,heartTemplateInput,cleanPeak
1.9200,0.29649984,0.17991253,0.6060586,0,3,0.6400,1.08000,heartTemplateInput,cleanPeak
1.9400,0.27928644,0.14012957,0.70094639,0,3,0.6400,1.08000,heartTemplateInput,cleanPeak
1.9600,0.36177207,0.22119047,0.7198058,0,3,0.6400,1.08000,heartTemplateInput,cleanPeak
1.9800,0.54946917,0.41995368,0.7258174,0,3,0.6400,1.08000,heartTemplateInput,cleanPeak
2.0000,0.79056291,0.67202832,0.7348144,0,3,0.6400,1.08000,heartTemplateInput,cleanPeak
2.0200,0.99059842,0.88296147,0.7191474,0,3,0.6400,1.08000,heartTemplateInput,cleanPeak
2.0400,1.0781053,0.98968354,0.65263375,0,3,0.6400,1.08000,heartTemplateInput,cleanPeak
2.0600,1.04038,0.97860316,0.53487829,0,3,0.6400,1.08000,heartTemplateInput,cleanPeak
2.0800,0.86086402,0.82293542,0.39036417,0,3,0.6400,1.08000,heartTemplateInput,cleanPeak
2.1000,0.55448511,0.52586865,0.25250611,0,3,0.6400,1.08000,heartTemplateInput,cleanPeak
2.1200,0.15348686,0.12787975,0.13340092,0,3,0.6400,1.08000,heartTemplateInput,cleanPeak
2.1400,-0.26023864,-0.2778965,-0.012165387,0,3,0.6400,1.08000,heartTemplateInput,cleanPeak
2.1600,-0.44667224,-0.49025385,-0.24647912,0,3,0.6400,1.08000,heartTemplateInput,cleanPeak
2.1800,-0.5172588,-0.56219665,-0.54205629,0,3,0.6400,1.08000,heartTemplateInput,cleanPeak
2.2000,-0.55220563,-0.58179777,-0.79434753,0,3,0.6400,1.08000,heartTemplateInput,cleanPeak
2.2200,-0.56887754,-0.58642474,-0.94502325,0,3,0.6400,1.08000,heartTemplateInput,cleanPeak
2.2400,-0.57378255,-0.58943828,-1,0,3,0.6400,1.08000,heartTemplateInput,cleanPeak
2.2600,-0.56353244,-0.57706539,-0.95527526,0,3,0.6400,1.08000,heartTemplateInput,cleanPeak
2.2800,-0.53033294,-0.53165618,-0.79895575,0,3,0.6400,1.08000,heartTemplateInput,cleanPeak
2.3000,-0.45807247,-0.43531542,-0.57618812,0,3,0.6400,1.08000,heartTemplateInput,cleanPeak
2.3200,-0.33933313,-0.29559064,-0.39365732,0,3,0.6400,1.08000,heartTemplateInput,cleanPeak
2.3400,-0.18962293,-0.1380626,-0.32867252,0,3,0.6400,1.08000,heartTemplateInput,cleanPeak
2.3600,-0.050811373,-0.0022390031,-0.25087752,0,3,0.6400,1.08000,heartTemplateInput,cleanPeak
2.3800,0.035183467,0.071848912,-0.11781428,0,3,0.6400,1.08000,heartTemplateInput,cleanPeak
2.4000,0.066184233,0.080452032,-0.042096395,0,3,0.6400,1.08000,heartTemplateInput,cleanPeak
2.4200,0.043727197,0.037574384,-0.014616073,0,3,0.6400,1.08000,heartTemplateInput,cleanPeak
2.4400,-0.057985222,-0.060474582,0.0084698454,0,3,0.6400,1.08000,heartTemplateInput,cleanPeak
2.4600,0.085332262,0.0022342639,0.041105366,0,3,0.6400,1.08000,heartTemplateInput,cleanPeak
2.4800,0.26554346,0.22549948,0.064519026,0,3,0.6400,1.08000,heartTemplateInput,cleanPeak
2.5000,0.25774904,0.24448179,0.35106262,1,4,0.9400,1.05427,heartTemplateInput,cleanPeak
2.5200,0.26701974,0.25232133,0.35673048,0,4,0.9400,1.05427,heartTemplateInput,cleanPeak
2.5400,0.28470448,0.27107959,0.29591428,0,4,0.9400,1.05427,heartTemplateInput,cleanPeak
2.5600,0.28624572,0.26161384,0.18431225,0,4,0.9400,1.05427,heartTemplateInput,cleanPeak
2.5800,0.21721707,0.20330276,0.099610007,0,4,0.9400,1.05427,heartTemplateInput,cleanPeak
2.6000,0.16571214,0.15384217,0.097381272,0,4,0.9400,1.05427,heartTemplateInput,cleanPeak
2.6200,0.16317803,0.14313412,0.16157793,0,4,0.9400,1.05427,heartTemplateInput,cleanPeak
2.6400,0.22668359,0.19158103,0.24835711,0,4,0.9400,1.05427,heartTemplateInput,cleanPeak
2.6600,0.34961496,0.29972246,0.33622687,0,4,0.9400,1.05427,heartTemplateInput,cleanPeak
2.6800,0.50941358,0.45146008,0.42053444,0,4,0.9400,1.05427,heartTemplateInput,cleanPeak
2.7000,0.6813978,0.62349119,0.48547818,0,4,0.9400,1.05427,heartTemplateInput,cleanPeak
2.7200,0.83798514,0.78490075,0.51493197,0,4,0.9400,1.05427,heartTemplateInput,cleanPeak
2.7400,0.95653971,0.90751779,0.52765623,0,4,0.9400,1.05427,heartTemplateInput,cleanPeak
2.7600,1.029561,0.97938477,0.55773712,0,4,0.9400,1.05427,heartTemplateInput,cleanPeak
2.7800,1.0542097,0.99807679,0.59843422,0,4,0.9400,1.05427,heartTemplateInput,cleanPeak
2.8000,1.0174918,0.95650939,0.60773859,0,4,0.9400,1.05427,heartTemplateInput,cleanPeak
2.8200,0.90295128,0.84499065,0.55823486,0,4,0.9400,1.05427,heartTemplateInput,cleanPeak
2.8400,0.71114917,0.66580442,0.44430427,0,4,0.9400,1.05427,heartTemplateInput,cleanPeak
2.8600,0.45750087,0.43104184,0.2678382,0,4,0.9400,1.05427,heartTemplateInput,cleanPeak
2.8800,0.1599994,0.15482326,0.055065342,0,4,0.9400,1.05427,heartTemplateInput,cleanPeak
2.9000,-0.14938288,-0.13557505,-0.13799806,0,4,0.9400,1.05427,heartTemplateInput,cleanPeak
2.9200,-0.36104871,-0.36271089,-0.27420066,0,4,0.9400,1.05427,heartTemplateInput,cleanPeak
2.9400,-0.45688023,-0.48716416,-0.3869083,0,4,0.9400,1.05427,heartTemplateInput,cleanPeak
2.9600,-0.50382856,-0.54621409,-0.54988934,0,4,0.9400,1.05427,heartTemplateInput,cleanPeak
2.9800,-0.53256924,-0.57237903,-0.77041418,0,4,0.9400,1.05427,heartTemplateInput,cleanPeak
3.0000,-0.5505511,-0.5819187,-0.94866937,0,4,0.9400,1.05427,heartTemplateInput,cleanPeak
3.0200,-0.55997448,-0.58517412,-0.99862523,0,4,0.9400,1.05427,heartTemplateInput,cleanPeak
3.0400,-0.56276578,-0.58815878,-0.96071372,0,4,0.9400,1.05427,heartTemplateInput,cleanPeak
3.0600,-0.56012962,-0.58914134,-0.93854195,0,4,0.9400,1.05427,heartTemplateInput,cleanPeak
3.0800,-0.55291434,-0.58233992,-0.95723319,0,4,0.9400,1.05427,heartTemplateInput,cleanPeak
3.1000,-0.54092308,-0.56248173,-0.95160657,0,4,0.9400,1.05427,heartTemplateInput,cleanPeak
3.1200,-0.51951354,-0.52335204,-0.86349125,0,4,0.9400,1.05427,heartTemplateInput,cleanPeak
3.1400,-0.47840683,-0.45962934,-0.65086548,0,4,0.9400,1.05427,heartTemplateInput,cleanPeak
3.1600,-0.40518138,-0.37328302,-0.45907909,0,4,0.9400,1.05427,heartTemplateInput,cleanPeak
3.1800,-0.2916619,-0.27245679,-0.30670128,0,4,0.9400,1.05427,heartTemplateInput,cleanPeak
3.2000,-0.14401095,-0.16501924,-0.040728338,0,4,0.9400,1.05427,heartTemplateInput,cleanPeak
3.2200,0.0043223588,-0.063168489,0.27208474,0,4,0.9400,1.05427,heartTemplateInput,cleanPeak
3.2400,0.11075394,0.016276532,0.50087319,0,4,0.9400,1.05427,heartTemplateInput,cleanPeak
3.2600,0.16044358,0.06529358,0.55289526,0,4,0.9400,1.05427,heartTemplateInput,cleanPeak
3.2800,0.15917806,0.083048462,0.43038892,0,4,0.9400,1.05427,heartTemplateInput,cleanPeak
3.3000,0.12474908,0.074351948,0.22862763,0,4,0.9400,1.05427,heartTemplateInput,cleanPeak
3.3200,0.072003168,0.042729979,0.075646332,0,4,0.9400,1.05427,heartTemplateInput,cleanPeak
3.3400,-1.500261e-05,-0.016390985,0.046245959,0,4,0.9400,1.05427,heartTemplateInput,cleanPeak
3.3600,-0.075943638,-0.08728595,0.11636744,0,4,0.9400,1.05427,heartTemplateInput,cleanPeak
3.3800,0.07884722,-0.012138211,0.20867421,0,4,0.9400,1.05427,heartTemplateInput,cleanPeak
3.4000,0.25518572,0.17569055,0.27427766,0,4,0.9400,1.05427,heartTemplateInput,cleanPeak
3.4200,0.26214302,0.24123205,0.31675385,0,4,0.9400,1.05427,heartTemplateInput,cleanPeak
3.4400,0.24520651,0.24448179,-0.1598279,1,5,0.7000,1.00296,heartTemplateInput,cleanPeak
3.4600,0.24091393,0.25895223,0.043999362,0,5,0.7000,1.00296,heartTemplateInput,cleanPeak
3.4800,0.27926852,0.26991163,0.28519787,0,5,0.7000,1.00296,heartTemplateInput,cleanPeak
3.5000,0.27275273,0.20165773,0.49144064,0,5,0.7000,1.00296,heartTemplateInput,cleanPeak
3.5200,0.23490878,0.14299012,0.58567168,0,5,0.7000,1.00296,heartTemplateInput,cleanPeak
3.5400,0.24288953,0.17127029,0.55323909,0,5,0.7000,1.00296,heartTemplateInput,cleanPeak
3.5600,0.34487613,0.30754955,0.47918596,0,5,0.7000,1.00296,heartTemplateInput,cleanPeak
3.5800,0.53242815,0.51928387,0.47735757,0,5,0.7000,1.00296,heartTemplateInput,cleanPeak
3.6000,0.7515406,0.74706354,0.58756564,0,5,0.7000,1.00296,heartTemplateInput,cleanPeak
3.6200,0.91882213,0.9159371,0.74385178,0,5,0.7000,1.00296,heartTemplateInput,cleanPeak
3.6400,0.99688906,0.99410488,0.84455796,0,5,0.7000,1.00296,heartTemplateInput,cleanPeak
3.6600,0.977801,0.9726694,0.83180798,0,5,0.7000,1.00296,heartTemplateInput,cleanPeak
3.6800,0.83908984,0.82885883,0.70360196,0,5,0.7000,1.00296,heartTemplateInput,cleanPeak
3.7000,0.58044935,0.56440662,0.50306861,0,5,0.7000,1.00296,heartTemplateInput,cleanPeak
3.7200,0.23304556,0.21230274,0.2783991,0,5,0.7000,1.00296,heartTemplateInput,cleanPeak
3.7400,-0.14802386,-0.17378578,0.036982568,0,5,0.7000,1.00296,heartTemplateInput,cleanPeak
3.7600,-0.36913918,-0.43395837,-0.22368562,0,5,0.7000,1.00296,heartTemplateInput,cleanPeak
3.7800,-0.4451024,-0.53816841,-0.4580366,0,5,0.7000,1.00296,heartTemplateInput,cleanPeak
3.8000,-0.47969626,-0.57452001,-0.60673031,0,5,0.7000,1.00296,heartTemplateInput,cleanPeak
3.8200,-0.49796503,-0.58384459,-0.68619072,0,5,0.7000,1.00296,heartTemplateInput,cleanPeak
3.8400,-0.5058587,-0.58775165,-0.76004706,0,5,0.7000,1.00296,heartTemplateInput,cleanPeak
3.8600,-0.50496869,-0.58850788,-0.82992245,0,5,0.7000,1.00296,heartTemplateInput,cleanPeak
3.8800,-0.494178,-0.57347362,-0.81078459,0,5,0.7000,1.00296,heartTemplateInput,cleanPeak
3.9000,-0.46623478,-0.52942593,-0.63464652,0,5,0.7000,1.00296,heartTemplateInput,cleanPeak
3.9200,-0.39619117,-0.44184544,-0.32199626,0,5,0.7000,1.00296,heartTemplateInput,cleanPeak
3.9400,-0.25699014,-0.31690901,0.021053004,0,5,0.7000,1.00296,heartTemplateInput,cleanPeak
3.9600,-0.06758016,-0.17426152,0.30467134,0,5,0.7000,1.00296,heartTemplateInput,cleanPeak
3.9800,0.081671593,-0.039441702,0.51045773,0,5,0.7000,1.00296,heartTemplateInput,cleanPeak
4.0000,0.10693114,0.049784118,0.63928632,0,5,0.7000,1.00296,heartTemplateInput,cleanPeak
4.0200,0.028573259,0.082752275,-0.24960265,0,5,0.7000,1.00296,heartTemplateInput,cleanPeak
4.0400,-0.075610039,0.067764919,-0.97699408,0,5,0.7000,1.00296,heartTemplateInput,cleanPeak
4.0600,-0.15279205,0.0093167807,-0.77837276,0,5,0.7000,1.00296,heartTemplateInput,cleanPeak
4.0800,-0.20890867,-0.085400316,-0.62287214,0,5,0.7000,1.00296,heartTemplateInput,cleanPeak
4.1000,0.082933877,0.055456562,-0.47474881,0,5,0.7000,1.00296,heartTemplateInput,cleanPeak
4.1200,0.23883263,0.2297248,-0.3223809,0,5,0.7000,1.00296,heartTemplateInput,cleanPeak
4.1400,0.2453918,0.24448179,0.31784365,1,6,0.9000,1.00372,heartTemplateInput,cleanPeak
4.1600,0.25302371,0.25318089,0.41927253,0,6,0.9000,1.00372,heartTemplateInput,cleanPeak
4.1800,0.28211207,0.27174686,0.42095533,0,6,0.9000,1.00372,heartTemplateInput,cleanPeak
4.2000,0.29075314,0.25414523,0.3496982,0,6,0.9000,1.00372,heartTemplateInput,cleanPeak
4.2200,0.22234255,0.19306704,0.28851387,0,6,0.9000,1.00372,heartTemplateInput,cleanPeak
4.2400,0.17807272,0.14734949,0.30834405,0,6,0.9000,1.00372,heartTemplateInput,cleanPeak
4.2600,0.18862263,0.14954381,0.37840915,0,6,0.9000,1.00372,heartTemplateInput,cleanPeak
4.2800,0.25963043,0.21837907,0.40876172,0,6,0.9000,1.00372,heartTemplateInput,cleanPeak
4.3000,0.37293501,0.34902032,0.36588291,0,6,0.9000,1.00372,heartTemplateInput,cleanPeak
4.3200,0.50736404,0.51928387,0.30511335,0,6,0.9000,1.00372,heartTemplateInput,cleanPeak
4.3400,0.64994241,0.69855592,0.29568283,0,6,0.9000,1.00372,heartTemplateInput,cleanPeak
4.3600,0.78591547,0.85083795,0.37156503,0,6,0.9000,1.00372,heartTemplateInput,cleanPeak
4.3800,0.90141459,0.95240072,0.52256131,0,6,0.9000,1.00372,heartTemplateInput,cleanPeak
4.4000,0.98159256,0.99724894,0.700631,0,6,0.9000,1.00372,heartTemplateInput,cleanPeak
4.4200,1.0006095,0.98102564,0.84061964,0,6,0.9000,1.00372,heartTemplateInput,cleanPeak
4.4400,0.92764737,0.8920418,0.87418613,0,6,0.9000,1.00372,heartTemplateInput,cleanPeak
4.4600,0.75222687,0.72454222,0.74606699,0,6,0.9000,1.00372,heartTemplateInput,cleanPeak
4.4800,0.50061334,0.49285487,0.47059568,0,6,0.9000,1.00372,heartTemplateInput,cleanPeak
4.5000,0.20250649,0.21230274,0.12771474,0,6,0.9000,1.00372,heartTemplateInput,cleanPeak
4.5200,-0.10625757,-0.091075971,-0.17479964,0,6,0.9000,1.00372,heartTemplateInput,cleanPeak
4.5400,-0.32433682,-0.34117073,-0.36076253,0,6,0.9000,1.00372,heartTemplateInput,cleanPeak
4.5600,-0.41282071,-0.48057283,-0.40082917,0,6,0.9000,1.00372,heartTemplateInput,cleanPeak
4.5800,-0.43778045,-0.54517113,-0.29649084,0,6,0.9000,1.00372,heartTemplateInput,cleanPeak
4.6000,-0.43455247,-0.57265657,-0.095603459,0,6,0.9000,1.00372,heartTemplateInput,cleanPeak
4.6200,-0.41911229,-0.58217667,0.082597138,0,6,0.9000,1.00372,heartTemplateInput,cleanPeak
4.6400,-0.40934593,-0.58549173,0.11960094,0,6,0.9000,1.00372,heartTemplateInput,cleanPeak
4.6600,-0.42228081,-0.58855552,-0.025643261,0,6,0.9000,1.00372,heartTemplateInput,cleanPeak
4.6800,-0.45713319,-0.58850788,-0.31861924,0,6,0.9000,1.00372,heartTemplateInput,cleanPeak
4.7000,-0.49429015,-0.57890171,-0.66971001,0,6,0.9000,1.00372,heartTemplateInput,cleanPeak
4.7200,-0.51176989,-0.55371868,-0.93924071,0,6,0.9000,1.00372,heartTemplateInput,cleanPeak
4.7400,-0.49259777,-0.50563652,-0.98702734,0,6,0.9000,1.00372,heartTemplateInput,cleanPeak
4.7600,-0.41639325,-0.4295732,-0.75009484,0,6,0.9000,1.00372,heartTemplateInput,cleanPeak
4.7800,-0.27586496,-0.33206875,-0.19083147,0,6,0.9000,1.00372,heartTemplateInput,cleanPeak
4.8000,-0.11113452,-0.22263,0.56748328,0,6,0.9000,1.00372,heartTemplateInput,cleanPeak
4.8200,0.0055214677,-0.11113245,0.62533708,0,6,0.9000,1.00372,heartTemplateInput,cleanPeak
4.8400,0.036194587,-0.015391472,0.21184441,0,6,0.9000,1.00372,heartTemplateInput,cleanPeak
4.8600,-0.0025451948,0.049784118,-0.30620895,0,6,0.9000,1.00372,heartTemplateInput,cleanPeak
4.8800,-0.064712896,0.080739646,-0.73850076,0,6,0.9000,1.00372,heartTemplateInput,cleanPeak
4.9000,-0.11082675,0.079872832,-0.93262188,0,6,0.9000,1.00372,heartTemplateInput,cleanPeak
4.9200,-0.13095353,0.053728583,-0.91395927,0,6,0.9000,1.00372,heartTemplateInput,cleanPeak
4.9400,-0.15071653,-0.0010102704,-0.81454301,0,6,0.9000,1.00372,heartTemplateInput,cleanPeak
4.9600,-0.18530358,-0.075553112,-0.68252189,0,6,0.9000,1.00372,heartTemplateInput,cleanPeak
4.9800,-0.06251608,-0.042799492,-0.46814749,0,6,0.9000,1.00372,heartTemplateInput,cleanPeak
5.0000,0.20478308,0.16180533,-0.17297888,0,6,0.9000,1.00372,heartTemplateInput,cleanPeak
5.0200,0.24553813,0.23974037,0.11365561,0,6,0.9000,1.00372,heartTemplateInput,cleanPeak
5.0400,0.23551104,0.24448179,0.30359185,1,7,0.5600,0.96331,heartTemplateInput,cleanPeak
5.0600,0.24579978,0.26540693,0.32187707,0,7,0.5600,0.96331,heartTemplateInput,cleanPeak
5.0800,0.23321736,0.24160863,0.21713303,0,7,0.5600,0.96331,heartTemplateInput,cleanPeak
5.1000,0.13699789,0.15279871,0.10933324,0,7,0.5600,0.96331,heartTemplateInput,cleanPeak
5.1200,0.15328474,0.17127029,0.11291591,0,7,0.5600,0.96331,heartTemplateInput,cleanPeak
5.1400,0.33304202,0.3548108,0.29421921,0,7,0.5600,0.96331,heartTemplateInput,cleanPeak
5.1600,0.60685374,0.63581808,0.6015281,0,7,0.5600,0.96331,heartTemplateInput,cleanPeak
5.1800,0.84887048,0.88296147,0.88036937,0,7,0.5600,0.96331,heartTemplateInput,cleanPeak
5.2000,0.95774694,0.99410488,0.99728747,0,7,0.5600,0.96331,heartTemplateInput,cleanPeak
5.2200,0.91203638,0.94893438,0.93140272,0,7,0.5600,0.96331,heartTemplateInput,cleanPeak
5.2400,0.68129836,0.70937367,0.7019125,0,7,0.5600,0.96331,heartTemplateInput,cleanPeak
5.2600,0.29752916,0.30672252,0.3150008,0,7,0.5600,0.96331,heartTemplateInput,cleanPeak
5.2800,-0.16503047,-0.17378578,-0.17553042,0,7,0.5600,0.96331,heartTemplateInput,cleanPeak
5.3000,-0.40539859,-0.46950881,-0.60400798,0,7,0.5600,0.96331,heartTemplateInput,cleanPeak
5.3200,-0.46732273,-0.56219665,-0.82401881,0,7,0.5600,0.96331,heartTemplateInput,cleanPeak
5.3400,-0.48001868,-0.58260969,-0.86425998,0,7,0.5600,0.96331,heartTemplateInput,cleanPeak
5.3600,-0.48025543,-0.58775165,-0.86001927,0,7,0.5600,0.96331,heartTemplateInput,cleanPeak
5.3800,-0.47668484,-0.58676303,-0.83084537,0,7,0.5600,0.96331,heartTemplateInput,cleanPeak
5.4000,-0.45601635,-0.55598166,-0.70741853,0,7,0.5600,0.96331,heartTemplateInput,cleanPeak
5.4200,-0.39615593,-0.46796554,-0.50621011,0,7,0.5600,0.96331,heartTemplateInput,cleanPeak
5.4400,-0.28237677,-0.31690901,-0.31585434,0,7,0.5600,0.96331,heartTemplateInput,cleanPeak
5.4600,-0.13463141,-0.1380626,-0.16485277,0,7,0.5600,0.96331,heartTemplateInput,cleanPeak
5.4800,0.00059854643,0.011574174,-0.030361879,0,7,0.5600,0.96331,heartTemplateInput,cleanPeak
5.5000,0.075529212,0.080013872,0.072764626,0,7,0.5600,0.96331,heartTemplateInput,cleanPeak
5.5200,0.07460643,0.067764919,0.091135766,0,7,0.5600,0.96331,heartTemplateInput,cleanPeak
5.5400,-0.012461979,-0.013919084,0.0070751376,0,7,0.5600,0.96331,heartTemplateInput,cleanPeak
5.5600,-0.094751966,-0.094266642,-0.1245081,0,7,0.5600,0.96331,heartTemplateInput,cleanPeak
5.5800,0.22515688,0.20694224,0.051372447,0,7,0.5600,0.96331,heartTemplateInput,cleanPeak
5.6000,0.24375708,0.24448179,-0.11319494,1,8,0.8400,0.99704,heartTemplateInput,cleanPeak
5.6200,0.24119677,0.25462373,0.066318046,0,8,0.8400,0.99704,heartTemplateInput,cleanPeak
5.6400,0.25896746,0.27286692,0.24541981,0,8,0.8400,0.99704,heartTemplateInput,cleanPeak
5.6600,0.26135891,0.24160863,0.33259557,0,8,0.8400,0.99704,heartTemplateInput,cleanPeak
5.6800,0.2030742,0.17662297,0.29767347,0,8,0.8400,0.99704,heartTemplateInput,cleanPeak
5.7000,0.15514776,0.14153063,0.19595511,0,8,0.8400,0.99704,heartTemplateInput,cleanPeak
5.7200,0.16613737,0.17127029,0.12528511,0,8,0.8400,0.99704,heartTemplateInput,cleanPeak
5.7400,0.26342737,0.27689346,0.18426303,0,8,0.8400,0.99704,heartTemplateInput,cleanPeak
5.7600,0.43999796,0.44345846,0.4094949,0,8,0.8400,0.99704,heartTemplateInput,cleanPeak
5.7800,0.6510432,0.63581808,0.69773085,0,8,0.8400,0.99704,heartTemplateInput,cleanPeak
5.8000,0.83925168,0.81257004,0.8991362,0,8,0.8400,0.99704,heartTemplateInput,cleanPeak
5.8200,0.956697,0.93613421,0.95296248,0,8,0.8400,0.99704,heartTemplateInput,cleanPeak
5.8400,0.99612189,0.99410488,0.92050251,0,8,0.8400,0.99704,heartTemplateInput,cleanPeak
5.8600,0.96986602,0.98379419,0.86615613,0,8,0.8400,0.99704,heartTemplateInput,cleanPeak
5.8800,0.87568771,0.8920418,0.78584717,0,8,0.8400,0.99704,heartTemplateInput,cleanPeak
5.9000,0.70304984,0.70937367,0.63221625,0,8,0.8400,0.99704,heartTemplateInput,cleanPeak
5.9200,0.45866561,0.45512484,0.39510318,0,8,0.8400,0.99704,heartTemplateInput,cleanPeak
5.9400,0.15146841,0.14798046,0.11455814,0,8,0.8400,0.99704,heartTemplateInput,cleanPeak
5.9600,-0.17433476,-0.17378578,-0.15553132,0,8,0.8400,0.99704,heartTemplateInput,cleanPeak
5.9800,-0.36811465,-0.40239681,-0.37654433,0,8,0.8400,0.99704,heartTemplateInput,cleanPeak
6.0000,-0.43662125,-0.51416204,-0.50401208,0,8,0.8400,0.99704,heartTemplateInput,cleanPeak
6.0200,-0.45563049,-0.56219665,-0.51925584,0,8,0.8400,0.99704,heartTemplateInput,cleanPeak
6.0400,-0.46043544,-0.57934462,-0.48301435,0,8,0.8400,0.99704,heartTemplateInput,cleanPeak
6.0600,-0.46877632,-0.58445395,-0.4918196,0,8,0.8400,0.99704,heartTemplateInput,cleanPeak
6.0800,-0.48515861,-0.58775165,-0.60431508,0,8,0.8400,0.99704,heartTemplateInput,cleanPeak
6.1000,-0.50134731,-0.58921676,-0.8062575,0,8,0.8400,0.99704,heartTemplateInput,cleanPeak
6.1200,-0.50512073,-0.58100036,-0.97668851,0,8,0.8400,0.99704,heartTemplateInput,cleanPeak
6.1400,-0.48924568,-0.55598166,-0.94273132,0,8,0.8400,0.99704,heartTemplateInput,cleanPeak
6.1600,-0.44735577,-0.50563652,-0.65269578,0,8,0.8400,0.99704,heartTemplateInput,cleanPeak
6.1800,-0.37245793,-0.42301066,-0.27120124,0,8,0.8400,0.99704,heartTemplateInput,cleanPeak
6.2000,-0.27127274,-0.31690901,-0.068270755,0,8,0.8400,0.99704,heartTemplateInput,cleanPeak
6.2200,-0.15778046,-0.19841871,-0.070290769,0,8,0.8400,0.99704,heartTemplateInput,cleanPeak
6.2400,-0.050100635,-0.08101541,-0.012337857,0,8,0.8400,0.99704,heartTemplateInput,cleanPeak
6.2600,0.02693069,0.011574174,0.12586972,0,8,0.8400,0.99704,heartTemplateInput,cleanPeak
6.2800,0.064569931,0.066958426,0.16447232,0,8,0.8400,0.99704,heartTemplateInput,cleanPeak
6.3000,0.065677038,0.08391234,0.014664391,0,8,0.8400,0.99704,heartTemplateInput,cleanPeak
6.3200,0.038079439,0.067764919,-0.18683599,0,8,0.8400,0.99704,heartTemplateInput,cleanPeak
6.3400,-0.015318865,0.021980417,-0.27596387,0,8,0.8400,0.99704,heartTemplateInput,cleanPeak
6.3600,-0.098414045,-0.055206884,-0.2545342,0,8,0.8400,0.99704,heartTemplateInput,cleanPeak
6.3800,-0.13091789,-0.094266642,-0.22502065,0,8,0.8400,0.99704,heartTemplateInput,cleanPeak
6.4000,0.18164482,0.138498,-0.22862784,0,8,0.8400,0.99704,heartTemplateInput,cleanPeak
6.4200,0.2404127,0.23723648,-0.21207227,0,8,0.8400,0.99704,heartTemplateInput,cleanPeak
6.4400,0.24375708,0.24448179,-0.11965375,1,8,0.8400,0.99704,heartTemplateInput,cleanPeak
