highpassHz,lowpassHz,filterOrder,maxShiftPoints,smoothingPoints,weightedDisplayScore,minimumTemplateConsistency,datasetResults
1.0,10.0,3,2,5,0.8801698617457502,0.9316018467330087,"{""chairback_192603"": {""quality"": 0.958545, ""detected"": 102, ""retained"": 10, ""detailRatio"": 0.039115}, ""chairback_155119"": {""quality"": 0.956612, ""detected"": 222, ""retained"": 10, ""detailRatio"": 0.072262}, ""chest_175614"": {""quality"": 0.931602, ""detected"": 160, ""retained"": 10, ""detailRatio"": 0.085654}, ""abdomen_195248"": {""quality"": 0.954019, ""detected"": 106, ""retained"": 10, ""detailRatio"": 0.068415}}"
1.0,10.0,3,6,5,0.8801292233782786,0.9313435073562188,"{""chairback_192603"": {""quality"": 0.958545, ""detected"": 102, ""retained"": 10, ""detailRatio"": 0.039115}, ""chairback_155119"": {""quality"": 0.956612, ""detected"": 222, ""retained"": 10, ""detailRatio"": 0.072262}, ""chest_175614"": {""quality"": 0.931344, ""detected"": 160, ""retained"": 10, ""detailRatio"": 0.085654}, ""abdomen_195248"": {""quality"": 0.954015, ""detected"": 106, ""retained"": 10, ""detailRatio"": 0.068415}}"
1.0,10.0,3,4,5,0.8799092544870701,0.9299312873824958,"{""chairback_192603"": {""quality"": 0.958545, ""detected"": 102, ""retained"": 10, ""detailRatio"": 0.039115}, ""chairback_155119"": {""quality"": 0.956612, ""detected"": 222, ""retained"": 10, ""detailRatio"": 0.072262}, ""chest_175614"": {""quality"": 0.929931, ""detected"": 160, ""retained"": 10, ""detailRatio"": 0.085654}, ""abdomen_195248"": {""quality"": 0.954019, ""detected"": 106, ""retained"": 10, ""detailRatio"": 0.068415}}"
1.0,6.0,3,6,5,0.8794342285799301,0.9514086859692213,"{""chairback_192603"": {""quality"": 0.962048, ""detected"": 101, ""retained"": 10, ""detailRatio"": 0.025022}, ""chairback_155119"": {""quality"": 0.962631, ""detected"": 224, ""retained"": 10, ""detailRatio"": 0.046743}, ""chest_175614"": {""quality"": 0.951409, ""detected"": 159, ""retained"": 10, ""detailRatio"": 0.054043}, ""abdomen_195248"": {""quality"": 0.955391, ""detected"": 99, ""retained"": 10, ""detailRatio"": 0.039371}}"
1.0,6.0,3,6,0,0.8794223853492106,0.948195333626623,"{""chairback_192603"": {""quality"": 0.963371, ""detected"": 101, ""retained"": 10, ""detailRatio"": 0.025022}, ""chairback_155119"": {""quality"": 0.962697, ""detected"": 224, ""retained"": 10, ""detailRatio"": 0.046743}, ""chest_175614"": {""quality"": 0.952185, ""detected"": 159, ""retained"": 10, ""detailRatio"": 0.054043}, ""abdomen_195248"": {""quality"": 0.948195, ""detected"": 99, ""retained"": 10, ""detailRatio"": 0.039371}}"
1.0,10.0,2,2,5,0.8793830858605497,0.935647563120048,"{""chairback_192603"": {""quality"": 0.965444, ""detected"": 99, ""retained"": 10, ""detailRatio"": 0.041253}, ""chairback_155119"": {""quality"": 0.94473, ""detected"": 223, ""retained"": 10, ""detailRatio"": 0.074426}, ""chest_175614"": {""quality"": 0.935648, ""detected"": 165, ""retained"": 10, ""detailRatio"": 0.088453}, ""abdomen_195248"": {""quality"": 0.936696, ""detected"": 108, ""retained"": 10, ""detailRatio"": 0.067416}}"
1.0,8.0,2,6,0,0.8787889230985437,0.9336958413889109,"{""chairback_192603"": {""quality"": 0.957465, ""detected"": 100, ""retained"": 10, ""detailRatio"": 0.036011}, ""chairback_155119"": {""quality"": 0.958458, ""detected"": 224, ""retained"": 10, ""detailRatio"": 0.064962}, ""chest_175614"": {""quality"": 0.943851, ""detected"": 162, ""retained"": 10, ""detailRatio"": 0.077446}, ""abdomen_195248"": {""quality"": 0.933696, ""detected"": 105, ""retained"": 10, ""detailRatio"": 0.056087}}"
1.0,8.0,2,4,0,0.8787232422084557,0.9336958413889109,"{""chairback_192603"": {""quality"": 0.957465, ""detected"": 100, ""retained"": 10, ""detailRatio"": 0.036011}, ""chairback_155119"": {""quality"": 0.958458, ""detected"": 224, ""retained"": 10, ""detailRatio"": 0.064962}, ""chest_175614"": {""quality"": 0.94343, ""detected"": 162, ""retained"": 10, ""detailRatio"": 0.077446}, ""abdomen_195248"": {""quality"": 0.933696, ""detected"": 105, ""retained"": 10, ""detailRatio"": 0.056087}}"
1.0,10.0,2,4,0,0.8785904900104649,0.935901283756522,"{""chairback_192603"": {""quality"": 0.963189, ""detected"": 99, ""retained"": 10, ""detailRatio"": 0.041253}, ""chairback_155119"": {""quality"": 0.943888, ""detected"": 223, ""retained"": 10, ""detailRatio"": 0.074426}, ""chest_175614"": {""quality"": 0.935901, ""detected"": 165, ""retained"": 10, ""detailRatio"": 0.088453}, ""abdomen_195248"": {""quality"": 0.937571, ""detected"": 108, ""retained"": 10, ""detailRatio"": 0.067416}}"
1.0,8.0,3,6,5,0.8782494425356684,0.932026240846158,"{""chairback_192603"": {""quality"": 0.958257, ""detected"": 102, ""retained"": 10, ""detailRatio"": 0.035486}, ""chairback_155119"": {""quality"": 0.955874, ""detected"": 222, ""retained"": 10, ""detailRatio"": 0.065546}, ""chest_175614"": {""quality"": 0.932026, ""detected"": 160, ""retained"": 10, ""detailRatio"": 0.078328}, ""abdomen_195248"": {""quality"": 0.953536, ""detected"": 103, ""retained"": 10, ""detailRatio"": 0.058704}}"
1.0,8.0,3,6,0,0.8781942754261575,0.9326021420708108,"{""chairback_192603"": {""quality"": 0.957685, ""detected"": 102, ""retained"": 10, ""detailRatio"": 0.035486}, ""chairback_155119"": {""quality"": 0.956309, ""detected"": 222, ""retained"": 10, ""detailRatio"": 0.065546}, ""chest_175614"": {""quality"": 0.932602, ""detected"": 160, ""retained"": 10, ""detailRatio"": 0.078328}, ""abdomen_195248"": {""quality"": 0.952661, ""detected"": 103, ""retained"": 10, ""detailRatio"": 0.058704}}"
1.0,8.0,2,6,5,0.8780686350341788,0.9340523525875342,"{""chairback_192603"": {""quality"": 0.956997, ""detected"": 100, ""retained"": 10, ""detailRatio"": 0.036011}, ""chairback_155119"": {""quality"": 0.955775, ""detected"": 224, ""retained"": 10, ""detailRatio"": 0.064962}, ""chest_175614"": {""quality"": 0.944016, ""detected"": 162, ""retained"": 10, ""detailRatio"": 0.077446}, ""abdomen_195248"": {""quality"": 0.934052, ""detected"": 105, ""retained"": 10, ""detailRatio"": 0.056087}}"
1.0,8.0,3,2,5,0.8780530002186635,0.9314435526788947,"{""chairback_192603"": {""quality"": 0.95831, ""detected"": 102, ""retained"": 10, ""detailRatio"": 0.035486}, ""chairback_155119"": {""quality"": 0.955874, ""detected"": 222, ""retained"": 10, ""detailRatio"": 0.065546}, ""chest_175614"": {""quality"": 0.931444, ""detected"": 160, ""retained"": 10, ""detailRatio"": 0.078328}, ""abdomen_195248"": {""quality"": 0.951968, ""detected"": 103, ""retained"": 10, ""detailRatio"": 0.058704}}"
1.0,8.0,3,2,0,0.8780457351761143,0.9320471559999077,"{""chairback_192603"": {""quality"": 0.957454, ""detected"": 102, ""retained"": 10, ""detailRatio"": 0.035486}, ""chairback_155119"": {""quality"": 0.956309, ""detected"": 222, ""retained"": 10, ""detailRatio"": 0.065546}, ""chest_175614"": {""quality"": 0.932047, ""detected"": 160, ""retained"": 10, ""detailRatio"": 0.078328}, ""abdomen_195248"": {""quality"": 0.952791, ""detected"": 103, ""retained"": 10, ""detailRatio"": 0.058704}}"
1.0,8.0,2,4,5,0.8779672524041445,0.9340523525875342,"{""chairback_192603"": {""quality"": 0.956997, ""detected"": 100, ""retained"": 10, ""detailRatio"": 0.036011}, ""chairback_155119"": {""quality"": 0.955775, ""detected"": 224, ""retained"": 10, ""detailRatio"": 0.064962}, ""chest_175614"": {""quality"": 0.943366, ""detected"": 162, ""retained"": 10, ""detailRatio"": 0.077446}, ""abdomen_195248"": {""quality"": 0.934052, ""detected"": 105, ""retained"": 10, ""detailRatio"": 0.056087}}"
1.0,8.0,3,4,5,0.8778172730692207,0.9307830733810822,"{""chairback_192603"": {""quality"": 0.958257, ""detected"": 102, ""retained"": 10, ""detailRatio"": 0.035486}, ""chairback_155119"": {""quality"": 0.955874, ""detected"": 222, ""retained"": 10, ""detailRatio"": 0.065546}, ""chest_175614"": {""quality"": 0.930783, ""detected"": 160, ""retained"": 10, ""detailRatio"": 0.078328}, ""abdomen_195248"": {""quality"": 0.950482, ""detected"": 103, ""retained"": 10, ""detailRatio"": 0.058704}}"
1.0,8.0,3,4,0,0.8777603166737378,0.9312299353835578,"{""chairback_192603"": {""quality"": 0.957685, ""detected"": 102, ""retained"": 10, ""detailRatio"": 0.035486}, ""chairback_155119"": {""quality"": 0.956309, ""detected"": 222, ""retained"": 10, ""detailRatio"": 0.065546}, ""chest_175614"": {""quality"": 0.93123, ""detected"": 160, ""retained"": 10, ""detailRatio"": 0.078328}, ""abdomen_195248"": {""quality"": 0.949842, ""detected"": 103, ""retained"": 10, ""detailRatio"": 0.058704}}"
1.0,10.0,2,4,5,0.8776692344369308,0.935647563120048,"{""chairback_192603"": {""quality"": 0.959951, ""detected"": 99, ""retained"": 10, ""detailRatio"": 0.041253}, ""chairback_155119"": {""quality"": 0.94473, ""detected"": 223, ""retained"": 10, ""detailRatio"": 0.074426}, ""chest_175614"": {""quality"": 0.935648, ""detected"": 165, ""retained"": 10, ""detailRatio"": 0.088453}, ""abdomen_195248"": {""quality"": 0.936696, ""detected"": 108, ""retained"": 10, ""detailRatio"": 0.067416}}"
1.0,8.0,2,2,5,0.8774554704298955,0.9354769033988446,"{""chairback_192603"": {""quality"": 0.956997, ""detected"": 100, ""retained"": 10, ""detailRatio"": 0.036011}, ""chairback_155119"": {""quality"": 0.953113, ""detected"": 224, ""retained"": 10, ""detailRatio"": 0.064962}, ""chest_175614"": {""quality"": 0.943366, ""detected"": 162, ""retained"": 10, ""detailRatio"": 0.077446}, ""abdomen_195248"": {""quality"": 0.935477, ""detected"": 105, ""retained"": 10, ""detailRatio"": 0.056087}}"
1.0,12.0,3,2,0,0.8772242688442566,0.9340180442264523,"{""chairback_192603"": {""quality"": 0.957722, ""detected"": 102, ""retained"": 10, ""detailRatio"": 0.040874}, ""chairback_155119"": {""quality"": 0.943204, ""detected"": 222, ""retained"": 10, ""detailRatio"": 0.076277}, ""chest_175614"": {""quality"": 0.934018, ""detected"": 160, ""retained"": 10, ""detailRatio"": 0.08916}, ""abdomen_195248"": {""quality"": 0.942996, ""detected"": 105, ""retained"": 10, ""detailRatio"": 0.074925}}"
1.0,8.0,2,2,0,0.8768902818699847,0.9359310489002853,"{""chairback_192603"": {""quality"": 0.957465, ""detected"": 100, ""retained"": 10, ""detailRatio"": 0.036011}, ""chairback_155119"": {""quality"": 0.94988, ""detected"": 224, ""retained"": 10, ""detailRatio"": 0.064962}, ""chest_175614"": {""quality"": 0.94343, ""detected"": 162, ""retained"": 10, ""detailRatio"": 0.077446}, ""abdomen_195248"": {""quality"": 0.935931, ""detected"": 105, ""retained"": 10, ""detailRatio"": 0.056087}}"
0.8,6.0,3,2,5,0.8767662180256415,0.9407963675985812,"{""chairback_192603"": {""quality"": 0.96386, ""detected"": 100, ""retained"": 10, ""detailRatio"": 0.019366}, ""chairback_155119"": {""quality"": 0.96265, ""detected"": 227, ""retained"": 10, ""detailRatio"": 0.034288}, ""chest_175614"": {""quality"": 0.955297, ""detected"": 161, ""retained"": 10, ""detailRatio"": 0.043003}, ""abdomen_195248"": {""quality"": 0.940796, ""detected"": 103, ""retained"": 10, ""detailRatio"": 0.026728}}"
1.0,12.0,2,4,5,0.8767435813887543,0.9348592728189065,"{""chairback_192603"": {""quality"": 0.948881, ""detected"": 99, ""retained"": 10, ""detailRatio"": 0.043814}, ""chairback_155119"": {""quality"": 0.949544, ""detected"": 222, ""retained"": 10, ""detailRatio"": 0.079571}, ""chest_175614"": {""quality"": 0.937648, ""detected"": 164, ""retained"": 10, ""detailRatio"": 0.093578}, ""abdomen_195248"": {""quality"": 0.934859, ""detected"": 105, ""retained"": 10, ""detailRatio"": 0.074631}}"
1.0,12.0,2,6,5,0.8767297383143502,0.9346817975060336,"{""chairback_192603"": {""quality"": 0.948881, ""detected"": 99, ""retained"": 10, ""detailRatio"": 0.043814}, ""chairback_155119"": {""quality"": 0.949544, ""detected"": 222, ""retained"": 10, ""detailRatio"": 0.079571}, ""chest_175614"": {""quality"": 0.937648, ""detected"": 164, ""retained"": 10, ""detailRatio"": 0.093578}, ""abdomen_195248"": {""quality"": 0.934682, ""detected"": 105, ""retained"": 10, ""detailRatio"": 0.074631}}"
1.0,12.0,2,2,5,0.8766046125242887,0.9346817975060336,"{""chairback_192603"": {""quality"": 0.948881, ""detected"": 99, ""retained"": 10, ""detailRatio"": 0.043814}, ""chairback_155119"": {""quality"": 0.949544, ""detected"": 222, ""retained"": 10, ""detailRatio"": 0.079571}, ""chest_175614"": {""quality"": 0.936846, ""detected"": 164, ""retained"": 10, ""detailRatio"": 0.093578}, ""abdomen_195248"": {""quality"": 0.934682, ""detected"": 105, ""retained"": 10, ""detailRatio"": 0.074631}}"
1.0,12.0,3,2,5,0.8763122117405421,0.9321607280246771,"{""chairback_192603"": {""quality"": 0.954354, ""detected"": 102, ""retained"": 10, ""detailRatio"": 0.040874}, ""chairback_155119"": {""quality"": 0.945075, ""detected"": 222, ""retained"": 10, ""detailRatio"": 0.076277}, ""chest_175614"": {""quality"": 0.932161, ""detected"": 160, ""retained"": 10, ""detailRatio"": 0.08916}, ""abdomen_195248"": {""quality"": 0.942877, ""detected"": 105, ""retained"": 10, ""detailRatio"": 0.074925}}"
1.0,12.0,3,6,5,0.8761343392939324,0.9320476704593934,"{""chairback_192603"": {""quality"": 0.955696, ""detected"": 102, ""retained"": 10, ""detailRatio"": 0.040874}, ""chairback_155119"": {""quality"": 0.9426, ""detected"": 222, ""retained"": 10, ""detailRatio"": 0.076277}, ""chest_175614"": {""quality"": 0.932048, ""detected"": 160, ""retained"": 10, ""detailRatio"": 0.08916}, ""abdomen_195248"": {""quality"": 0.942877, ""detected"": 105, ""retained"": 10, ""detailRatio"": 0.074925}}"
1.0,6.0,3,4,0,0.8761231978433338,0.943828224173839,"{""chairback_192603"": {""quality"": 0.963371, ""detected"": 101, ""retained"": 10, ""detailRatio"": 0.025022}, ""chairback_155119"": {""quality"": 0.950054, ""detected"": 224, ""retained"": 10, ""detailRatio"": 0.046743}, ""chest_175614"": {""quality"": 0.952185, ""detected"": 159, ""retained"": 10, ""detailRatio"": 0.054043}, ""abdomen_195248"": {""quality"": 0.943828, ""detected"": 99, ""retained"": 10, ""detailRatio"": 0.039371}}"
1.0,10.0,2,6,0,0.876041062001282,0.9276221601434054,"{""chairback_192603"": {""quality"": 0.958908, ""detected"": 99, ""retained"": 10, ""detailRatio"": 0.041253}, ""chairback_155119"": {""quality"": 0.943569, ""detected"": 223, ""retained"": 10, ""detailRatio"": 0.074426}, ""chest_175614"": {""quality"": 0.933574, ""detected"": 165, ""retained"": 10, ""detailRatio"": 0.088453}, ""abdomen_195248"": {""quality"": 0.927622, ""detected"": 108, ""retained"": 10, ""detailRatio"": 0.067416}}"
1.0,6.0,2,4,5,0.8760252726476158,0.9471638961813702,"{""chairback_192603"": {""quality"": 0.962816, ""detected"": 100, ""retained"": 10, ""detailRatio"": 0.023643}, ""chairback_155119"": {""quality"": 0.947164, ""detected"": 229, ""retained"": 10, ""detailRatio"": 0.042882}, ""chest_175614"": {""quality"": 0.957392, ""detected"": 159, ""retained"": 10, ""detailRatio"": 0.049673}, ""abdomen_195248"": {""quality"": 0.954086, ""detected"": 103, ""retained"": 10, ""detailRatio"": 0.035092}}"
1.0,12.0,3,4,0,0.8759716954093453,0.9340180442264523,"{""chairback_192603"": {""quality"": 0.956586, ""detected"": 102, ""retained"": 10, ""detailRatio"": 0.040874}, ""chairback_155119"": {""quality"": 0.939365, ""detected"": 222, ""retained"": 10, ""detailRatio"": 0.076277}, ""chest_175614"": {""quality"": 0.934018, ""detected"": 160, ""retained"": 10, ""detailRatio"": 0.08916}, ""abdomen_195248"": {""quality"": 0.942996, ""detected"": 105, ""retained"": 10, ""detailRatio"": 0.074925}}"
1.0,12.0,3,6,0,0.8758917501816181,0.9334881937118877,"{""chairback_192603"": {""quality"": 0.956595, ""detected"": 102, ""retained"": 10, ""detailRatio"": 0.040874}, ""chairback_155119"": {""quality"": 0.939365, ""detected"": 222, ""retained"": 10, ""detailRatio"": 0.076277}, ""chest_175614"": {""quality"": 0.933488, ""detected"": 160, ""retained"": 10, ""detailRatio"": 0.08916}, ""abdomen_195248"": {""quality"": 0.942996, ""detected"": 105, ""retained"": 10, ""detailRatio"": 0.074925}}"
1.0,6.0,3,2,5,0.8757304241113633,0.9466986184171597,"{""chairback_192603"": {""quality"": 0.962034, ""detected"": 101, ""retained"": 10, ""detailRatio"": 0.025022}, ""chairback_155119"": {""quality"": 0.949108, ""detected"": 224, ""retained"": 10, ""detailRatio"": 0.046743}, ""chest_175614"": {""quality"": 0.952326, ""detected"": 159, ""retained"": 10, ""detailRatio"": 0.054043}, ""abdomen_195248"": {""quality"": 0.946699, ""detected"": 99, ""retained"": 10, ""detailRatio"": 0.039371}}"
1.0,6.0,2,6,5,0.8755929055877136,0.9471638961813702,"{""chairback_192603"": {""quality"": 0.963369, ""detected"": 100, ""retained"": 10, ""detailRatio"": 0.023643}, ""chairback_155119"": {""quality"": 0.947164, ""detected"": 229, ""retained"": 10, ""detailRatio"": 0.042882}, ""chest_175614"": {""quality"": 0.956972, ""detected"": 159, ""retained"": 10, ""detailRatio"": 0.049673}, ""abdomen_195248"": {""quality"": 0.947167, ""detected"": 103, ""retained"": 10, ""detailRatio"": 0.035092}}"
1.0,6.0,3,4,5,0.8755917118534399,0.9466986184171597,"{""chairback_192603"": {""quality"": 0.962048, ""detected"": 101, ""retained"": 10, ""detailRatio"": 0.025022}, ""chairback_155119"": {""quality"": 0.949108, ""detected"": 224, ""retained"": 10, ""detailRatio"": 0.046743}, ""chest_175614"": {""quality"": 0.951409, ""detected"": 159, ""retained"": 10, ""detailRatio"": 0.054043}, ""abdomen_195248"": {""quality"": 0.946699, ""detected"": 99, ""retained"": 10, ""detailRatio"": 0.039371}}"
0.6,8.0,2,6,5,0.8755782277126436,0.9496797123562488,"{""chairback_192603"": {""quality"": 0.955783, ""detected"": 99, ""retained"": 10, ""detailRatio"": 0.023226}, ""chairback_155119"": {""quality"": 0.962654, ""detected"": 224, ""retained"": 10, ""detailRatio"": 0.038804}, ""chest_175614"": {""quality"": 0.94968, ""detected"": 162, ""retained"": 10, ""detailRatio"": 0.05172}, ""abdomen_195248"": {""quality"": 0.951214, ""detected"": 102, ""retained"": 10, ""detailRatio"": 0.029135}}"
0.6,8.0,2,2,5,0.8755342835575466,0.9496797123562488,"{""chairback_192603"": {""quality"": 0.955783, ""detected"": 99, ""retained"": 10, ""detailRatio"": 0.023226}, ""chairback_155119"": {""quality"": 0.962654, ""detected"": 224, ""retained"": 10, ""detailRatio"": 0.038804}, ""chest_175614"": {""quality"": 0.94968, ""detected"": 162, ""retained"": 10, ""detailRatio"": 0.05172}, ""abdomen_195248"": {""quality"": 0.95065, ""detected"": 102, ""retained"": 10, ""detailRatio"": 0.029135}}"
1.0,12.0,2,2,0,0.8753911229318725,0.9371006272213362,"{""chairback_192603"": {""quality"": 0.946746, ""detected"": 99, ""retained"": 10, ""detailRatio"": 0.043814}, ""chairback_155119"": {""quality"": 0.944793, ""detected"": 222, ""retained"": 10, ""detailRatio"": 0.079571}, ""chest_175614"": {""quality"": 0.939254, ""detected"": 164, ""retained"": 10, ""detailRatio"": 0.093578}, ""abdomen_195248"": {""quality"": 0.937101, ""detected"": 105, ""retained"": 10, ""detailRatio"": 0.074631}}"
1.0,6.0,3,2,0,0.8752098219911789,0.943828224173839,"{""chairback_192603"": {""quality"": 0.962084, ""detected"": 101, ""retained"": 10, ""detailRatio"": 0.025022}, ""chairback_155119"": {""quality"": 0.950054, ""detected"": 224, ""retained"": 10, ""detailRatio"": 0.046743}, ""chest_175614"": {""quality"": 0.948904, ""detected"": 159, ""retained"": 10, ""detailRatio"": 0.054043}, ""abdomen_195248"": {""quality"": 0.943828, ""detected"": 99, ""retained"": 10, ""detailRatio"": 0.039371}}"
1.0,10.0,2,6,5,0.8751350002923491,0.9272369943984791,"{""chairback_192603"": {""quality"": 0.952192, ""detected"": 99, ""retained"": 10, ""detailRatio"": 0.041253}, ""chairback_155119"": {""quality"": 0.945831, ""detected"": 223, ""retained"": 10, ""detailRatio"": 0.074426}, ""chest_175614"": {""quality"": 0.937996, ""detected"": 165, ""retained"": 10, ""detailRatio"": 0.088453}, ""abdomen_195248"": {""quality"": 0.927237, ""detected"": 108, ""retained"": 10, ""detailRatio"": 0.067416}}"
1.0,12.0,2,6,0,0.8750945746947407,0.9371006272213362,"{""chairback_192603"": {""quality"": 0.946746, ""detected"": 99, ""retained"": 10, ""detailRatio"": 0.043814}, ""chairback_155119"": {""quality"": 0.944793, ""detected"": 222, ""retained"": 10, ""detailRatio"": 0.079571}, ""chest_175614"": {""quality"": 0.937353, ""detected"": 164, ""retained"": 10, ""detailRatio"": 0.093578}, ""abdomen_195248"": {""quality"": 0.937101, ""detected"": 105, ""retained"": 10, ""detailRatio"": 0.074631}}"
1.0,12.0,3,4,5,0.8750025755538171,0.9321607280246771,"{""chairback_192603"": {""quality"": 0.952012, ""detected"": 102, ""retained"": 10, ""detailRatio"": 0.040874}, ""chairback_155119"": {""quality"": 0.9426, ""detected"": 222, ""retained"": 10, ""detailRatio"": 0.076277}, ""chest_175614"": {""quality"": 0.932161, ""detected"": 160, ""retained"": 10, ""detailRatio"": 0.08916}, ""abdomen_195248"": {""quality"": 0.942877, ""detected"": 105, ""retained"": 10, ""detailRatio"": 0.074925}}"
0.6,8.0,3,6,5,0.8749498746538277,0.9485743131777505,"{""chairback_192603"": {""quality"": 0.95066, ""detected"": 98, ""retained"": 10, ""detailRatio"": 0.024132}, ""chairback_155119"": {""quality"": 0.965664, ""detected"": 225, ""retained"": 10, ""detailRatio"": 0.039579}, ""chest_175614"": {""quality"": 0.95083, ""detected"": 161, ""retained"": 10, ""detailRatio"": 0.053895}, ""abdomen_195248"": {""quality"": 0.948574, ""detected"": 99, ""retained"": 10, ""detailRatio"": 0.029055}}"
1.0,12.0,2,4,0,0.874919627710023,0.9348577171608511,"{""chairback_192603"": {""quality"": 0.946746, ""detected"": 99, ""retained"": 10, ""detailRatio"": 0.043814}, ""chairback_155119"": {""quality"": 0.944793, ""detected"": 222, ""retained"": 10, ""detailRatio"": 0.079571}, ""chest_175614"": {""quality"": 0.937353, ""detected"": 164, ""retained"": 10, ""detailRatio"": 0.093578}, ""abdomen_195248"": {""quality"": 0.934858, ""detected"": 105, ""retained"": 10, ""detailRatio"": 0.074631}}"
0.6,8.0,3,4,5,0.8747216102293348,0.9485743131777505,"{""chairback_192603"": {""quality"": 0.95066, ""detected"": 98, ""retained"": 10, ""detailRatio"": 0.024132}, ""chairback_155119"": {""quality"": 0.965664, ""detected"": 225, ""retained"": 10, ""detailRatio"": 0.039579}, ""chest_175614"": {""quality"": 0.949366, ""detected"": 161, ""retained"": 10, ""detailRatio"": 0.053895}, ""abdomen_195248"": {""quality"": 0.948574, ""detected"": 99, ""retained"": 10, ""detailRatio"": 0.029055}}"
0.8,8.0,2,2,0,0.8746634820157214,0.9419499498115109,"{""chairback_192603"": {""quality"": 0.953939, ""detected"": 101, ""retained"": 10, ""detailRatio"": 0.027897}, ""chairback_155119"": {""quality"": 0.959276, ""detected"": 226, ""retained"": 10, ""detailRatio"": 0.049201}, ""chest_175614"": {""quality"": 0.94195, ""detected"": 162, ""retained"": 10, ""detailRatio"": 0.06223}, ""abdomen_195248"": {""quality"": 0.942328, ""detected"": 105, ""retained"": 10, ""detailRatio"": 0.040485}}"
0.6,6.0,2,2,5,0.8742515275988628,0.9521002061120624,"{""chairback_192603"": {""quality"": 0.96117, ""detected"": 99, ""retained"": 10, ""detailRatio"": 0.014898}, ""chairback_155119"": {""quality"": 0.961091, ""detected"": 219, ""retained"": 10, ""detailRatio"": 0.024697}, ""chest_175614"": {""quality"": 0.955443, ""detected"": 158, ""retained"": 10, ""detailRatio"": 0.032235}, ""abdomen_195248"": {""quality"": 0.9521, ""detected"": 102, ""retained"": 10, ""detailRatio"": 0.017386}}"
1.0,10.0,3,2,0,0.8742098032414455,0.9343029177591664,"{""chairback_192603"": {""quality"": 0.938357, ""detected"": 102, ""retained"": 10, ""detailRatio"": 0.039115}, ""chairback_155119"": {""quality"": 0.956627, ""detected"": 222, ""retained"": 10, ""detailRatio"": 0.072262}, ""chest_175614"": {""quality"": 0.934303, ""detected"": 160, ""retained"": 10, ""detailRatio"": 0.085654}, ""abdomen_195248"": {""quality"": 0.952911, ""detected"": 106, ""retained"": 10, ""detailRatio"": 0.068415}}"
0.6,8.0,2,4,5,0.8741690384690601,0.9483257859740541,"{""chairback_192603"": {""quality"": 0.951988, ""detected"": 99, ""retained"": 10, ""detailRatio"": 0.023226}, ""chairback_155119"": {""quality"": 0.962654, ""detected"": 224, ""retained"": 10, ""detailRatio"": 0.038804}, ""chest_175614"": {""quality"": 0.94968, ""detected"": 162, ""retained"": 10, ""detailRatio"": 0.05172}, ""abdomen_195248"": {""quality"": 0.948326, ""detected"": 102, ""retained"": 10, ""detailRatio"": 0.029135}}"
0.8,8.0,2,4,0,0.8741454694534883,0.9282253188047265,"{""chairback_192603"": {""quality"": 0.955805, ""detected"": 101, ""retained"": 10, ""detailRatio"": 0.027897}, ""chairback_155119"": {""quality"": 0.959276, ""detected"": 226, ""retained"": 10, ""detailRatio"": 0.049201}, ""chest_175614"": {""quality"": 0.94195, ""detected"": 162, ""retained"": 10, ""detailRatio"": 0.06223}, ""abdomen_195248"": {""quality"": 0.928225, ""detected"": 105, ""retained"": 10, ""detailRatio"": 0.040485}}"
0.8,8.0,2,6,0,0.8741454694534883,0.9282253188047265,"{""chairback_192603"": {""quality"": 0.955805, ""detected"": 101, ""retained"": 10, ""detailRatio"": 0.027897}, ""chairback_155119"": {""quality"": 0.959276, ""detected"": 226, ""retained"": 10, ""detailRatio"": 0.049201}, ""chest_175614"": {""quality"": 0.94195, ""detected"": 162, ""retained"": 10, ""detailRatio"": 0.06223}, ""abdomen_195248"": {""quality"": 0.928225, ""detected"": 105, ""retained"": 10, ""detailRatio"": 0.040485}}"
1.0,10.0,2,2,0,0.8739377915800954,0.935901283756522,"{""chairback_192603"": {""quality"": 0.948277, ""detected"": 99, ""retained"": 10, ""detailRatio"": 0.041253}, ""chairback_155119"": {""quality"": 0.943888, ""detected"": 223, ""retained"": 10, ""detailRatio"": 0.074426}, ""chest_175614"": {""quality"": 0.935901, ""detected"": 165, ""retained"": 10, ""detailRatio"": 0.088453}, ""abdomen_195248"": {""quality"": 0.937571, ""detected"": 108, ""retained"": 10, ""detailRatio"": 0.067416}}"
0.6,6.0,2,2,0,0.873903356398132,0.9528053473341845,"{""chairback_192603"": {""quality"": 0.960396, ""detected"": 99, ""retained"": 10, ""detailRatio"": 0.014898}, ""chairback_155119"": {""quality"": 0.9612, ""detected"": 219, ""retained"": 10, ""detailRatio"": 0.024697}, ""chest_175614"": {""quality"": 0.952805, ""detected"": 158, ""retained"": 10, ""detailRatio"": 0.032235}, ""abdomen_195248"": {""quality"": 0.955679, ""detected"": 102, ""retained"": 10, ""detailRatio"": 0.017386}}"
1.0,10.0,3,6,0,0.8738879832525924,0.9329407989955474,"{""chairback_192603"": {""quality"": 0.938357, ""detected"": 102, ""retained"": 10, ""detailRatio"": 0.039115}, ""chairback_155119"": {""quality"": 0.956627, ""detected"": 222, ""retained"": 10, ""detailRatio"": 0.072262}, ""chest_175614"": {""quality"": 0.932941, ""detected"": 160, ""retained"": 10, ""detailRatio"": 0.085654}, ""abdomen_195248"": {""quality"": 0.951509, ""detected"": 106, ""retained"": 10, ""detailRatio"": 0.068415}}"
0.6,12.0,2,2,5,0.8738873311393982,0.9343230160603815,"{""chairback_192603"": {""quality"": 0.955038, ""detected"": 99, ""retained"": 10, ""detailRatio"": 0.028831}, ""chairback_155119"": {""quality"": 0.958125, ""detected"": 225, ""retained"": 10, ""detailRatio"": 0.048954}, ""chest_175614"": {""quality"": 0.939206, ""detected"": 164, ""retained"": 10, ""detailRatio"": 0.064287}, ""abdomen_195248"": {""quality"": 0.934323, ""detected"": 102, ""retained"": 10, ""detailRatio"": 0.040466}}"
1.0,10.0,3,4,0,0.8738790561727643,0.9321827442419791,"{""chairback_192603"": {""quality"": 0.938357, ""detected"": 102, ""retained"": 10, ""detailRatio"": 0.039115}, ""chairback_155119"": {""quality"": 0.956627, ""detected"": 222, ""retained"": 10, ""detailRatio"": 0.072262}, ""chest_175614"": {""quality"": 0.932183, ""detected"": 160, ""retained"": 10, ""detailRatio"": 0.085654}, ""abdomen_195248"": {""quality"": 0.952911, ""detected"": 106, ""retained"": 10, ""detailRatio"": 0.068415}}"
0.6,6.0,3,4,5,0.8738650741357971,0.9515668764945782,"{""chairback_192603"": {""quality"": 0.956579, ""detected"": 98, ""retained"": 10, ""detailRatio"": 0.016633}, ""chairback_155119"": {""quality"": 0.965199, ""detected"": 219, ""retained"": 10, ""detailRatio"": 0.027162}, ""chest_175614"": {""quality"": 0.951567, ""detected"": 158, ""retained"": 10, ""detailRatio"": 0.03591}, ""abdomen_195248"": {""quality"": 0.952579, ""detected"": 98, ""retained"": 10, ""detailRatio"": 0.018522}}"
0.6,6.0,3,6,5,0.8738650741357971,0.9515668764945782,"{""chairback_192603"": {""quality"": 0.956579, ""detected"": 98, ""retained"": 10, ""detailRatio"": 0.016633}, ""chairback_155119"": {""quality"": 0.965199, ""detected"": 219, ""retained"": 10, ""detailRatio"": 0.027162}, ""chest_175614"": {""quality"": 0.951567, ""detected"": 158, ""retained"": 10, ""detailRatio"": 0.03591}, ""abdomen_195248"": {""quality"": 0.952579, ""detected"": 98, ""retained"": 10, ""detailRatio"": 0.018522}}"
0.8,6.0,3,2,0,0.8736366667282124,0.9465323509830603,"{""chairback_192603"": {""quality"": 0.95408, ""detected"": 100, ""retained"": 10, ""detailRatio"": 0.019366}, ""chairback_155119"": {""quality"": 0.96208, ""detected"": 227, ""retained"": 10, ""detailRatio"": 0.034288}, ""chest_175614"": {""quality"": 0.952785, ""detected"": 161, ""retained"": 10, ""detailRatio"": 0.043003}, ""abdomen_195248"": {""quality"": 0.946532, ""detected"": 103, ""retained"": 10, ""detailRatio"": 0.026728}}"
1.0,6.0,2,2,0,0.8733853679833798,0.9497826612054623,"{""chairback_192603"": {""quality"": 0.949783, ""detected"": 100, ""retained"": 10, ""detailRatio"": 0.023643}, ""chairback_155119"": {""quality"": 0.951759, ""detected"": 229, ""retained"": 10, ""detailRatio"": 0.042882}, ""chest_175614"": {""quality"": 0.959423, ""detected"": 159, ""retained"": 10, ""detailRatio"": 0.049673}, ""abdomen_195248"": {""quality"": 0.954524, ""detected"": 103, ""retained"": 10, ""detailRatio"": 0.035092}}"
0.8,6.0,2,2,5,0.873239033864249,0.9472929539911686,"{""chairback_192603"": {""quality"": 0.953087, ""detected"": 102, ""retained"": 10, ""detailRatio"": 0.01801}, ""chairback_155119"": {""quality"": 0.964738, ""detected"": 222, ""retained"": 10, ""detailRatio"": 0.031765}, ""chest_175614"": {""quality"": 0.951997, ""detected"": 162, ""retained"": 10, ""detailRatio"": 0.039214}, ""abdomen_195248"": {""quality"": 0.947293, ""detected"": 103, ""retained"": 10, ""detailRatio"": 0.024673}}"
0.6,12.0,2,2,0,0.8730940403629358,0.9338628501015189,"{""chairback_192603"": {""quality"": 0.955311, ""detected"": 99, ""retained"": 10, ""detailRatio"": 0.028831}, ""chairback_155119"": {""quality"": 0.953219, ""detected"": 225, ""retained"": 10, ""detailRatio"": 0.048954}, ""chest_175614"": {""quality"": 0.941165, ""detected"": 164, ""retained"": 10, ""detailRatio"": 0.064287}, ""abdomen_195248"": {""quality"": 0.933863, ""detected"": 102, ""retained"": 10, ""detailRatio"": 0.040466}}"
0.8,6.0,2,2,0,0.8730441414602141,0.9449356461870371,"{""chairback_192603"": {""quality"": 0.956176, ""detected"": 102, ""retained"": 10, ""detailRatio"": 0.01801}, ""chairback_155119"": {""quality"": 0.96434, ""detected"": 222, ""retained"": 10, ""detailRatio"": 0.031765}, ""chest_175614"": {""quality"": 0.944936, ""detected"": 162, ""retained"": 10, ""detailRatio"": 0.039214}, ""abdomen_195248"": {""quality"": 0.947755, ""detected"": 103, ""retained"": 10, ""detailRatio"": 0.024673}}"
0.6,8.0,3,6,0,0.8730225873408914,0.9463759965503561,"{""chairback_192603"": {""quality"": 0.946376, ""detected"": 98, ""retained"": 10, ""detailRatio"": 0.024132}, ""chairback_155119"": {""quality"": 0.96554, ""detected"": 225, ""retained"": 10, ""detailRatio"": 0.039579}, ""chest_175614"": {""quality"": 0.947752, ""detected"": 161, ""retained"": 10, ""detailRatio"": 0.053895}, ""abdomen_195248"": {""quality"": 0.947529, ""detected"": 99, ""retained"": 10, ""detailRatio"": 0.029055}}"
0.8,6.0,2,4,5,0.8728900937097942,0.9455974958946793,"{""chairback_192603"": {""quality"": 0.953087, ""detected"": 102, ""retained"": 10, ""detailRatio"": 0.01801}, ""chairback_155119"": {""quality"": 0.964738, ""detected"": 222, ""retained"": 10, ""detailRatio"": 0.031765}, ""chest_175614"": {""quality"": 0.950608, ""detected"": 162, ""retained"": 10, ""detailRatio"": 0.039214}, ""abdomen_195248"": {""quality"": 0.945597, ""detected"": 103, ""retained"": 10, ""detailRatio"": 0.024673}}"
0.6,8.0,2,6,0,0.8728784314809621,0.9436464261671828,"{""chairback_192603"": {""quality"": 0.952759, ""detected"": 99, ""retained"": 10, ""detailRatio"": 0.023226}, ""chairback_155119"": {""quality"": 0.959074, ""detected"": 224, ""retained"": 10, ""detailRatio"": 0.038804}, ""chest_175614"": {""quality"": 0.943646, ""detected"": 162, ""retained"": 10, ""detailRatio"": 0.05172}, ""abdomen_195248"": {""quality"": 0.951502, ""detected"": 102, ""retained"": 10, ""detailRatio"": 0.029135}}"
0.8,6.0,2,6,0,0.8728782080571378,0.9446132542345385,"{""chairback_192603"": {""quality"": 0.956176, ""detected"": 102, ""retained"": 10, ""detailRatio"": 0.01801}, ""chairback_155119"": {""quality"": 0.964678, ""detected"": 222, ""retained"": 10, ""detailRatio"": 0.031765}, ""chest_175614"": {""quality"": 0.944936, ""detected"": 162, ""retained"": 10, ""detailRatio"": 0.039214}, ""abdomen_195248"": {""quality"": 0.944613, ""detected"": 103, ""retained"": 10, ""detailRatio"": 0.024673}}"
0.6,6.0,3,4,0,0.8728409340059561,0.9510573856636556,"{""chairback_192603"": {""quality"": 0.954676, ""detected"": 98, ""retained"": 10, ""detailRatio"": 0.016633}, ""chairback_155119"": {""quality"": 0.963381, ""detected"": 219, ""retained"": 10, ""detailRatio"": 0.027162}, ""chest_175614"": {""quality"": 0.952296, ""detected"": 158, ""retained"": 10, ""detailRatio"": 0.03591}, ""abdomen_195248"": {""quality"": 0.951057, ""detected"": 98, ""retained"": 10, ""detailRatio"": 0.018522}}"
0.6,6.0,3,6,0,0.8728409340059561,0.9510573856636556,"{""chairback_192603"": {""quality"": 0.954676, ""detected"": 98, ""retained"": 10, ""detailRatio"": 0.016633}, ""chairback_155119"": {""quality"": 0.963381, ""detected"": 219, ""retained"": 10, ""detailRatio"": 0.027162}, ""chest_175614"": {""quality"": 0.952296, ""detected"": 158, ""retained"": 10, ""detailRatio"": 0.03591}, ""abdomen_195248"": {""quality"": 0.951057, ""detected"": 98, ""retained"": 10, ""detailRatio"": 0.018522}}"
0.8,6.0,2,6,5,0.8728129218520054,0.9407853576504885,"{""chairback_192603"": {""quality"": 0.953087, ""detected"": 102, ""retained"": 10, ""detailRatio"": 0.01801}, ""chairback_155119"": {""quality"": 0.965086, ""detected"": 222, ""retained"": 10, ""detailRatio"": 0.031765}, ""chest_175614"": {""quality"": 0.951997, ""detected"": 162, ""retained"": 10, ""detailRatio"": 0.039214}, ""abdomen_195248"": {""quality"": 0.940785, ""detected"": 103, ""retained"": 10, ""detailRatio"": 0.024673}}"
0.6,8.0,2,2,0,0.8727767610173609,0.9436464261671828,"{""chairback_192603"": {""quality"": 0.952759, ""detected"": 99, ""retained"": 10, ""detailRatio"": 0.023226}, ""chairback_155119"": {""quality"": 0.959074, ""detected"": 224, ""retained"": 10, ""detailRatio"": 0.038804}, ""chest_175614"": {""quality"": 0.943646, ""detected"": 162, ""retained"": 10, ""detailRatio"": 0.05172}, ""abdomen_195248"": {""quality"": 0.950198, ""detected"": 102, ""retained"": 10, ""detailRatio"": 0.029135}}"
0.6,6.0,2,6,5,0.8727156685657288,0.9520829661913897,"{""chairback_192603"": {""quality"": 0.957271, ""detected"": 99, ""retained"": 10, ""detailRatio"": 0.014898}, ""chairback_155119"": {""quality"": 0.961928, ""detected"": 219, ""retained"": 10, ""detailRatio"": 0.024697}, ""chest_175614"": {""quality"": 0.952083, ""detected"": 158, ""retained"": 10, ""detailRatio"": 0.032235}, ""abdomen_195248"": {""quality"": 0.952212, ""detected"": 102, ""retained"": 10, ""detailRatio"": 0.017386}}"
1.0,6.0,2,2,5,0.8727025382161967,0.9496870488055318,"{""chairback_192603"": {""quality"": 0.949687, ""detected"": 100, ""retained"": 10, ""detailRatio"": 0.023643}, ""chairback_155119"": {""quality"": 0.950362, ""detected"": 229, ""retained"": 10, ""detailRatio"": 0.042882}, ""chest_175614"": {""quality"": 0.957526, ""detected"": 159, ""retained"": 10, ""detailRatio"": 0.049673}, ""abdomen_195248"": {""quality"": 0.954138, ""detected"": 103, ""retained"": 10, ""detailRatio"": 0.035092}}"
0.6,6.0,2,4,0,0.8726288201066285,0.9524567253555791,"{""chairback_192603"": {""quality"": 0.956655, ""detected"": 99, ""retained"": 10, ""detailRatio"": 0.014898}, ""chairback_155119"": {""quality"": 0.961707, ""detected"": 219, ""retained"": 10, ""detailRatio"": 0.024697}, ""chest_175614"": {""quality"": 0.952968, ""detected"": 158, ""retained"": 10, ""detailRatio"": 0.032235}, ""abdomen_195248"": {""quality"": 0.952457, ""detected"": 102, ""retained"": 10, ""detailRatio"": 0.017386}}"
0.6,10.0,2,6,0,0.872563226147355,0.9395592315781816,"{""chairback_192603"": {""quality"": 0.95337, ""detected"": 100, ""retained"": 10, ""detailRatio"": 0.027018}, ""chairback_155119"": {""quality"": 0.955431, ""detected"": 223, ""retained"": 10, ""detailRatio"": 0.045426}, ""chest_175614"": {""quality"": 0.939559, ""detected"": 163, ""retained"": 10, ""detailRatio"": 0.06031}, ""abdomen_195248"": {""quality"": 0.942464, ""detected"": 103, ""retained"": 10, ""detailRatio"": 0.036039}}"
0.6,6.0,2,6,0,0.8724714154371256,0.9489951709201655,"{""chairback_192603"": {""quality"": 0.957117, ""detected"": 99, ""retained"": 10, ""detailRatio"": 0.014898}, ""chairback_155119"": {""quality"": 0.963068, ""detected"": 219, ""retained"": 10, ""detailRatio"": 0.024697}, ""chest_175614"": {""quality"": 0.948995, ""detected"": 158, ""retained"": 10, ""detailRatio"": 0.032235}, ""abdomen_195248"": {""quality"": 0.952457, ""detected"": 102, ""retained"": 10, ""detailRatio"": 0.017386}}"
0.8,6.0,2,4,0,0.8724686280674862,0.9421363168334482,"{""chairback_192603"": {""quality"": 0.956176, ""detected"": 102, ""retained"": 10, ""detailRatio"": 0.01801}, ""chairback_155119"": {""quality"": 0.96434, ""detected"": 222, ""retained"": 10, ""detailRatio"": 0.031765}, ""chest_175614"": {""quality"": 0.942136, ""detected"": 162, ""retained"": 10, ""detailRatio"": 0.039214}, ""abdomen_195248"": {""quality"": 0.945975, ""detected"": 103, ""retained"": 10, ""detailRatio"": 0.024673}}"
0.6,8.0,2,4,0,0.8722035019456866,0.9436464261671828,"{""chairback_192603"": {""quality"": 0.951337, ""detected"": 99, ""retained"": 10, ""detailRatio"": 0.023226}, ""chairback_155119"": {""quality"": 0.959074, ""detected"": 224, ""retained"": 10, ""detailRatio"": 0.038804}, ""chest_175614"": {""quality"": 0.943646, ""detected"": 162, ""retained"": 10, ""detailRatio"": 0.05172}, ""abdomen_195248"": {""quality"": 0.948535, ""detected"": 102, ""retained"": 10, ""detailRatio"": 0.029135}}"
0.6,8.0,3,2,5,0.872200600764609,0.9424319015249709,"{""chairback_192603"": {""quality"": 0.942432, ""detected"": 98, ""retained"": 10, ""detailRatio"": 0.024132}, ""chairback_155119"": {""quality"": 0.965664, ""detected"": 225, ""retained"": 10, ""detailRatio"": 0.039579}, ""chest_175614"": {""quality"": 0.949525, ""detected"": 161, ""retained"": 10, ""detailRatio"": 0.053895}, ""abdomen_195248"": {""quality"": 0.94885, ""detected"": 99, ""retained"": 10, ""detailRatio"": 0.029055}}"
0.6,8.0,3,2,0,0.8721844685265461,0.9423620783097697,"{""chairback_192603"": {""quality"": 0.942362, ""detected"": 98, ""retained"": 10, ""detailRatio"": 0.024132}, ""chairback_155119"": {""quality"": 0.96554, ""detected"": 225, ""retained"": 10, ""detailRatio"": 0.039579}, ""chest_175614"": {""quality"": 0.949872, ""detected"": 161, ""retained"": 10, ""detailRatio"": 0.053895}, ""abdomen_195248"": {""quality"": 0.948599, ""detected"": 99, ""retained"": 10, ""detailRatio"": 0.029055}}"
0.6,8.0,3,4,0,0.8721422731770844,0.9421093229505644,"{""chairback_192603"": {""quality"": 0.946376, ""detected"": 98, ""retained"": 10, ""detailRatio"": 0.024132}, ""chairback_155119"": {""quality"": 0.96554, ""detected"": 225, ""retained"": 10, ""detailRatio"": 0.039579}, ""chest_175614"": {""quality"": 0.942109, ""detected"": 161, ""retained"": 10, ""detailRatio"": 0.053895}, ""abdomen_195248"": {""quality"": 0.947529, ""detected"": 99, ""retained"": 10, ""detailRatio"": 0.029055}}"
0.6,6.0,2,4,5,0.8719630102378254,0.9522124921770582,"{""chairback_192603"": {""quality"": 0.957677, ""detected"": 99, ""retained"": 10, ""detailRatio"": 0.014898}, ""chairback_155119"": {""quality"": 0.956174, ""detected"": 219, ""retained"": 10, ""detailRatio"": 0.024697}, ""chest_175614"": {""quality"": 0.955079, ""detected"": 158, ""retained"": 10, ""detailRatio"": 0.032235}, ""abdomen_195248"": {""quality"": 0.952212, ""detected"": 102, ""retained"": 10, ""detailRatio"": 0.017386}}"
0.6,10.0,2,2,0,0.871899323771521,0.9363557205261743,"{""chairback_192603"": {""quality"": 0.95337, ""detected"": 100, ""retained"": 10, ""detailRatio"": 0.027018}, ""chairback_155119"": {""quality"": 0.955431, ""detected"": 223, ""retained"": 10, ""detailRatio"": 0.045426}, ""chest_175614"": {""quality"": 0.936356, ""detected"": 163, ""retained"": 10, ""detailRatio"": 0.06031}, ""abdomen_195248"": {""quality"": 0.94036, ""detected"": 103, ""retained"": 10, ""detailRatio"": 0.036039}}"
0.6,6.0,3,2,5,0.8713993076993725,0.9387820118787726,"{""chairback_192603"": {""quality"": 0.956579, ""detected"": 98, ""retained"": 10, ""detailRatio"": 0.016633}, ""chairback_155119"": {""quality"": 0.958895, ""detected"": 219, ""retained"": 10, ""detailRatio"": 0.027162}, ""chest_175614"": {""quality"": 0.952116, ""detected"": 158, ""retained"": 10, ""detailRatio"": 0.03591}, ""abdomen_195248"": {""quality"": 0.938782, ""detected"": 98, ""retained"": 10, ""detailRatio"": 0.018522}}"
1.0,6.0,2,6,0,0.8712123377120129,0.9455757756703257,"{""chairback_192603"": {""quality"": 0.948049, ""detected"": 100, ""retained"": 10, ""detailRatio"": 0.023643}, ""chairback_155119"": {""quality"": 0.947952, ""detected"": 229, ""retained"": 10, ""detailRatio"": 0.042882}, ""chest_175614"": {""quality"": 0.959146, ""detected"": 159, ""retained"": 10, ""detailRatio"": 0.049673}, ""abdomen_195248"": {""quality"": 0.945576, ""detected"": 103, ""retained"": 10, ""detailRatio"": 0.035092}}"
0.6,6.0,3,2,0,0.8707740056905785,0.9496438310795907,"{""chairback_192603"": {""quality"": 0.954676, ""detected"": 98, ""retained"": 10, ""detailRatio"": 0.016633}, ""chairback_155119"": {""quality"": 0.95573, ""detected"": 219, ""retained"": 10, ""detailRatio"": 0.027162}, ""chest_175614"": {""quality"": 0.95123, ""detected"": 158, ""retained"": 10, ""detailRatio"": 0.03591}, ""abdomen_195248"": {""quality"": 0.949644, ""detected"": 98, ""retained"": 10, ""detailRatio"": 0.018522}}"
0.6,12.0,3,6,5,0.8703379402930203,0.9385530714978494,"{""chairback_192603"": {""quality"": 0.938553, ""detected"": 98, ""retained"": 10, ""detailRatio"": 0.027845}, ""chairback_155119"": {""quality"": 0.959547, ""detected"": 223, ""retained"": 10, ""detailRatio"": 0.046668}, ""chest_175614"": {""quality"": 0.94794, ""detected"": 159, ""retained"": 10, ""detailRatio"": 0.062052}, ""abdomen_195248"": {""quality"": 0.939458, ""detected"": 99, ""retained"": 10, ""detailRatio"": 0.038174}}"
0.8,12.0,3,2,0,0.8702402173007152,0.9181038055164018,"{""chairback_192603"": {""quality"": 0.944484, ""detected"": 101, ""retained"": 10, ""detailRatio"": 0.032118}, ""chairback_155119"": {""quality"": 0.953585, ""detected"": 230, ""retained"": 10, ""detailRatio"": 0.05776}, ""chest_175614"": {""quality"": 0.939196, ""detected"": 160, ""retained"": 10, ""detailRatio"": 0.072683}, ""abdomen_195248"": {""quality"": 0.918104, ""detected"": 101, ""retained"": 10, ""detailRatio"": 0.05323}}"
0.6,12.0,3,4,5,0.8699220100346168,0.9341260602188582,"{""chairback_192603"": {""quality"": 0.938553, ""detected"": 98, ""retained"": 10, ""detailRatio"": 0.027845}, ""chairback_155119"": {""quality"": 0.959547, ""detected"": 223, ""retained"": 10, ""detailRatio"": 0.046668}, ""chest_175614"": {""quality"": 0.94794, ""detected"": 159, ""retained"": 10, ""detailRatio"": 0.062052}, ""abdomen_195248"": {""quality"": 0.934126, ""detected"": 99, ""retained"": 10, ""detailRatio"": 0.038174}}"
0.6,10.0,3,2,5,0.8698770488672426,0.9392012042555722,"{""chairback_192603"": {""quality"": 0.939201, ""detected"": 98, ""retained"": 10, ""detailRatio"": 0.026711}, ""chairback_155119"": {""quality"": 0.959497, ""detected"": 223, ""retained"": 10, ""detailRatio"": 0.044131}, ""chest_175614"": {""quality"": 0.945449, ""detected"": 159, ""retained"": 10, ""detailRatio"": 0.05957}, ""abdomen_195248"": {""quality"": 0.943688, ""detected"": 99, ""retained"": 10, ""detailRatio"": 0.03454}}"
0.6,10.0,3,2,0,0.8698747770743056,0.9384325692266484,"{""chairback_192603"": {""quality"": 0.938433, ""detected"": 98, ""retained"": 10, ""detailRatio"": 0.026711}, ""chairback_155119"": {""quality"": 0.96039, ""detected"": 223, ""retained"": 10, ""detailRatio"": 0.044131}, ""chest_175614"": {""quality"": 0.945695, ""detected"": 159, ""retained"": 10, ""detailRatio"": 0.05957}, ""abdomen_195248"": {""quality"": 0.943563, ""detected"": 99, ""retained"": 10, ""detailRatio"": 0.03454}}"
0.8,8.0,2,4,5,0.8698202394893202,0.9315060146796477,"{""chairback_192603"": {""quality"": 0.943925, ""detected"": 101, ""retained"": 10, ""detailRatio"": 0.027897}, ""chairback_155119"": {""quality"": 0.957869, ""detected"": 226, ""retained"": 10, ""detailRatio"": 0.049201}, ""chest_175614"": {""quality"": 0.938453, ""detected"": 162, ""retained"": 10, ""detailRatio"": 0.06223}, ""abdomen_195248"": {""quality"": 0.931506, ""detected"": 105, ""retained"": 10, ""detailRatio"": 0.040485}}"
0.8,8.0,2,6,5,0.8698202394893202,0.9315060146796477,"{""chairback_192603"": {""quality"": 0.943925, ""detected"": 101, ""retained"": 10, ""detailRatio"": 0.027897}, ""chairback_155119"": {""quality"": 0.957869, ""detected"": 226, ""retained"": 10, ""detailRatio"": 0.049201}, ""chest_175614"": {""quality"": 0.938453, ""detected"": 162, ""retained"": 10, ""detailRatio"": 0.06223}, ""abdomen_195248"": {""quality"": 0.931506, ""detected"": 105, ""retained"": 10, ""detailRatio"": 0.040485}}"
0.6,12.0,3,6,0,0.8694584486683028,0.9340210347479624,"{""chairback_192603"": {""quality"": 0.934021, ""detected"": 98, ""retained"": 10, ""detailRatio"": 0.027845}, ""chairback_155119"": {""quality"": 0.962556, ""detected"": 223, ""retained"": 10, ""detailRatio"": 0.046668}, ""chest_175614"": {""quality"": 0.947073, ""detected"": 159, ""retained"": 10, ""detailRatio"": 0.062052}, ""abdomen_195248"": {""quality"": 0.93902, ""detected"": 99, ""retained"": 10, ""detailRatio"": 0.038174}}"
0.8,10.0,2,2,5,0.8694358402380437,0.9223100343918824,"{""chairback_192603"": {""quality"": 0.936996, ""detected"": 102, ""retained"": 10, ""detailRatio"": 0.032271}, ""chairback_155119"": {""quality"": 0.958194, ""detected"": 230, ""retained"": 10, ""detailRatio"": 0.057042}, ""chest_175614"": {""quality"": 0.941283, ""detected"": 163, ""retained"": 10, ""detailRatio"": 0.071874}, ""abdomen_195248"": {""quality"": 0.92231, ""detected"": 104, ""retained"": 10, ""detailRatio"": 0.049379}}"
0.6,12.0,3,2,0,0.869311218245971,0.9349646712860569,"{""chairback_192603"": {""quality"": 0.936361, ""detected"": 98, ""retained"": 10, ""detailRatio"": 0.027845}, ""chairback_155119"": {""quality"": 0.962556, ""detected"": 223, ""retained"": 10, ""detailRatio"": 0.046668}, ""chest_175614"": {""quality"": 0.943476, ""detected"": 159, ""retained"": 10, ""detailRatio"": 0.062052}, ""abdomen_195248"": {""quality"": 0.934965, ""detected"": 99, ""retained"": 10, ""detailRatio"": 0.038174}}"
0.6,12.0,3,4,0,0.8691421391206786,0.9340210347479624,"{""chairback_192603"": {""quality"": 0.934021, ""detected"": 98, ""retained"": 10, ""detailRatio"": 0.027845}, ""chairback_155119"": {""quality"": 0.962556, ""detected"": 223, ""retained"": 10, ""detailRatio"": 0.046668}, ""chest_175614"": {""quality"": 0.947073, ""detected"": 159, ""retained"": 10, ""detailRatio"": 0.062052}, ""abdomen_195248"": {""quality"": 0.934965, ""detected"": 99, ""retained"": 10, ""detailRatio"": 0.038174}}"
0.8,12.0,3,2,5,0.8691038907163818,0.918060076435059,"{""chairback_192603"": {""quality"": 0.939392, ""detected"": 101, ""retained"": 10, ""detailRatio"": 0.032118}, ""chairback_155119"": {""quality"": 0.953839, ""detected"": 230, ""retained"": 10, ""detailRatio"": 0.05776}, ""chest_175614"": {""quality"": 0.941737, ""detected"": 160, ""retained"": 10, ""detailRatio"": 0.072683}, ""abdomen_195248"": {""quality"": 0.91806, ""detected"": 101, ""retained"": 10, ""detailRatio"": 0.05323}}"
0.6,10.0,2,4,0,0.8690620310877571,0.9395592315781816,"{""chairback_192603"": {""quality"": 0.942675, ""detected"": 100, ""retained"": 10, ""detailRatio"": 0.027018}, ""chairback_155119"": {""quality"": 0.955431, ""detected"": 223, ""retained"": 10, ""detailRatio"": 0.045426}, ""chest_175614"": {""quality"": 0.939559, ""detected"": 163, ""retained"": 10, ""detailRatio"": 0.06031}, ""abdomen_195248"": {""quality"": 0.94036, ""detected"": 103, ""retained"": 10, ""detailRatio"": 0.036039}}"
0.6,12.0,2,4,5,0.8688084937799169,0.9324750444983726,"{""chairback_192603"": {""quality"": 0.942263, ""detected"": 99, ""retained"": 10, ""detailRatio"": 0.028831}, ""chairback_155119"": {""quality"": 0.958125, ""detected"": 225, ""retained"": 10, ""detailRatio"": 0.048954}, ""chest_175614"": {""quality"": 0.932475, ""detected"": 164, ""retained"": 10, ""detailRatio"": 0.064287}, ""abdomen_195248"": {""quality"": 0.933772, ""detected"": 102, ""retained"": 10, ""detailRatio"": 0.040466}}"
0.6,12.0,2,6,5,0.8688084937799169,0.9324750444983726,"{""chairback_192603"": {""quality"": 0.942263, ""detected"": 99, ""retained"": 10, ""detailRatio"": 0.028831}, ""chairback_155119"": {""quality"": 0.958125, ""detected"": 225, ""retained"": 10, ""detailRatio"": 0.048954}, ""chest_175614"": {""quality"": 0.932475, ""detected"": 164, ""retained"": 10, ""detailRatio"": 0.064287}, ""abdomen_195248"": {""quality"": 0.933772, ""detected"": 102, ""retained"": 10, ""detailRatio"": 0.040466}}"
0.6,10.0,3,4,5,0.8687988670122686,0.9351863731086842,"{""chairback_192603"": {""quality"": 0.935186, ""detected"": 98, ""retained"": 10, ""detailRatio"": 0.026711}, ""chairback_155119"": {""quality"": 0.959497, ""detected"": 223, ""retained"": 10, ""detailRatio"": 0.044131}, ""chest_175614"": {""quality"": 0.946529, ""detected"": 159, ""retained"": 10, ""detailRatio"": 0.05957}, ""abdomen_195248"": {""quality"": 0.943764, ""detected"": 99, ""retained"": 10, ""detailRatio"": 0.03454}}"
0.6,10.0,3,6,5,0.8687988670122686,0.9351863731086842,"{""chairback_192603"": {""quality"": 0.935186, ""detected"": 98, ""retained"": 10, ""detailRatio"": 0.026711}, ""chairback_155119"": {""quality"": 0.959497, ""detected"": 223, ""retained"": 10, ""detailRatio"": 0.044131}, ""chest_175614"": {""quality"": 0.946529, ""detected"": 159, ""retained"": 10, ""detailRatio"": 0.05957}, ""abdomen_195248"": {""quality"": 0.943764, ""detected"": 99, ""retained"": 10, ""detailRatio"": 0.03454}}"
0.6,10.0,3,4,0,0.8687339472956177,0.9350846865838145,"{""chairback_192603"": {""quality"": 0.935085, ""detected"": 98, ""retained"": 10, ""detailRatio"": 0.026711}, ""chairback_155119"": {""quality"": 0.96039, ""detected"": 223, ""retained"": 10, ""detailRatio"": 0.044131}, ""chest_175614"": {""quality"": 0.946076, ""detected"": 159, ""retained"": 10, ""detailRatio"": 0.05957}, ""abdomen_195248"": {""quality"": 0.941566, ""detected"": 99, ""retained"": 10, ""detailRatio"": 0.03454}}"
0.6,10.0,3,6,0,0.8687339472956177,0.9350846865838145,"{""chairback_192603"": {""quality"": 0.935085, ""detected"": 98, ""retained"": 10, ""detailRatio"": 0.026711}, ""chairback_155119"": {""quality"": 0.96039, ""detected"": 223, ""retained"": 10, ""detailRatio"": 0.044131}, ""chest_175614"": {""quality"": 0.946076, ""detected"": 159, ""retained"": 10, ""detailRatio"": 0.05957}, ""abdomen_195248"": {""quality"": 0.941566, ""detected"": 99, ""retained"": 10, ""detailRatio"": 0.03454}}"
0.6,10.0,2,6,5,0.8685942896036857,0.9397292510535389,"{""chairback_192603"": {""quality"": 0.939729, ""detected"": 100, ""retained"": 10, ""detailRatio"": 0.027018}, ""chairback_155119"": {""quality"": 0.954031, ""detected"": 223, ""retained"": 10, ""detailRatio"": 0.045426}, ""chest_175614"": {""quality"": 0.943958, ""detected"": 163, ""retained"": 10, ""detailRatio"": 0.06031}, ""abdomen_195248"": {""quality"": 0.941549, ""detected"": 103, ""retained"": 10, ""detailRatio"": 0.036039}}"
0.8,8.0,3,4,5,0.868329149138582,0.9356123291635977,"{""chairback_192603"": {""quality"": 0.949593, ""detected"": 101, ""retained"": 10, ""detailRatio"": 0.027816}, ""chairback_155119"": {""quality"": 0.941884, ""detected"": 233, ""retained"": 10, ""detailRatio"": 0.049182}, ""chest_175614"": {""quality"": 0.938997, ""detected"": 162, ""retained"": 10, ""detailRatio"": 0.063482}, ""abdomen_195248"": {""quality"": 0.935612, ""detected"": 102, ""retained"": 10, ""detailRatio"": 0.041012}}"
0.8,10.0,2,2,0,0.868324431303209,0.9172856012426084,"{""chairback_192603"": {""quality"": 0.940068, ""detected"": 102, ""retained"": 10, ""detailRatio"": 0.032271}, ""chairback_155119"": {""quality"": 0.955276, ""detected"": 230, ""retained"": 10, ""detailRatio"": 0.057042}, ""chest_175614"": {""quality"": 0.934903, ""detected"": 163, ""retained"": 10, ""detailRatio"": 0.071874}, ""abdomen_195248"": {""quality"": 0.917286, ""detected"": 104, ""retained"": 10, ""detailRatio"": 0.049379}}"
0.6,10.0,2,2,5,0.8679928356731317,0.9397292510535389,"{""chairback_192603"": {""quality"": 0.939729, ""detected"": 100, ""retained"": 10, ""detailRatio"": 0.027018}, ""chairback_155119"": {""quality"": 0.954031, ""detected"": 223, ""retained"": 10, ""detailRatio"": 0.045426}, ""chest_175614"": {""quality"": 0.940977, ""detected"": 163, ""retained"": 10, ""detailRatio"": 0.06031}, ""abdomen_195248"": {""quality"": 0.9398, ""detected"": 103, ""retained"": 10, ""detailRatio"": 0.036039}}"
0.8,6.0,3,4,5,0.867955460634975,0.9372508792100493,"{""chairback_192603"": {""quality"": 0.937251, ""detected"": 100, ""retained"": 10, ""detailRatio"": 0.019366}, ""chairback_155119"": {""quality"": 0.96265, ""detected"": 227, ""retained"": 10, ""detailRatio"": 0.034288}, ""chest_175614"": {""quality"": 0.951729, ""detected"": 161, ""retained"": 10, ""detailRatio"": 0.043003}, ""abdomen_195248"": {""quality"": 0.941412, ""detected"": 103, ""retained"": 10, ""detailRatio"": 0.026728}}"
0.6,10.0,2,4,5,0.8678496238902562,0.937779746214488,"{""chairback_192603"": {""quality"": 0.93778, ""detected"": 100, ""retained"": 10, ""detailRatio"": 0.027018}, ""chairback_155119"": {""quality"": 0.954031, ""detected"": 223, ""retained"": 10, ""detailRatio"": 0.045426}, ""chest_175614"": {""quality"": 0.943958, ""detected"": 163, ""retained"": 10, ""detailRatio"": 0.06031}, ""abdomen_195248"": {""quality"": 0.9398, ""detected"": 103, ""retained"": 10, ""detailRatio"": 0.036039}}"
0.8,8.0,3,2,5,0.8678079481644787,0.933743463490256,"{""chairback_192603"": {""quality"": 0.94839, ""detected"": 101, ""retained"": 10, ""detailRatio"": 0.027816}, ""chairback_155119"": {""quality"": 0.941884, ""detected"": 233, ""retained"": 10, ""detailRatio"": 0.049182}, ""chest_175614"": {""quality"": 0.938997, ""detected"": 162, ""retained"": 10, ""detailRatio"": 0.063482}, ""abdomen_195248"": {""quality"": 0.933743, ""detected"": 102, ""retained"": 10, ""detailRatio"": 0.041012}}"
1.0,6.0,2,4,0,0.8677141071973543,0.9353015784330969,"{""chairback_192603"": {""quality"": 0.935302, ""detected"": 100, ""retained"": 10, ""detailRatio"": 0.023643}, ""chairback_155119"": {""quality"": 0.947952, ""detected"": 229, ""retained"": 10, ""detailRatio"": 0.042882}, ""chest_175614"": {""quality"": 0.957617, ""detected"": 159, ""retained"": 10, ""detailRatio"": 0.049673}, ""abdomen_195248"": {""quality"": 0.954774, ""detected"": 103, ""retained"": 10, ""detailRatio"": 0.035092}}"
0.8,6.0,3,6,5,0.8675636456956137,0.9363885005963374,"{""chairback_192603"": {""quality"": 0.937251, ""detected"": 100, ""retained"": 10, ""detailRatio"": 0.019366}, ""chairback_155119"": {""quality"": 0.96265, ""detected"": 227, ""retained"": 10, ""detailRatio"": 0.034288}, ""chest_175614"": {""quality"": 0.951729, ""detected"": 161, ""retained"": 10, ""detailRatio"": 0.043003}, ""abdomen_195248"": {""quality"": 0.936389, ""detected"": 103, ""retained"": 10, ""detailRatio"": 0.026728}}"
0.8,8.0,3,6,5,0.8675618339984087,0.9349821658204776,"{""chairback_192603"": {""quality"": 0.949593, ""detected"": 101, ""retained"": 10, ""detailRatio"": 0.027816}, ""chairback_155119"": {""quality"": 0.938815, ""detected"": 233, ""retained"": 10, ""detailRatio"": 0.049182}, ""chest_175614"": {""quality"": 0.938997, ""detected"": 162, ""retained"": 10, ""detailRatio"": 0.063482}, ""abdomen_195248"": {""quality"": 0.934982, ""detected"": 102, ""retained"": 10, ""detailRatio"": 0.041012}}"
0.8,10.0,2,6,5,0.8675049274507225,0.9264956357483893,"{""chairback_192603"": {""quality"": 0.936423, ""detected"": 102, ""retained"": 10, ""detailRatio"": 0.032271}, ""chairback_155119"": {""quality"": 0.950043, ""detected"": 230, ""retained"": 10, ""detailRatio"": 0.057042}, ""chest_175614"": {""quality"": 0.940185, ""detected"": 163, ""retained"": 10, ""detailRatio"": 0.071874}, ""abdomen_195248"": {""quality"": 0.926496, ""detected"": 104, ""retained"": 10, ""detailRatio"": 0.049379}}"
0.8,8.0,2,2,5,0.867176806974696,0.9327687559809429,"{""chairback_192603"": {""quality"": 0.932769, ""detected"": 101, ""retained"": 10, ""detailRatio"": 0.027897}, ""chairback_155119"": {""quality"": 0.957869, ""detected"": 226, ""retained"": 10, ""detailRatio"": 0.049201}, ""chest_175614"": {""quality"": 0.938453, ""detected"": 162, ""retained"": 10, ""detailRatio"": 0.06223}, ""abdomen_195248"": {""quality"": 0.942241, ""detected"": 105, ""retained"": 10, ""detailRatio"": 0.040485}}"
0.6,12.0,3,2,5,0.8670062406033944,0.9312841021358716,"{""chairback_192603"": {""quality"": 0.937536, ""detected"": 98, ""retained"": 10, ""detailRatio"": 0.027845}, ""chairback_155119"": {""quality"": 0.959547, ""detected"": 223, ""retained"": 10, ""detailRatio"": 0.046668}, ""chest_175614"": {""quality"": 0.931284, ""detected"": 159, ""retained"": 10, ""detailRatio"": 0.062052}, ""abdomen_195248"": {""quality"": 0.934126, ""detected"": 99, ""retained"": 10, ""detailRatio"": 0.038174}}"
0.8,8.0,3,4,0,0.866638678256906,0.9272969991991661,"{""chairback_192603"": {""quality"": 0.948499, ""detected"": 101, ""retained"": 10, ""detailRatio"": 0.027816}, ""chairback_155119"": {""quality"": 0.938909, ""detected"": 233, ""retained"": 10, ""detailRatio"": 0.049182}, ""chest_175614"": {""quality"": 0.938969, ""detected"": 162, ""retained"": 10, ""detailRatio"": 0.063482}, ""abdomen_195248"": {""quality"": 0.927297, ""detected"": 102, ""retained"": 10, ""detailRatio"": 0.041012}}"
0.8,8.0,3,6,0,0.86650029737031,0.9336810808659832,"{""chairback_192603"": {""quality"": 0.948499, ""detected"": 101, ""retained"": 10, ""detailRatio"": 0.027816}, ""chairback_155119"": {""quality"": 0.936189, ""detected"": 233, ""retained"": 10, ""detailRatio"": 0.049182}, ""chest_175614"": {""quality"": 0.938969, ""detected"": 162, ""retained"": 10, ""detailRatio"": 0.063482}, ""abdomen_195248"": {""quality"": 0.933681, ""detected"": 102, ""retained"": 10, ""detailRatio"": 0.041012}}"
0.8,8.0,3,2,0,0.8664327387042796,0.9309093050437325,"{""chairback_192603"": {""quality"": 0.946936, ""detected"": 101, ""retained"": 10, ""detailRatio"": 0.027816}, ""chairback_155119"": {""quality"": 0.938909, ""detected"": 233, ""retained"": 10, ""detailRatio"": 0.049182}, ""chest_175614"": {""quality"": 0.938969, ""detected"": 162, ""retained"": 10, ""detailRatio"": 0.063482}, ""abdomen_195248"": {""quality"": 0.930909, ""detected"": 102, ""retained"": 10, ""detailRatio"": 0.041012}}"
0.8,10.0,3,4,5,0.8661911038407811,0.9278422337802852,"{""chairback_192603"": {""quality"": 0.940963, ""detected"": 101, ""retained"": 10, ""detailRatio"": 0.030749}, ""chairback_155119"": {""quality"": 0.942785, ""detected"": 231, ""retained"": 10, ""detailRatio"": 0.05461}, ""chest_175614"": {""quality"": 0.936303, ""detected"": 160, ""retained"": 10, ""detailRatio"": 0.069791}, ""abdomen_195248"": {""quality"": 0.927842, ""detected"": 102, ""retained"": 10, ""detailRatio"": 0.048338}}"
0.8,6.0,3,4,0,0.8661216468931435,0.932675162803184,"{""chairback_192603"": {""quality"": 0.932675, ""detected"": 100, ""retained"": 10, ""detailRatio"": 0.019366}, ""chairback_155119"": {""quality"": 0.96208, ""detected"": 227, ""retained"": 10, ""detailRatio"": 0.034288}, ""chest_175614"": {""quality"": 0.952526, ""detected"": 161, ""retained"": 10, ""detailRatio"": 0.043003}, ""abdomen_195248"": {""quality"": 0.936322, ""detected"": 103, ""retained"": 10, ""detailRatio"": 0.026728}}"
0.6,12.0,2,4,0,0.8660640317143823,0.927423940132216,"{""chairback_192603"": {""quality"": 0.939738, ""detected"": 99, ""retained"": 10, ""detailRatio"": 0.028831}, ""chairback_155119"": {""quality"": 0.953219, ""detected"": 225, ""retained"": 10, ""detailRatio"": 0.048954}, ""chest_175614"": {""quality"": 0.927424, ""detected"": 164, ""retained"": 10, ""detailRatio"": 0.064287}, ""abdomen_195248"": {""quality"": 0.933509, ""detected"": 102, ""retained"": 10, ""detailRatio"": 0.040466}}"
0.6,12.0,2,6,0,0.8660640317143823,0.927423940132216,"{""chairback_192603"": {""quality"": 0.939738, ""detected"": 99, ""retained"": 10, ""detailRatio"": 0.028831}, ""chairback_155119"": {""quality"": 0.953219, ""detected"": 225, ""retained"": 10, ""detailRatio"": 0.048954}, ""chest_175614"": {""quality"": 0.927424, ""detected"": 164, ""retained"": 10, ""detailRatio"": 0.064287}, ""abdomen_195248"": {""quality"": 0.933509, ""detected"": 102, ""retained"": 10, ""detailRatio"": 0.040466}}"
0.8,6.0,3,6,0,0.8658292983298689,0.9325738069486595,"{""chairback_192603"": {""quality"": 0.932675, ""detected"": 100, ""retained"": 10, ""detailRatio"": 0.019366}, ""chairback_155119"": {""quality"": 0.96208, ""detected"": 227, ""retained"": 10, ""detailRatio"": 0.034288}, ""chest_175614"": {""quality"": 0.952526, ""detected"": 161, ""retained"": 10, ""detailRatio"": 0.043003}, ""abdomen_195248"": {""quality"": 0.932574, ""detected"": 103, ""retained"": 10, ""detailRatio"": 0.026728}}"
0.8,10.0,2,4,5,0.8656062196248453,0.927500622108384,"{""chairback_192603"": {""quality"": 0.9296, ""detected"": 102, ""retained"": 10, ""detailRatio"": 0.032271}, ""chairback_155119"": {""quality"": 0.950043, ""detected"": 230, ""retained"": 10, ""detailRatio"": 0.057042}, ""chest_175614"": {""quality"": 0.941157, ""detected"": 163, ""retained"": 10, ""detailRatio"": 0.071874}, ""abdomen_195248"": {""quality"": 0.927501, ""detected"": 104, ""retained"": 10, ""detailRatio"": 0.049379}}"
0.8,12.0,3,6,0,0.8653931470286923,0.9181038055164018,"{""chairback_192603"": {""quality"": 0.943087, ""detected"": 101, ""retained"": 10, ""detailRatio"": 0.032118}, ""chairback_155119"": {""quality"": 0.93554, ""detected"": 230, ""retained"": 10, ""detailRatio"": 0.05776}, ""chest_175614"": {""quality"": 0.937987, ""detected"": 160, ""retained"": 10, ""detailRatio"": 0.072683}, ""abdomen_195248"": {""quality"": 0.918104, ""detected"": 101, ""retained"": 10, ""detailRatio"": 0.05323}}"
0.8,10.0,2,6,0,0.8653312937456179,0.919834461790987,"{""chairback_192603"": {""quality"": 0.93284, ""detected"": 102, ""retained"": 10, ""detailRatio"": 0.032271}, ""chairback_155119"": {""quality"": 0.951109, ""detected"": 230, ""retained"": 10, ""detailRatio"": 0.057042}, ""chest_175614"": {""quality"": 0.935148, ""detected"": 163, ""retained"": 10, ""detailRatio"": 0.071874}, ""abdomen_195248"": {""quality"": 0.919834, ""detected"": 104, ""retained"": 10, ""detailRatio"": 0.049379}}"
0.8,12.0,3,4,0,0.8649754878031302,0.9181038055164018,"{""chairback_192603"": {""quality"": 0.943087, ""detected"": 101, ""retained"": 10, ""detailRatio"": 0.032118}, ""chairback_155119"": {""quality"": 0.93554, ""detected"": 230, ""retained"": 10, ""detailRatio"": 0.05776}, ""chest_175614"": {""quality"": 0.93531, ""detected"": 160, ""retained"": 10, ""detailRatio"": 0.072683}, ""abdomen_195248"": {""quality"": 0.918104, ""detected"": 101, ""retained"": 10, ""detailRatio"": 0.05323}}"
0.8,10.0,3,4,0,0.8649746012412926,0.9317491641964798,"{""chairback_192603"": {""quality"": 0.937609, ""detected"": 101, ""retained"": 10, ""detailRatio"": 0.030749}, ""chairback_155119"": {""quality"": 0.940666, ""detected"": 231, ""retained"": 10, ""detailRatio"": 0.05461}, ""chest_175614"": {""quality"": 0.936435, ""detected"": 160, ""retained"": 10, ""detailRatio"": 0.069791}, ""abdomen_195248"": {""quality"": 0.931749, ""detected"": 102, ""retained"": 10, ""detailRatio"": 0.048338}}"
0.8,12.0,3,6,5,0.8647535984143232,0.918060076435059,"{""chairback_192603"": {""quality"": 0.939646, ""detected"": 101, ""retained"": 10, ""detailRatio"": 0.032118}, ""chairback_155119"": {""quality"": 0.936941, ""detected"": 230, ""retained"": 10, ""detailRatio"": 0.05776}, ""chest_175614"": {""quality"": 0.938688, ""detected"": 160, ""retained"": 10, ""detailRatio"": 0.072683}, ""abdomen_195248"": {""quality"": 0.91806, ""detected"": 101, ""retained"": 10, ""detailRatio"": 0.05323}}"
0.8,12.0,3,4,5,0.8645836367485842,0.918060076435059,"{""chairback_192603"": {""quality"": 0.939646, ""detected"": 101, ""retained"": 10, ""detailRatio"": 0.032118}, ""chairback_155119"": {""quality"": 0.936941, ""detected"": 230, ""retained"": 10, ""detailRatio"": 0.05776}, ""chest_175614"": {""quality"": 0.937598, ""detected"": 160, ""retained"": 10, ""detailRatio"": 0.072683}, ""abdomen_195248"": {""quality"": 0.91806, ""detected"": 101, ""retained"": 10, ""detailRatio"": 0.05323}}"
0.8,12.0,2,2,5,0.8645524720332504,0.9245664989546841,"{""chairback_192603"": {""quality"": 0.930129, ""detected"": 102, ""retained"": 10, ""detailRatio"": 0.034398}, ""chairback_155119"": {""quality"": 0.940959, ""detected"": 230, ""retained"": 10, ""detailRatio"": 0.061259}, ""chest_175614"": {""quality"": 0.941886, ""detected"": 163, ""retained"": 10, ""detailRatio"": 0.076345}, ""abdomen_195248"": {""quality"": 0.924566, ""detected"": 104, ""retained"": 10, ""detailRatio"": 0.055049}}"
0.8,12.0,2,4,5,0.8643725746868794,0.9245664989546841,"{""chairback_192603"": {""quality"": 0.930129, ""detected"": 102, ""retained"": 10, ""detailRatio"": 0.034398}, ""chairback_155119"": {""quality"": 0.940959, ""detected"": 230, ""retained"": 10, ""detailRatio"": 0.061259}, ""chest_175614"": {""quality"": 0.940733, ""detected"": 163, ""retained"": 10, ""detailRatio"": 0.076345}, ""abdomen_195248"": {""quality"": 0.924566, ""detected"": 104, ""retained"": 10, ""detailRatio"": 0.055049}}"
0.8,12.0,2,6,5,0.8643725746868794,0.9245664989546841,"{""chairback_192603"": {""quality"": 0.930129, ""detected"": 102, ""retained"": 10, ""detailRatio"": 0.034398}, ""chairback_155119"": {""quality"": 0.940959, ""detected"": 230, ""retained"": 10, ""detailRatio"": 0.061259}, ""chest_175614"": {""quality"": 0.940733, ""detected"": 163, ""retained"": 10, ""detailRatio"": 0.076345}, ""abdomen_195248"": {""quality"": 0.924566, ""detected"": 104, ""retained"": 10, ""detailRatio"": 0.055049}}"
0.8,10.0,3,6,5,0.8641184580803034,0.9278422337802852,"{""chairback_192603"": {""quality"": 0.940963, ""detected"": 101, ""retained"": 10, ""detailRatio"": 0.030749}, ""chairback_155119"": {""quality"": 0.934753, ""detected"": 231, ""retained"": 10, ""detailRatio"": 0.05461}, ""chest_175614"": {""quality"": 0.935064, ""detected"": 160, ""retained"": 10, ""detailRatio"": 0.069791}, ""abdomen_195248"": {""quality"": 0.927842, ""detected"": 102, ""retained"": 10, ""detailRatio"": 0.048338}}"
0.8,10.0,2,4,0,0.8639246838502571,0.922096653910877,"{""chairback_192603"": {""quality"": 0.926743, ""detected"": 102, ""retained"": 10, ""detailRatio"": 0.032271}, ""chairback_155119"": {""quality"": 0.951109, ""detected"": 230, ""retained"": 10, ""detailRatio"": 0.057042}, ""chest_175614"": {""quality"": 0.937194, ""detected"": 163, ""retained"": 10, ""detailRatio"": 0.071874}, ""abdomen_195248"": {""quality"": 0.922097, ""detected"": 104, ""retained"": 10, ""detailRatio"": 0.049379}}"
0.8,12.0,2,2,0,0.8637193538532351,0.9258750363315483,"{""chairback_192603"": {""quality"": 0.925969, ""detected"": 102, ""retained"": 10, ""detailRatio"": 0.034398}, ""chairback_155119"": {""quality"": 0.940698, ""detected"": 230, ""retained"": 10, ""detailRatio"": 0.061259}, ""chest_175614"": {""quality"": 0.944604, ""detected"": 163, ""retained"": 10, ""detailRatio"": 0.076345}, ""abdomen_195248"": {""quality"": 0.925875, ""detected"": 104, ""retained"": 10, ""detailRatio"": 0.055049}}"
0.8,12.0,2,4,0,0.863249427843341,0.9258750363315483,"{""chairback_192603"": {""quality"": 0.925969, ""detected"": 102, ""retained"": 10, ""detailRatio"": 0.034398}, ""chairback_155119"": {""quality"": 0.940698, ""detected"": 230, ""retained"": 10, ""detailRatio"": 0.061259}, ""chest_175614"": {""quality"": 0.941591, ""detected"": 163, ""retained"": 10, ""detailRatio"": 0.076345}, ""abdomen_195248"": {""quality"": 0.925875, ""detected"": 104, ""retained"": 10, ""detailRatio"": 0.055049}}"
0.8,12.0,2,6,0,0.863249427843341,0.9258750363315483,"{""chairback_192603"": {""quality"": 0.925969, ""detected"": 102, ""retained"": 10, ""detailRatio"": 0.034398}, ""chairback_155119"": {""quality"": 0.940698, ""detected"": 230, ""retained"": 10, ""detailRatio"": 0.061259}, ""chest_175614"": {""quality"": 0.941591, ""detected"": 163, ""retained"": 10, ""detailRatio"": 0.076345}, ""abdomen_195248"": {""quality"": 0.925875, ""detected"": 104, ""retained"": 10, ""detailRatio"": 0.055049}}"
0.8,10.0,3,2,5,0.8626716034646501,0.9238006208970416,"{""chairback_192603"": {""quality"": 0.935364, ""detected"": 101, ""retained"": 10, ""detailRatio"": 0.030749}, ""chairback_155119"": {""quality"": 0.943045, ""detected"": 231, ""retained"": 10, ""detailRatio"": 0.05461}, ""chest_175614"": {""quality"": 0.926571, ""detected"": 160, ""retained"": 10, ""detailRatio"": 0.069791}, ""abdomen_195248"": {""quality"": 0.923801, ""detected"": 102, ""retained"": 10, ""detailRatio"": 0.048338}}"
0.8,10.0,3,6,0,0.8619475094752811,0.928789809051596,"{""chairback_192603"": {""quality"": 0.937609, ""detected"": 101, ""retained"": 10, ""detailRatio"": 0.030749}, ""chairback_155119"": {""quality"": 0.92879, ""detected"": 231, ""retained"": 10, ""detailRatio"": 0.05461}, ""chest_175614"": {""quality"": 0.934846, ""detected"": 160, ""retained"": 10, ""detailRatio"": 0.069791}, ""abdomen_195248"": {""quality"": 0.931749, ""detected"": 102, ""retained"": 10, ""detailRatio"": 0.048338}}"
0.8,10.0,3,2,0,0.8609362459107377,0.925020541110223,"{""chairback_192603"": {""quality"": 0.932347, ""detected"": 101, ""retained"": 10, ""detailRatio"": 0.030749}, ""chairback_155119"": {""quality"": 0.939838, ""detected"": 231, ""retained"": 10, ""detailRatio"": 0.05461}, ""chest_175614"": {""quality"": 0.925021, ""detected"": 160, ""retained"": 10, ""detailRatio"": 0.069791}, ""abdomen_195248"": {""quality"": 0.926341, ""detected"": 102, ""retained"": 10, ""detailRatio"": 0.048338}}"
